user_session,session_start,session_end,event_count,event_types,user_id,unique_products,unique_categories,unique_brands,total_cart_value,session_duration_minutes,view_count,cart_count,purchase_count,has_cart,has_purchase,has_view,converted_within_window,avg_price_per_item,view_to_cart_ratio,user_prev_purchases,user_prev_abandonments,user_prev_sessions,user_prev_carts,conversion_probability,nudge_tier
81f89939-cc69-45e0-af8c-93b46782cf40,2019-11-22 22:49:29+00:00,2019-11-22 22:49:29+00:00,1,['cart'],570069676,1,1,1,196.89,0.0,0,1,0,True,False,False,0,196.89,0.0,0,0,0,0,0.0,High Priority
675a79f8-5d21-4791-b654-3e89b8c86456,2019-11-22 23:10:00+00:00,2019-11-22 23:10:00+00:00,1,['cart'],574975721,1,1,1,73.88,0.0,0,1,0,True,False,False,0,73.88,0.0,0,0,0,0,0.0,High Priority
3583a80c-0454-4a83-b264-6f03c2b2afb7,2019-11-22 23:37:43+00:00,2019-11-22 23:37:43+00:00,1,['cart'],513131088,1,1,1,35.78,0.0,0,1,0,True,False,False,0,35.78,0.0,0,0,0,0,0.0,High Priority
cb766e00-fc7a-4641-a715-32089b57cc88,2019-11-23 01:11:32+00:00,2019-11-23 01:11:32+00:00,1,['cart'],526543300,1,1,1,69.73,0.0,0,1,0,True,False,False,0,69.73,0.0,0,0,0,0,0.0,High Priority
d09a8c52-cc3e-424e-93a7-8765edd8a89b,2019-11-23 01:13:52+00:00,2019-11-23 01:13:52+00:00,1,['cart'],518514099,1,1,1,385.82,0.0,0,1,0,True,False,False,0,385.82,0.0,0,3,3,3,0.0,High Priority
6097af54-c73e-4a65-9a69-824de35b3b70,2019-11-23 01:20:31+00:00,2019-11-23 01:20:31+00:00,1,['cart'],575202382,1,1,1,198.94,0.0,0,1,0,True,False,False,0,198.94,0.0,0,0,0,0,0.0,High Priority
82fae99b-b931-4c30-8f7f-e3ebd009c1a3,2019-11-23 01:35:23+00:00,2019-11-23 01:35:23+00:00,1,['cart'],575042919,1,1,1,42.99,0.0,0,1,0,True,False,False,0,42.99,0.0,0,0,0,0,0.0,High Priority
b7e67768-f597-4ca2-9bfa-15a19d00c5c4,2019-11-23 02:00:07+00:00,2019-11-23 02:00:07+00:00,1,['cart'],567662579,1,1,1,643.26,0.0,0,1,0,True,False,False,0,643.26,0.0,0,0,0,0,0.0,High Priority
4229e614-e8aa-453e-93c1-b35b3f6e206b,2019-11-23 02:13:05+00:00,2019-11-23 02:13:05+00:00,1,['cart'],519028661,1,1,1,613.27,0.0,0,1,0,True,False,False,0,613.27,0.0,0,0,0,0,0.0,High Priority
0e15ec65-3a5f-471a-b75c-c58ff7bba432,2019-11-23 02:13:14+00:00,2019-11-23 02:13:14+00:00,1,['cart'],571020818,1,1,1,390.07,0.0,0,1,0,True,False,False,0,390.07,0.0,0,0,0,0,0.0,High Priority
841c9dfa-3217-4625-a90a-e1dabec08da2,2019-11-23 02:19:13+00:00,2019-11-23 02:19:13+00:00,1,['cart'],521676940,1,1,1,126.36,0.0,0,1,0,True,False,False,0,126.36,0.0,0,0,0,0,0.0,High Priority
909bec32-ec6b-4576-8617-6722e853a051,2019-11-23 02:34:20+00:00,2019-11-23 02:34:20+00:00,1,['cart'],517106764,1,1,1,386.08,0.0,0,1,0,True,False,False,0,386.08,0.0,0,0,0,0,0.0,High Priority
71a76f48-8707-449e-a2f8-1c2e0db838ff,2019-11-23 02:38:44+00:00,2019-11-23 02:38:44+00:00,1,['cart'],512389269,1,1,1,47.69,0.0,0,1,0,True,False,False,0,47.69,0.0,0,0,0,0,0.0,High Priority
39e3d952-211a-47a4-96bc-ee022fb00dd5,2019-11-23 02:57:41+00:00,2019-11-23 02:57:41+00:00,1,['cart'],518607897,1,1,1,849.42,0.0,0,1,0,True,False,False,0,849.42,0.0,0,0,0,0,0.0,High Priority
dcc5ee48-372f-45da-99e8-3340760b5957,2019-11-23 03:04:46+00:00,2019-11-23 03:04:46+00:00,1,['cart'],531915979,1,1,1,180.16,0.0,0,1,0,True,False,False,0,180.16,0.0,0,0,0,0,0.0,High Priority
6e916c24-f9aa-48ec-badd-6df7df47bfa0,2019-11-23 03:13:25+00:00,2019-11-23 03:13:25+00:00,1,['cart'],538700452,1,1,1,223.92,0.0,0,1,0,True,False,False,0,223.92,0.0,0,0,0,0,0.0,High Priority
b26d4b23-85ce-417f-a256-e0573f82a86b,2019-11-23 03:15:10+00:00,2019-11-23 03:15:10+00:00,1,['cart'],556604870,1,1,1,169.99,0.0,0,1,0,True,False,False,0,169.99,0.0,0,0,0,0,0.0,High Priority
7af50be1-2590-464d-a7e4-32ef783b1ef5,2019-11-23 03:19:46+00:00,2019-11-23 03:19:46+00:00,1,['cart'],535839590,1,1,0,30.89,0.0,0,1,0,True,False,False,0,30.89,0.0,0,0,0,0,0.0,High Priority
1c20d319-7b56-465f-8fc7-01e73dea8315,2019-11-23 03:29:26+00:00,2019-11-23 03:29:26+00:00,1,['cart'],567310874,1,1,1,110.43,0.0,0,1,0,True,False,False,0,110.43,0.0,0,0,0,0,0.0,High Priority
db2aecac-138a-48b4-85e7-eae353a0c42a,2019-11-23 03:30:32+00:00,2019-11-23 03:30:32+00:00,1,['cart'],573464931,1,1,0,220.08,0.0,0,1,0,True,False,False,0,220.08,0.0,0,0,0,0,0.0,High Priority
0cca2f21-36fd-7e30-4e95-114b43ee504f,2019-11-23 03:31:04+00:00,2019-11-23 03:31:04+00:00,1,['cart'],543235509,1,1,1,292.12,0.0,0,1,0,True,False,False,0,292.12,0.0,0,0,0,0,0.0,High Priority
d7a2ce29-f70b-4649-a25b-fb842465461f,2019-11-23 03:34:30+00:00,2019-11-23 03:34:30+00:00,1,['cart'],519031850,1,1,1,169.99,0.0,0,1,0,True,False,False,0,169.99,0.0,0,0,0,0,0.0,High Priority
7cf98059-834a-4b99-af34-5656ee6d5cd3,2019-11-23 03:35:59+00:00,2019-11-23 03:40:56+00:00,2,"['cart', 'view']",541691668,2,1,2,128.56,4.95,1,1,0,True,False,True,0,64.28,1.0,0,0,0,0,0.0,High Priority
ffc93126-433c-4483-89ca-0057907f76b7,2019-11-23 03:38:01+00:00,2019-11-23 03:38:01+00:00,1,['cart'],557126528,1,1,1,169.99,0.0,0,1,0,True,False,False,0,169.99,0.0,0,0,0,0,0.0,High Priority
c6d8e471-f276-46c7-b4d3-d7140963aa54,2019-11-23 03:48:41+00:00,2019-11-23 03:48:41+00:00,1,['cart'],554970238,1,1,1,246.96,0.0,0,1,0,True,False,False,0,246.96,0.0,0,0,0,0,0.0,High Priority
d55a14b9-fb9e-4b2a-9d43-507c4bdbb3a9,2019-11-23 03:50:46+00:00,2019-11-23 03:50:49+00:00,2,"['cart', 'cart']",514156400,1,1,1,398.42,0.05,0,2,0,True,False,False,0,398.42,0.0,0,0,0,0,0.0,High Priority
65a6c649-cdcb-4123-adbe-82157a1557f8,2019-11-23 03:56:12+00:00,2019-11-23 03:56:12+00:00,1,['cart'],575234315,1,1,1,642.98,0.0,0,1,0,True,False,False,0,642.98,0.0,0,0,0,0,0.0,High Priority
79fef65c-4537-499b-bc0d-1071c09be122,2019-11-23 04:00:21+00:00,2019-11-23 04:01:27+00:00,2,"['cart', 'cart']",550830739,1,1,0,54.58,1.1,0,2,0,True,False,False,0,54.58,0.0,0,0,0,0,0.06,High Priority
0babc749-3d8d-4ab4-98ad-13fa7484f86a,2019-11-23 04:03:05+00:00,2019-11-23 04:03:05+00:00,1,['cart'],513419932,1,1,1,82.63,0.0,0,1,0,True,False,False,0,82.63,0.0,0,0,0,0,0.0,High Priority
4854c3b1-5d8b-47ba-a614-74c6993015e6,2019-11-23 04:03:28+00:00,2019-11-23 04:03:28+00:00,1,['cart'],535915099,1,1,1,168.32,0.0,0,1,0,True,False,False,0,168.32,0.0,0,0,0,0,0.0,High Priority
95d2682a-1c4e-43db-ada1-98d92eca8974,2019-11-23 04:05:37+00:00,2019-11-23 04:36:49+00:00,2,"['cart', 'view']",516206717,2,1,1,1286.46,31.2,1,1,0,True,False,True,0,643.23,1.0,0,0,0,0,0.0,High Priority
8eaebef3-b1b2-46e7-8684-c3ddefd4f5a4,2019-11-23 04:07:34+00:00,2019-11-23 04:07:34+00:00,1,['cart'],572386680,1,1,1,126.36,0.0,0,1,0,True,False,False,0,126.36,0.0,0,0,0,0,0.0,High Priority
43d7481a-eeca-4e63-903f-fdcad456cc46,2019-11-23 04:14:28+00:00,2019-11-23 04:14:28+00:00,1,['cart'],575240515,1,1,1,231.41,0.0,0,1,0,True,False,False,0,231.41,0.0,0,0,0,0,0.0,High Priority
d47458d2-a267-4cdd-9d9c-62f036d15dbb,2019-11-23 04:19:21+00:00,2019-11-23 04:19:21+00:00,1,['cart'],514901948,1,1,1,118.38,0.0,0,1,0,True,False,False,0,118.38,0.0,0,0,0,0,0.0,High Priority
54625a73-f6e2-4f0e-b21b-ad3ea7e98bea,2019-11-23 04:20:01+00:00,2019-11-23 04:20:01+00:00,1,['cart'],558489811,1,1,1,49.32,0.0,0,1,0,True,False,False,0,49.32,0.0,0,0,0,0,0.0,High Priority
4e58bfe1-097d-48a7-9b2a-c6dd0ecf2f74,2019-11-23 04:22:00+00:00,2019-11-23 04:22:00+00:00,1,['cart'],519978110,1,1,1,411.83,0.0,0,1,0,True,False,False,0,411.83,0.0,0,0,0,0,0.0,High Priority
261049f6-e1f3-49f9-921f-3112ddc17411,2019-11-23 04:22:40+00:00,2019-11-23 04:22:40+00:00,1,['cart'],519177575,1,1,1,120.96,0.0,0,1,0,True,False,False,0,120.96,0.0,0,0,0,0,0.0,High Priority
5792d8ba-7a3d-4d5b-884c-3b9ead26232c,2019-11-23 04:23:08+00:00,2019-11-23 04:23:08+00:00,1,['cart'],513525213,1,1,1,39.64,0.0,0,1,0,True,False,False,0,39.64,0.0,0,0,0,0,0.0,High Priority
2da3a7d5-d360-42d6-a270-ba7a5e3cf850,2019-11-23 04:29:49+00:00,2019-11-23 04:29:49+00:00,1,['cart'],517589361,1,1,1,115.32,0.0,0,1,0,True,False,False,0,115.32,0.0,0,0,0,0,0.0,High Priority
b05925e2-dc72-4e19-ae83-bf04b85f370b,2019-11-23 04:31:34+00:00,2019-11-23 04:31:34+00:00,1,['cart'],512762120,1,1,1,66.67,0.0,0,1,0,True,False,False,0,66.67,0.0,0,0,0,0,0.0,High Priority
f9277819-0057-46a3-8f6f-8b6b70899ba1,2019-11-23 04:34:46+00:00,2019-11-23 04:34:46+00:00,1,['cart'],572007616,1,1,1,174.23,0.0,0,1,0,True,False,False,0,174.23,0.0,0,0,0,0,0.0,High Priority
d4c8d28a-baf7-4012-8e6a-26ce0a21329d,2019-11-23 04:35:19+00:00,2019-11-23 04:35:19+00:00,1,['cart'],567131154,1,1,1,85.72,0.0,0,1,0,True,False,False,0,85.72,0.0,0,0,0,0,0.0,High Priority
489523a2-496d-40dd-9f2a-8f6e545501b6,2019-11-23 04:40:22+00:00,2019-11-23 04:40:22+00:00,1,['cart'],550792679,1,1,1,39.36,0.0,0,1,0,True,False,False,0,39.36,0.0,0,0,0,0,0.0,High Priority
cd5d5fcc-132f-423a-bde0-32041ce640ab,2019-11-23 04:41:06+00:00,2019-11-23 04:41:06+00:00,1,['cart'],559128075,1,1,1,360.33,0.0,0,1,0,True,False,False,0,360.33,0.0,0,0,0,0,0.0,High Priority
c0f8c04e-db55-498e-b3ad-513e0f729269,2019-11-23 04:46:44+00:00,2019-11-23 04:46:44+00:00,1,['cart'],575248214,1,1,1,246.96,0.0,0,1,0,True,False,False,0,246.96,0.0,0,0,0,0,0.0,High Priority
049c23e7-5fc8-4961-b606-27ca626b08bc,2019-11-23 04:51:46+00:00,2019-11-23 04:51:46+00:00,1,['cart'],515359062,1,1,1,15.42,0.0,0,1,0,True,False,False,0,15.42,0.0,0,0,0,0,0.0,High Priority
2c011d68-1aa0-4464-9bbe-f32479de06ed,2019-11-23 04:52:08+00:00,2019-11-23 05:02:13+00:00,2,"['cart', 'view']",518857285,2,1,2,48.83,10.083333333333334,1,1,0,True,False,True,0,24.415,1.0,0,1,1,1,0.01,High Priority
73a3012e-4bbd-491a-b2b1-e0d2d4ed1caf,2019-11-23 04:54:58+00:00,2019-11-23 04:54:58+00:00,1,['cart'],523656779,1,1,1,60.23,0.0,0,1,0,True,False,False,0,60.23,0.0,0,0,0,0,0.0,High Priority
f0102dd1-cdb3-4dd7-b9b5-9c44569b90a6,2019-11-23 04:59:39+00:00,2019-11-23 04:59:39+00:00,1,['cart'],547458216,1,1,1,134.82,0.0,0,1,0,True,False,False,0,134.82,0.0,0,0,0,0,0.0,High Priority
cf0fe0be-8a31-4731-9279-cde0407d0f56,2019-11-23 05:01:42+00:00,2019-11-23 05:01:42+00:00,1,['cart'],567124748,1,1,1,200.98,0.0,0,1,0,True,False,False,0,200.98,0.0,0,0,0,0,0.0,High Priority
b543778d-0c28-400c-b861-7008514dca53,2019-11-23 05:02:27+00:00,2019-11-23 05:02:27+00:00,1,['cart'],573279284,1,1,1,9.88,0.0,0,1,0,True,False,False,0,9.88,0.0,0,0,0,0,0.0,High Priority
63a158f6-fdbf-4bd5-9357-53e0617d3c4f,2019-11-23 05:02:43+00:00,2019-11-23 05:02:43+00:00,1,['cart'],519098351,1,1,0,154.42,0.0,0,1,0,True,False,False,0,154.42,0.0,0,0,0,0,0.0,High Priority
187c375f-1a9d-433e-8ce2-8c140394cf33,2019-11-23 05:06:39+00:00,2019-11-23 05:06:39+00:00,1,['cart'],547102727,1,1,1,90.86,0.0,0,1,0,True,False,False,0,90.86,0.0,0,0,0,0,0.0,High Priority
bc0fc351-9f2d-4e9f-8140-47d270d42cfa,2019-11-23 05:06:56+00:00,2019-11-23 05:06:56+00:00,1,['cart'],526541548,1,1,1,22.14,0.0,0,1,0,True,False,False,0,22.14,0.0,0,0,0,0,0.0,High Priority
1fed90a4-3c51-47d9-b397-1ce8239cbd80,2019-11-23 05:10:41+00:00,2019-11-23 05:10:48+00:00,2,"['cart', 'view']",536870021,1,1,1,247.06,0.1166666666666666,1,1,0,True,False,True,0,247.06,1.0,0,0,0,0,0.0,High Priority
99e6485c-d0d5-4b23-9f12-ca230f5693bf,2019-11-23 05:11:59+00:00,2019-11-23 05:11:59+00:00,1,['cart'],566633966,1,1,1,246.96,0.0,0,1,0,True,False,False,0,246.96,0.0,0,0,0,0,0.0,High Priority
4749e7ad-2eef-4c38-b7f7-de0f73352c29,2019-11-23 05:18:08+00:00,2019-11-23 05:18:08+00:00,1,['cart'],566490336,1,1,1,1207.19,0.0,0,1,0,True,False,False,0,1207.19,0.0,0,0,0,0,0.0,High Priority
caccdced-a494-4834-9238-c19b2b73b193,2019-11-23 05:19:43+00:00,2019-11-23 05:19:43+00:00,1,['cart'],575256157,1,1,1,136.17,0.0,0,1,0,True,False,False,0,136.17,0.0,0,0,0,0,0.0,High Priority
9ed8520c-5e44-4f7c-93c8-5ae1e6c7fa7f,2019-11-23 05:19:56+00:00,2019-11-23 05:19:56+00:00,1,['cart'],575257060,1,1,1,169.95,0.0,0,1,0,True,False,False,0,169.95,0.0,0,0,0,0,0.0,High Priority
5880d84d-879a-48dc-b01d-7ccdf824109e,2019-11-23 05:22:35+00:00,2019-11-23 05:22:35+00:00,1,['cart'],512444725,1,1,1,849.16,0.0,0,1,0,True,False,False,0,849.16,0.0,0,0,0,0,0.0,High Priority
98b66abd-feab-44d1-8eba-4f33eccca42b,2019-11-23 05:24:07+00:00,2019-11-23 05:24:07+00:00,1,['cart'],575259045,1,1,1,27.29,0.0,0,1,0,True,False,False,0,27.29,0.0,0,0,0,0,0.0,High Priority
14f2ebb0-5348-464a-b13c-260c801d08aa,2019-11-23 05:24:26+00:00,2019-11-23 05:24:26+00:00,1,['cart'],575221384,1,1,1,77.99,0.0,0,1,0,True,False,False,0,77.99,0.0,0,0,0,0,0.0,High Priority
f4283074-0ddc-428c-ba61-00c70f0fff05,2019-11-23 05:29:43+00:00,2019-11-23 05:29:43+00:00,1,['cart'],516206323,1,1,1,916.37,0.0,0,1,0,True,False,False,0,916.37,0.0,0,0,0,0,0.0,High Priority
492f51ef-51e9-45d4-b439-32c48d95e9fa,2019-11-23 05:34:54+00:00,2019-11-23 05:34:54+00:00,1,['cart'],512383389,1,1,1,406.05,0.0,0,1,0,True,False,False,0,406.05,0.0,0,0,0,0,0.0,High Priority
69046bd4-a9dd-471a-bb7a-4d84cf2382f9,2019-11-23 05:45:13+00:00,2019-11-23 05:45:13+00:00,1,['cart'],514524586,1,1,1,53.28,0.0,0,1,0,True,False,False,0,53.28,0.0,0,0,0,0,0.0,High Priority
1c1b7e88-5ca2-4088-baa3-275172e3add0,2019-11-23 05:45:23+00:00,2019-11-23 05:45:23+00:00,1,['cart'],568529301,1,1,1,198.91,0.0,0,1,0,True,False,False,0,198.91,0.0,0,0,0,0,0.0,High Priority
2fe2f24b-3e69-4208-b5de-4748cb00eed1,2019-11-23 05:46:12+00:00,2019-11-23 05:46:12+00:00,1,['cart'],538220382,1,1,0,36.27,0.0,0,1,0,True,False,False,0,36.27,0.0,0,0,0,0,0.0,High Priority
30521661-6759-46bd-a8d1-aa48397bc947,2019-11-23 05:47:01+00:00,2019-11-23 05:47:01+00:00,1,['cart'],539384052,1,1,1,437.57,0.0,0,1,0,True,False,False,0,437.57,0.0,0,0,0,0,0.0,High Priority
3956c90d-1ccc-4630-8c55-afab80d8e3fc,2019-11-23 05:48:23+00:00,2019-11-23 05:48:23+00:00,1,['cart'],570173479,1,1,1,130.99,0.0,0,1,0,True,False,False,0,130.99,0.0,0,0,0,0,0.0,High Priority
b0bc723a-93a8-4888-b622-78b4e381d526,2019-11-23 05:50:16+00:00,2019-11-23 05:50:16+00:00,1,['cart'],512480619,1,1,1,2.81,0.0,0,1,0,True,False,False,0,2.81,0.0,0,0,0,0,0.0,High Priority
f9a8ebc6-cb87-4246-9add-b8d9343c5590,2019-11-23 05:51:00+00:00,2019-11-23 05:51:00+00:00,1,['cart'],545231363,1,1,1,69.24,0.0,0,1,0,True,False,False,0,69.24,0.0,0,0,0,0,0.0,High Priority
693cf0bd-13ed-48ba-847b-bdb5918b6df0,2019-11-23 05:51:15+00:00,2019-11-23 05:51:15+00:00,1,['cart'],555778702,1,1,1,161.37,0.0,0,1,0,True,False,False,0,161.37,0.0,0,0,0,0,0.0,High Priority
62bb7c14-1dcd-4339-8f58-64bc67a659a6,2019-11-23 05:54:27+00:00,2019-11-23 05:54:27+00:00,1,['cart'],526085694,1,1,0,272.83,0.0,0,1,0,True,False,False,0,272.83,0.0,0,0,0,0,0.0,High Priority
5679c5e0-82c0-4130-8b99-60b41108ea8a,2019-11-23 05:55:58+00:00,2019-11-23 05:55:58+00:00,1,['cart'],571206054,1,1,1,246.96,0.0,0,1,0,True,False,False,0,246.96,0.0,0,0,0,0,0.0,High Priority
c3c857c8-2101-40c8-b35d-6e93566da6b3,2019-11-23 05:57:28+00:00,2019-11-23 05:57:28+00:00,1,['cart'],512633112,1,1,1,1441.2,0.0,0,1,0,True,False,False,0,1441.2,0.0,0,0,0,0,0.0,High Priority
9d1f6549-79e4-403b-a514-195e66141f3c,2019-11-23 05:58:06+00:00,2019-11-23 05:58:06+00:00,1,['cart'],569521675,1,1,1,393.83,0.0,0,1,0,True,False,False,0,393.83,0.0,0,0,0,0,0.0,High Priority
68e9dc9d-f435-4129-83d9-8804e03dc6bf,2019-11-23 06:00:07+00:00,2019-11-23 06:00:07+00:00,1,['cart'],574488693,1,1,1,154.42,0.0,0,1,0,True,False,False,0,154.42,0.0,0,0,0,0,0.0,High Priority
adf82751-cd66-4d1b-928d-433e3f7374a4,2019-11-23 06:03:38+00:00,2019-11-23 06:03:38+00:00,1,['cart'],556849764,1,1,1,198.91,0.0,0,1,0,True,False,False,0,198.91,0.0,0,0,0,0,0.0,High Priority
16a924f9-b41e-44a5-a200-b3c409a96253,2019-11-23 06:04:00+00:00,2019-11-23 06:04:11+00:00,2,"['cart', 'cart']",575011095,1,1,1,187.04,0.1833333333333333,0,2,0,True,False,False,0,187.04,0.0,0,0,0,0,0.0,High Priority
bf49c0c8-89e8-43c0-8fb6-8591a2e56aa8,2019-11-23 06:06:15+00:00,2019-11-23 06:06:15+00:00,1,['cart'],562230191,1,1,1,126.26,0.0,0,1,0,True,False,False,0,126.26,0.0,0,0,0,0,0.0,High Priority
7f4af74f-5ac6-422f-9514-3f9d24047bbc,2019-11-23 06:06:42+00:00,2019-11-23 06:06:42+00:00,1,['cart'],563311836,1,1,1,308.63,0.0,0,1,0,True,False,False,0,308.63,0.0,0,0,0,0,0.0,High Priority
6d6157f5-4973-4085-961e-ceecf4480946,2019-11-23 06:09:03+00:00,2019-11-23 06:09:03+00:00,1,['cart'],575271082,1,1,1,952.12,0.0,0,1,0,True,False,False,0,952.12,0.0,0,0,0,0,0.0,High Priority
2989d526-8314-4696-8e54-57146c13028e,2019-11-23 06:09:34+00:00,2019-11-23 06:09:34+00:00,1,['cart'],560736397,1,1,1,246.96,0.0,0,1,0,True,False,False,0,246.96,0.0,0,0,0,0,0.0,High Priority
d977b525-1edf-413a-8fea-af7972cbc134,2019-11-23 06:10:18+00:00,2019-11-23 06:10:18+00:00,1,['cart'],516032264,1,1,1,14.9,0.0,0,1,0,True,False,False,0,14.9,0.0,0,0,0,0,0.0,High Priority
3eda0a4f-6d18-41e0-8fc8-f0837009e23d,2019-11-23 06:12:01+00:00,2019-11-23 06:12:01+00:00,1,['cart'],572426377,1,1,1,168.28,0.0,0,1,0,True,False,False,0,168.28,0.0,0,0,0,0,0.0,High Priority
e4826137-dced-4ec7-b2e4-2599e6ef1f8c,2019-11-23 06:12:51+00:00,2019-11-23 06:12:51+00:00,1,['cart'],512396959,1,1,0,36.04,0.0,0,1,0,True,False,False,0,36.04,0.0,0,0,0,0,0.0,High Priority
fb5f9aa7-7fff-4042-812c-4d510efbee0b,2019-11-23 06:16:30+00:00,2019-11-23 06:16:30+00:00,1,['cart'],572194106,1,1,1,42.21,0.0,0,1,0,True,False,False,0,42.21,0.0,0,0,0,0,0.0,High Priority
e23cdbb3-1d5b-4a35-b75b-eb6e1f8dccf4,2019-11-23 06:16:59+00:00,2019-11-23 06:16:59+00:00,1,['cart'],521458796,1,1,1,127.42,0.0,0,1,0,True,False,False,0,127.42,0.0,0,0,0,0,0.0,High Priority
532409bd-0a4f-4f2a-be65-1499ae1d1c9d,2019-11-23 06:18:23+00:00,2019-11-23 06:18:23+00:00,1,['cart'],514771805,1,1,1,164.48,0.0,0,1,0,True,False,False,0,164.48,0.0,0,0,0,0,0.0,High Priority
a2edacf6-5a76-49f1-946f-3f520f15b274,2019-11-23 06:19:20+00:00,2019-11-23 06:19:20+00:00,1,['cart'],514467233,1,1,0,102.94,0.0,0,1,0,True,False,False,0,102.94,0.0,0,0,0,0,0.0,High Priority
6600120a-422d-4597-b8d2-11d9e0b631a6,2019-11-23 06:19:48+00:00,2019-11-23 06:19:48+00:00,1,['cart'],575263869,1,1,1,682.13,0.0,0,1,0,True,False,False,0,682.13,0.0,0,0,0,0,0.0,High Priority
003cc4e6-8111-49e4-863f-5a02421d69f7,2019-11-23 06:20:56+00:00,2019-11-23 06:20:56+00:00,1,['cart'],532949508,1,1,1,126.22,0.0,0,1,0,True,False,False,0,126.22,0.0,0,0,0,0,0.0,High Priority
9243187e-4894-40e1-ac30-477660fa4d89,2019-11-23 06:22:22+00:00,2019-11-23 06:22:22+00:00,1,['cart'],559670768,1,1,1,146.64,0.0,0,1,0,True,False,False,0,146.64,0.0,0,0,0,0,0.0,High Priority
562459ab-94ae-47d0-a129-8cb0a7d8f690,2019-11-23 06:22:57+00:00,2019-11-23 06:22:57+00:00,1,['cart'],546430683,1,1,1,199.14,0.0,0,1,0,True,False,False,0,199.14,0.0,0,0,0,0,0.0,High Priority
6a21f34a-7248-4a0e-924c-70031ed9f90e,2019-11-23 06:30:05+00:00,2019-11-23 06:30:05+00:00,1,['cart'],568578883,1,1,1,40.93,0.0,0,1,0,True,False,False,0,40.93,0.0,0,0,0,0,0.0,High Priority
5f184be3-87cb-490c-9267-ea3db83c8732,2019-11-23 06:32:28+00:00,2019-11-23 06:32:28+00:00,1,['cart'],573943151,1,1,1,125.73,0.0,0,1,0,True,False,False,0,125.73,0.0,0,0,0,0,0.0,High Priority
cb835717-a77d-43a9-b09e-17defb09fdfa,2019-11-23 06:37:13+00:00,2019-11-23 06:37:13+00:00,1,['cart'],569794725,1,1,1,533.18,0.0,0,1,0,True,False,False,0,533.18,0.0,0,0,0,0,0.0,High Priority
363b001a-252a-4704-8862-07e4ccfe70b1,2019-11-23 06:40:38+00:00,2019-11-23 06:40:38+00:00,1,['cart'],512381021,1,1,0,109.54,0.0,0,1,0,True,False,False,0,109.54,0.0,0,0,0,0,0.0,High Priority
363e6640-d451-488d-8e18-12574f934996,2019-11-23 06:45:19+00:00,2019-11-23 06:45:19+00:00,1,['cart'],575280157,1,1,1,169.95,0.0,0,1,0,True,False,False,0,169.95,0.0,0,0,0,0,0.0,High Priority
e99c9b01-0336-4b9a-abc9-0c87a3b8089c,2019-11-23 06:47:11+00:00,2019-11-23 06:47:11+00:00,1,['cart'],572533888,1,1,1,64.61,0.0,0,1,0,True,False,False,0,64.61,0.0,0,0,0,0,0.0,High Priority
0ed1fcc8-97f9-4c41-8287-3ed4dfef6b3f,2019-11-23 06:47:39+00:00,2019-11-23 06:47:39+00:00,1,['cart'],574849276,1,1,1,916.37,0.0,0,1,0,True,False,False,0,916.37,0.0,0,0,0,0,0.0,High Priority
45d39d8a-db16-488d-ba8f-8b15dde99aa9,2019-11-23 06:49:05+00:00,2019-11-23 06:49:05+00:00,1,['cart'],522579979,1,1,1,487.53,0.0,0,1,0,True,False,False,0,487.53,0.0,0,0,0,0,0.0,High Priority
001a623a-92f6-4f7b-8e2e-ef72590c33fb,2019-11-23 06:53:13+00:00,2019-11-23 06:53:13+00:00,1,['cart'],535374045,1,1,1,246.96,0.0,0,1,0,True,False,False,0,246.96,0.0,0,0,0,0,0.0,High Priority
7a6db68e-cb90-4227-bef6-47a59a141524,2019-11-23 06:53:22+00:00,2019-11-23 06:53:22+00:00,1,['cart'],528118507,1,1,1,126.26,0.0,0,1,0,True,False,False,0,126.26,0.0,0,0,0,0,0.0,High Priority
1f0dfeb0-82e3-4367-bde2-47c1e08b85f9,2019-11-23 06:54:41+00:00,2019-11-23 06:54:41+00:00,1,['cart'],513040938,1,1,1,120.98,0.0,0,1,0,True,False,False,0,120.98,0.0,0,0,0,0,0.0,High Priority
e0c4bd92-1fbd-40fa-a78a-f6b0dd8a4120,2019-11-23 06:54:55+00:00,2019-11-23 06:54:55+00:00,1,['cart'],515635481,1,1,1,126.22,0.0,0,1,0,True,False,False,0,126.22,0.0,0,0,0,0,0.0,High Priority
b2024a21-a6d9-4227-9f7f-b9c24a4b3be1,2019-11-23 06:55:27+00:00,2019-11-23 06:55:27+00:00,1,['cart'],513671611,1,1,1,164.48,0.0,0,1,0,True,False,False,0,164.48,0.0,0,0,0,0,0.0,High Priority
3a7e0eee-c098-4152-86fd-dfbe2768ef3d,2019-11-23 06:56:20+00:00,2019-11-23 06:56:20+00:00,1,['cart'],523720798,1,1,1,126.26,0.0,0,1,0,True,False,False,0,126.26,0.0,0,0,0,0,0.0,High Priority
a0a554de-9e4d-4df5-b5ef-70d6cc3d15a1,2019-11-23 06:56:55+00:00,2019-11-23 06:56:55+00:00,1,['cart'],538482930,1,1,1,487.53,0.0,0,1,0,True,False,False,0,487.53,0.0,0,0,0,0,0.0,High Priority
8c13ff0e-8f3d-4c15-b38f-5295035a3c3a,2019-11-23 07:02:20+00:00,2019-11-23 07:02:20+00:00,1,['cart'],574452396,1,1,1,119.95,0.0,0,1,0,True,False,False,0,119.95,0.0,0,0,0,0,0.0,High Priority
649df73a-00b5-4395-9a79-5f5f5c6022ba,2019-11-23 07:03:03+00:00,2019-11-23 07:03:03+00:00,1,['cart'],556593555,1,1,1,40.93,0.0,0,1,0,True,False,False,0,40.93,0.0,0,0,0,0,0.0,High Priority
b02b3a39-8625-479c-8b2a-b8eb107de995,2019-11-23 07:04:22+00:00,2019-11-23 07:04:22+00:00,1,['cart'],531735642,1,1,1,42.99,0.0,0,1,0,True,False,False,0,42.99,0.0,0,0,0,0,0.0,High Priority
73300d67-d7c6-4180-84cb-055fc1cd0363,2019-11-23 07:07:32+00:00,2019-11-23 07:07:32+00:00,1,['cart'],533727096,1,1,1,291.89,0.0,0,1,0,True,False,False,0,291.89,0.0,0,0,0,0,0.02,High Priority
f17a2cb5-9afe-49a6-8275-08d9e743e346,2019-11-23 07:08:52+00:00,2019-11-23 07:08:52+00:00,1,['cart'],513021392,1,1,1,84.68,0.0,0,1,0,True,False,False,0,84.68,0.0,0,0,0,0,0.0,High Priority
8b7e250d-c4aa-435f-807d-04f45af260c1,2019-11-23 07:10:04+00:00,2019-11-23 07:10:04+00:00,1,['cart'],531674615,1,1,1,437.57,0.0,0,1,0,True,False,False,0,437.57,0.0,0,0,0,0,0.0,High Priority
39a8900a-bd18-472d-9ffa-dbe58a8b7c83,2019-11-23 07:14:13+00:00,2019-11-23 07:14:13+00:00,1,['cart'],528116160,1,1,1,58.87,0.0,0,1,0,True,False,False,0,58.87,0.0,0,0,0,0,0.0,High Priority
c76b31d8-7804-4371-9b8d-04fcca5c7ea7,2019-11-23 07:14:54+00:00,2019-11-23 07:14:54+00:00,1,['cart'],527339244,1,1,1,386.08,0.0,0,1,0,True,False,False,0,386.08,0.0,0,0,0,0,0.0,High Priority
7efd1679-8f84-4ef4-abcd-f691274ce30a,2019-11-23 07:15:14+00:00,2019-11-23 07:15:14+00:00,1,['cart'],530448157,1,1,0,185.08,0.0,0,1,0,True,False,False,0,185.08,0.0,0,0,0,0,0.0,High Priority
66781a3b-592c-4bb8-8c59-83efe64e7d19,2019-11-23 07:16:04+00:00,2019-11-23 07:16:04+00:00,1,['cart'],568841389,1,1,1,86.75,0.0,0,1,0,True,False,False,0,86.75,0.0,0,0,0,0,0.0,High Priority
c21e234e-ec91-4fc7-ba3a-af7864a61adc,2019-11-23 07:17:09+00:00,2019-11-23 07:17:09+00:00,1,['cart'],525293608,1,1,1,463.31,0.0,0,1,0,True,False,False,0,463.31,0.0,0,0,0,0,0.0,High Priority
0d22d356-e723-4da8-8426-7d6fe56c8868,2019-11-23 07:18:10+00:00,2019-11-23 07:18:10+00:00,1,['cart'],569180886,1,1,1,78.77,0.0,0,1,0,True,False,False,0,78.77,0.0,0,1,1,1,0.0,High Priority
039e8ac7-77c7-40e6-8364-b83302857c62,2019-11-23 07:19:36+00:00,2019-11-23 07:19:36+00:00,1,['cart'],521475931,1,1,1,51.48,0.0,0,1,0,True,False,False,0,51.48,0.0,0,0,0,0,0.0,High Priority
7e31855f-53e0-4f8b-a9fe-06a7b6e4df43,2019-11-23 07:19:36+00:00,2019-11-23 07:19:36+00:00,1,['cart'],519680256,1,1,1,34.49,0.0,0,1,0,True,False,False,0,34.49,0.0,0,0,0,0,0.0,High Priority
0b6bc67e-2739-4e23-bc46-5d61abeb738e,2019-11-23 07:19:38+00:00,2019-11-23 07:19:38+00:00,1,['cart'],554112185,1,1,1,119.69,0.0,0,1,0,True,False,False,0,119.69,0.0,0,0,0,0,0.0,High Priority
537ff5e0-7947-4561-b9e1-1b721f72778c,2019-11-23 07:20:08+00:00,2019-11-23 07:20:08+00:00,1,['cart'],571461462,1,1,1,102.58,0.0,0,1,0,True,False,False,0,102.58,0.0,0,0,0,0,0.0,High Priority
5e723bb5-8bdf-47de-82c1-311a7ea779ad,2019-11-23 07:20:52+00:00,2019-11-23 07:20:52+00:00,1,['cart'],536213029,1,1,1,81.08,0.0,0,1,0,True,False,False,0,81.08,0.0,0,0,0,0,0.0,High Priority
fe8dceec-24c4-4138-a5c0-ce77830009bb,2019-11-23 07:21:49+00:00,2019-11-23 07:21:49+00:00,1,['cart'],515605191,1,1,1,29.58,0.0,0,1,0,True,False,False,0,29.58,0.0,0,0,0,0,0.0,High Priority
c2b50e41-7dbb-4ac4-8382-72cdb0f45459,2019-11-23 07:24:10+00:00,2019-11-23 07:24:10+00:00,1,['cart'],542695224,1,1,1,19.82,0.0,0,1,0,True,False,False,0,19.82,0.0,0,0,0,0,0.0,High Priority
e9a6ce06-41fa-482c-ab27-aec6a74b6c44,2019-11-23 07:24:20+00:00,2019-11-23 07:24:20+00:00,1,['cart'],562521172,1,1,1,1656.93,0.0,0,1,0,True,False,False,0,1656.93,0.0,0,0,0,0,0.0,High Priority
02e4e721-c407-4cb9-87af-5b38e2995f16,2019-11-23 07:26:00+00:00,2019-11-23 07:26:00+00:00,1,['cart'],575267112,1,1,1,246.96,0.0,0,1,0,True,False,False,0,246.96,0.0,0,0,0,0,0.0,High Priority
db484155-b409-40f3-af25-3109ffc41d95,2019-11-23 07:26:35+00:00,2019-11-23 07:26:35+00:00,1,['cart'],530144580,1,1,0,109.4,0.0,0,1,0,True,False,False,0,109.4,0.0,0,0,0,0,0.0,High Priority
9966feaf-30be-484e-ab92-c3bae063b487,2019-11-23 07:29:50+00:00,2019-11-23 07:29:50+00:00,1,['cart'],518319417,1,1,1,1003.6,0.0,0,1,0,True,False,False,0,1003.6,0.0,0,0,0,0,0.0,High Priority
d2fbbaa7-ae60-4008-af84-0d8fe9a07670,2019-11-23 07:30:24+00:00,2019-11-23 07:30:24+00:00,1,['cart'],532418870,1,1,1,39.15,0.0,0,1,0,True,False,False,0,39.15,0.0,0,0,0,0,0.0,High Priority
45a9a31c-c9b8-4c72-bda6-d064ce5be7d4,2019-11-23 07:34:01+00:00,2019-11-23 07:34:01+00:00,1,['cart'],543030596,1,1,1,59.72,0.0,0,1,0,True,False,False,0,59.72,0.0,0,0,0,0,0.0,High Priority
54d64af7-e5a9-4fb4-9697-570ff5d6608f,2019-11-23 07:34:09+00:00,2019-11-23 07:34:09+00:00,1,['cart'],512901082,1,1,1,38.35,0.0,0,1,0,True,False,False,0,38.35,0.0,0,0,0,0,0.0,High Priority
59305baf-ef03-47a7-aa54-f7c0117d50a5,2019-11-23 07:35:21+00:00,2019-11-23 07:35:21+00:00,1,['cart'],574307998,1,1,1,349.29,0.0,0,1,0,True,False,False,0,349.29,0.0,0,0,0,0,0.0,High Priority
bb09dc46-4bb0-4b61-99a3-cd0de9559465,2019-11-23 07:35:24+00:00,2019-11-23 07:35:24+00:00,1,['cart'],553182608,1,1,1,171.69,0.0,0,1,0,True,False,False,0,171.69,0.0,0,0,0,0,0.0,High Priority
e56c1a9c-0215-4598-9503-8786a7bbf70c,2019-11-23 07:37:11+00:00,2019-11-23 07:37:11+00:00,1,['cart'],549226994,1,1,1,58.95,0.0,0,1,0,True,False,False,0,58.95,0.0,0,0,0,0,0.0,High Priority
5d5666cc-dc9c-41f0-bc81-c49dc0b805a6,2019-11-23 07:42:04+00:00,2019-11-23 07:42:04+00:00,1,['cart'],570864480,1,1,1,291.89,0.0,0,1,0,True,False,False,0,291.89,0.0,0,0,0,0,0.02,High Priority
cd4a46cf-c19e-4b81-8830-62fcae8f736a,2019-11-23 07:45:01+00:00,2019-11-23 07:45:01+00:00,1,['cart'],541471543,1,1,1,143.73,0.0,0,1,0,True,False,False,0,143.73,0.0,0,0,0,0,0.0,High Priority
dc3cc430-805c-41be-bb54-50082db9ad78,2019-11-23 07:50:07+00:00,2019-11-23 07:50:07+00:00,1,['cart'],575291439,1,1,1,195.22,0.0,0,1,0,True,False,False,0,195.22,0.0,0,0,0,0,0.0,High Priority
02c99b55-58fe-4bf2-b919-47cd12ff75df,2019-11-23 07:50:10+00:00,2019-11-23 07:50:10+00:00,1,['cart'],551446420,1,1,1,35.78,0.0,0,1,0,True,False,False,0,35.78,0.0,0,0,0,0,0.0,High Priority
4d103774-ca17-400d-8d86-82596757d49c,2019-11-23 07:52:30+00:00,2019-11-23 07:52:30+00:00,1,['cart'],542802433,1,1,1,532.83,0.0,0,1,0,True,False,False,0,532.83,0.0,0,0,0,0,0.0,High Priority
f042b98a-00a3-449e-a244-2a93c88df8ab,2019-11-23 07:54:49+00:00,2019-11-23 07:54:49+00:00,1,['cart'],535496684,1,1,1,89.84,0.0,0,1,0,True,False,False,0,89.84,0.0,0,0,0,0,0.0,High Priority
66304a63-151f-439e-aba2-571d1f3fc350,2019-11-23 07:55:20+00:00,2019-11-23 07:55:20+00:00,1,['cart'],536313941,1,1,1,126.22,0.0,0,1,0,True,False,False,0,126.22,0.0,0,0,0,0,0.0,High Priority
8740c55a-28c4-4827-9d4a-6b80e9d8b98c,2019-11-23 07:55:34+00:00,2019-11-23 07:55:34+00:00,1,['cart'],564032561,1,1,1,212.04,0.0,0,1,0,True,False,False,0,212.04,0.0,0,0,0,0,0.0,High Priority
b947cf0b-cec6-4940-9f09-d3316c49a4c6,2019-11-23 07:56:11+00:00,2019-11-23 07:56:11+00:00,1,['cart'],556654962,1,1,1,298.59,0.0,0,1,0,True,False,False,0,298.59,0.0,0,0,0,0,0.0,High Priority
bb508273-9f3b-4824-b556-afaa65ba5cf9,2019-11-23 08:00:30+00:00,2019-11-23 08:00:30+00:00,1,['cart'],520401090,1,1,1,411.82,0.0,0,1,0,True,False,False,0,411.82,0.0,0,0,0,0,0.0,High Priority
5f46f179-1a13-4edf-9f8f-8fa19e1af7b5,2019-11-23 08:04:26+00:00,2019-11-23 08:04:26+00:00,1,['cart'],513857092,1,1,1,1312.52,0.0,0,1,0,True,False,False,0,1312.52,0.0,0,0,0,0,0.0,High Priority
55284d4d-390b-4aaa-9ca0-315fa76f02be,2019-11-23 08:04:37+00:00,2019-11-23 08:04:37+00:00,1,['cart'],515351816,1,1,1,532.83,0.0,0,1,0,True,False,False,0,532.83,0.0,0,0,0,0,0.0,High Priority
61c067b8-2d59-429b-9d6e-de793643590e,2019-11-23 08:05:18+00:00,2019-11-23 08:06:04+00:00,2,"['cart', 'view']",560565921,1,1,1,324.34,0.7666666666666667,1,1,0,True,False,True,0,324.34,1.0,0,0,0,0,0.0,High Priority
7f50dbf6-959a-4f2e-aefa-9df7a55f9239,2019-11-23 08:09:26+00:00,2019-11-23 08:09:26+00:00,1,['cart'],521014101,1,1,1,46.33,0.0,0,1,0,True,False,False,0,46.33,0.0,0,0,0,0,0.0,High Priority
20ab9582-ca5e-439e-b48a-ff72c53dd8e3,2019-11-23 08:09:26+00:00,2019-11-23 08:09:26+00:00,1,['cart'],575312484,1,1,0,32.18,0.0,0,1,0,True,False,False,0,32.18,0.0,0,0,0,0,0.0,High Priority
7aa00dc5-927a-4137-aee1-e4f70b6a5b5c,2019-11-23 08:09:36+00:00,2019-11-23 08:09:36+00:00,1,['cart'],523536745,1,1,1,246.96,0.0,0,1,0,True,False,False,0,246.96,0.0,0,0,0,0,0.0,High Priority
e340ea21-e34d-4255-8112-02b4f2d40ce5,2019-11-23 08:10:38+00:00,2019-11-23 08:10:38+00:00,1,['cart'],568998983,1,1,1,93.44,0.0,0,1,0,True,False,False,0,93.44,0.0,0,0,0,0,0.0,High Priority
3714cf8e-35ae-4577-a9eb-d199598af948,2019-11-23 08:12:07+00:00,2019-11-23 08:12:07+00:00,1,['cart'],561051866,1,1,1,126.22,0.0,0,1,0,True,False,False,0,126.22,0.0,0,0,0,0,0.0,High Priority
bfce4f02-e24b-4070-902a-5954088a6ac1,2019-11-23 08:12:11+00:00,2019-11-23 08:12:11+00:00,1,['cart'],514784971,1,1,1,98.12,0.0,0,1,0,True,False,False,0,98.12,0.0,0,0,0,0,0.0,High Priority
8798b494-4251-485b-aecf-e0a363ec9688,2019-11-23 08:16:41+00:00,2019-11-23 08:16:41+00:00,1,['cart'],575019386,1,1,1,174.23,0.0,0,1,0,True,False,False,0,174.23,0.0,0,0,0,0,0.0,High Priority
91e0707a-de21-408e-8952-0f8b5372b5e1,2019-11-23 08:16:45+00:00,2019-11-23 08:16:45+00:00,1,['cart'],574697610,1,1,1,396.15,0.0,0,1,0,True,False,False,0,396.15,0.0,0,0,0,0,0.0,High Priority
d73e52b4-b1bd-4b5c-9f75-9a337b89cd22,2019-11-23 08:21:01+00:00,2019-11-23 08:21:01+00:00,1,['cart'],575312593,1,1,1,374.53,0.0,0,1,0,True,False,False,0,374.53,0.0,0,0,0,0,0.0,High Priority
b1b5d3b8-aace-4e23-a6a0-0acec0007089,2019-11-23 08:22:37+00:00,2019-11-23 08:22:37+00:00,1,['cart'],514471024,1,1,0,33.46,0.0,0,1,0,True,False,False,0,33.46,0.0,0,0,0,0,0.0,High Priority
6f7fbb02-c963-479b-bcef-df266157b17b,2019-11-23 08:22:57+00:00,2019-11-23 08:22:57+00:00,1,['cart'],540558377,1,1,1,82.63,0.0,0,1,0,True,False,False,0,82.63,0.0,0,0,0,0,0.0,High Priority
9414b979-1673-4b32-a93a-b32ecd3b654f,2019-11-23 08:23:23+00:00,2019-11-23 08:23:23+00:00,1,['cart'],573736875,1,1,0,32.69,0.0,0,1,0,True,False,False,0,32.69,0.0,0,0,0,0,0.0,High Priority
cb2d5bb3-0d15-42f0-a6fb-c0c8801cd600,2019-11-23 08:23:52+00:00,2019-11-23 08:23:52+00:00,1,['cart'],546777399,1,1,0,11.56,0.0,0,1,0,True,False,False,0,11.56,0.0,0,0,0,0,0.0,High Priority
2e346566-59de-4218-884c-0aae7f2f2fcc,2019-11-23 08:24:28+00:00,2019-11-23 08:26:44+00:00,2,"['cart', 'view']",562216727,2,1,1,1932.84,2.2666666666666666,1,1,0,True,False,True,0,966.42,1.0,0,0,0,0,0.0,High Priority
407d65c8-5c89-4c6a-aabc-29561dd50555,2019-11-23 08:24:36+00:00,2019-11-23 08:24:36+00:00,1,['cart'],575242836,1,1,1,128.68,0.0,0,1,0,True,False,False,0,128.68,0.0,0,0,0,0,0.0,High Priority
55f87d66-7ee7-41ac-b3ac-d340f3bc5761,2019-11-23 08:30:42+00:00,2019-11-23 08:30:42+00:00,1,['cart'],537747159,1,1,1,334.6,0.0,0,1,0,True,False,False,0,334.6,0.0,0,0,0,0,0.0,High Priority
2f7d2749-194d-4675-b050-71bd734547ba,2019-11-23 08:32:36+00:00,2019-11-23 08:32:36+00:00,1,['cart'],534985709,1,1,1,385.83,0.0,0,1,0,True,False,False,0,385.83,0.0,0,0,0,0,0.0,High Priority
d3d1b455-4c09-4cc8-b84c-dfab751046f6,2019-11-23 08:32:44+00:00,2019-11-23 08:32:44+00:00,1,['cart'],515269559,1,1,1,43.73,0.0,0,1,0,True,False,False,0,43.73,0.0,0,0,0,0,0.0,High Priority
680579ab-37ae-46ee-bbc4-9bdf86dbae54,2019-11-23 08:39:02+00:00,2019-11-23 08:39:02+00:00,1,['cart'],539285826,1,1,1,4.09,0.0,0,1,0,True,False,False,0,4.09,0.0,0,0,0,0,0.0,High Priority
b142c29d-dc1a-46e6-981f-9a5d64125fc7,2019-11-23 08:39:32+00:00,2019-11-23 08:39:32+00:00,1,['cart'],525309788,1,1,1,246.96,0.0,0,1,0,True,False,False,0,246.96,0.0,0,1,1,1,0.0,High Priority
4b86b6a3-84ba-4c1f-87d4-a8c5e9cae9ed,2019-11-23 08:44:09+00:00,2019-11-23 08:44:09+00:00,1,['cart'],520672456,1,1,1,72.74,0.0,0,1,0,True,False,False,0,72.74,0.0,0,0,0,0,0.0,High Priority
250283ca-a7ab-46eb-8e0c-11e8079330e5,2019-11-23 08:44:17+00:00,2019-11-23 08:44:17+00:00,1,['cart'],569189067,1,1,1,69.24,0.0,0,1,0,True,False,False,0,69.24,0.0,0,0,0,0,0.0,High Priority
2d4c8a91-afb6-45d0-9d87-d07e83f3bea9,2019-11-23 08:44:22+00:00,2019-11-23 08:44:22+00:00,1,['cart'],562915801,1,1,1,126.22,0.0,0,1,0,True,False,False,0,126.22,0.0,0,0,0,0,0.0,High Priority
5c577f69-babd-4ac6-a2ca-a2756e0838a7,2019-11-23 08:46:09+00:00,2019-11-23 08:46:09+00:00,1,['cart'],513963465,1,1,1,125.67,0.0,0,1,0,True,False,False,0,125.67,0.0,0,0,0,0,0.0,High Priority
b026025c-7f2a-467d-b73f-301550741378,2019-11-23 08:47:30+00:00,2019-11-23 08:47:30+00:00,1,['cart'],562071967,1,1,1,97.81,0.0,0,1,0,True,False,False,0,97.81,0.0,0,0,0,0,0.0,High Priority
8f44421e-625c-4f53-8724-000ba6c14d22,2019-11-23 08:48:06+00:00,2019-11-23 08:48:06+00:00,1,['cart'],513064432,1,1,0,24.69,0.0,0,1,0,True,False,False,0,24.69,0.0,0,0,0,0,0.0,High Priority
5fffcf9e-fbe8-461a-a1ed-abdb3f183526,2019-11-23 08:48:31+00:00,2019-11-23 08:48:31+00:00,1,['cart'],575208014,1,1,1,90.07,0.0,0,1,0,True,False,False,0,90.07,0.0,0,0,0,0,0.0,High Priority
29654a1b-bb74-4fbf-9d7f-5a6d91cd15b5,2019-11-23 08:49:36+00:00,2019-11-23 08:49:36+00:00,1,['cart'],512455582,1,1,1,90.07,0.0,0,1,0,True,False,False,0,90.07,0.0,0,0,0,0,0.0,High Priority
122e3895-7f13-4964-8f00-f6a0bf644074,2019-11-23 08:50:25+00:00,2019-11-23 08:50:25+00:00,1,['cart'],541385628,1,1,1,540.04,0.0,0,1,0,True,False,False,0,540.04,0.0,0,0,0,0,0.0,High Priority
e66f4a9e-a7ab-4053-bdf6-c4d6cecfe17a,2019-11-23 08:50:45+00:00,2019-11-23 08:50:45+00:00,1,['cart'],512863557,1,1,1,189.68,0.0,0,1,0,True,False,False,0,189.68,0.0,0,1,1,1,0.0,High Priority
a3950c19-4262-44fc-b017-8062b250f7b9,2019-11-23 08:52:17+00:00,2019-11-23 08:52:17+00:00,1,['cart'],526645149,1,1,1,123.53,0.0,0,1,0,True,False,False,0,123.53,0.0,0,0,0,0,0.0,High Priority
32ca680f-ea57-4bfa-80ba-f371015feb15,2019-11-23 08:52:31+00:00,2019-11-23 08:52:31+00:00,1,['cart'],511616154,1,1,1,59.18,0.0,0,1,0,True,False,False,0,59.18,0.0,0,0,0,0,0.0,High Priority
cd9f6a68-89a5-43e3-9df9-cc30a03fd6a0,2019-11-23 08:54:23+00:00,2019-11-23 08:54:23+00:00,1,['cart'],575335531,1,1,1,411.85,0.0,0,1,0,True,False,False,0,411.85,0.0,0,0,0,0,0.0,High Priority
f498451b-956a-45d7-a944-9f8cfcbe2465,2019-11-23 08:54:50+00:00,2019-11-23 08:54:50+00:00,1,['cart'],551282548,1,1,1,25.69,0.0,0,1,0,True,False,False,0,25.69,0.0,0,0,0,0,0.0,High Priority
480336e0-9a0c-4245-af80-0a865e6995fd,2019-11-23 08:55:13+00:00,2019-11-23 08:55:13+00:00,1,['cart'],517737406,1,1,1,283.4,0.0,0,1,0,True,False,False,0,283.4,0.0,0,0,0,0,0.0,High Priority
a77229e9-97f9-4c6d-ab12-dc06b2e14376,2019-11-23 09:01:07+00:00,2019-11-23 09:01:07+00:00,1,['cart'],572154876,1,1,1,277.23,0.0,0,1,0,True,False,False,0,277.23,0.0,0,0,0,0,0.0,High Priority
4a222c18-35b9-4657-8e4c-927e28849447,2019-11-23 09:01:10+00:00,2019-11-23 09:01:10+00:00,1,['cart'],516610331,1,1,1,119.69,0.0,0,1,0,True,False,False,0,119.69,0.0,0,0,0,0,0.0,High Priority
04090c49-4d90-953d-c6c8-ab108e94b8ea,2019-11-23 09:01:11+00:00,2019-11-23 09:01:11+00:00,1,['cart'],547016355,1,1,0,19.31,0.0,0,1,0,True,False,False,0,19.31,0.0,0,0,0,0,0.0,High Priority
2292e722-2c33-4743-ba80-f285b6f59396,2019-11-23 09:01:25+00:00,2019-11-23 09:01:25+00:00,1,['cart'],554127652,1,1,1,52.0,0.0,0,1,0,True,False,False,0,52.0,0.0,0,2,2,2,0.0,High Priority
430ce455-16e5-483e-87a7-53fb349f433f,2019-11-23 09:03:40+00:00,2019-11-23 09:03:40+00:00,1,['cart'],515548279,1,1,0,180.18,0.0,0,1,0,True,False,False,0,180.18,0.0,0,0,0,0,0.0,High Priority
336a1970-8cc1-49b3-8586-52608438a18b,2019-11-23 09:13:03+00:00,2019-11-23 09:13:03+00:00,1,['cart'],542375271,1,1,1,283.4,0.0,0,1,0,True,False,False,0,283.4,0.0,0,0,0,0,0.0,High Priority
3429e118-03fb-4ec7-97a6-018fc41e6a1e,2019-11-23 09:13:22+00:00,2019-11-23 09:13:22+00:00,1,['cart'],515093060,1,1,1,349.29,0.0,0,1,0,True,False,False,0,349.29,0.0,0,0,0,0,0.0,High Priority
151a0a07-066c-405a-81cf-600aa323e519,2019-11-23 09:14:18+00:00,2019-11-23 09:14:18+00:00,1,['cart'],515370284,1,1,1,16.6,0.0,0,1,0,True,False,False,0,16.6,0.0,0,0,0,0,0.0,High Priority
f3d22eb9-1beb-4f5b-8ca9-22c4a09f4bca,2019-11-23 09:14:49+00:00,2019-11-23 09:14:49+00:00,1,['cart'],572075429,1,1,1,126.22,0.0,0,1,0,True,False,False,0,126.22,0.0,0,0,0,0,0.0,High Priority
07c6271d-f3af-4cfa-b12d-5f2a09025db8,2019-11-23 09:15:44+00:00,2019-11-23 09:15:44+00:00,1,['cart'],527133008,1,1,1,126.22,0.0,0,1,0,True,False,False,0,126.22,0.0,0,0,0,0,0.0,High Priority
92830abf-34fd-4626-b365-e0ee52871148,2019-11-23 09:17:52+00:00,2019-11-23 09:17:52+00:00,1,['cart'],575345665,1,1,1,126.22,0.0,0,1,0,True,False,False,0,126.22,0.0,0,0,0,0,0.0,High Priority
be5782fe-728a-47a1-a4b3-4fd9dc4e1043,2019-11-23 09:18:02+00:00,2019-11-23 09:18:02+00:00,1,['cart'],562833538,1,1,1,116.84,0.0,0,1,0,True,False,False,0,116.84,0.0,0,0,0,0,0.0,High Priority
4007b82b-09ec-4752-a362-eb771163d94a,2019-11-23 09:19:19+00:00,2019-11-23 09:19:19+00:00,1,['cart'],522900668,1,1,1,370.38,0.0,0,1,0,True,False,False,0,370.38,0.0,0,0,0,0,0.0,High Priority
95a664f0-a739-479b-b1d4-0f02e4f87f7c,2019-11-23 09:25:12+00:00,2019-11-23 09:25:12+00:00,1,['cart'],554333870,1,1,0,157.02,0.0,0,1,0,True,False,False,0,157.02,0.0,0,0,0,0,0.0,High Priority
5198080f-af91-4c3f-bf82-24645382bc81,2019-11-23 09:25:53+00:00,2019-11-23 09:25:53+00:00,1,['cart'],575345166,1,1,1,101.89,0.0,0,1,0,True,False,False,0,101.89,0.0,0,0,0,0,0.0,High Priority
52e70402-21bb-4245-907a-8acb107035aa,2019-11-23 09:31:55+00:00,2019-11-23 09:31:55+00:00,1,['cart'],514314094,1,1,1,36.42,0.0,0,1,0,True,False,False,0,36.42,0.0,0,0,0,0,0.0,High Priority
3b803b02-2d24-439e-9970-e03e67e7ecf2,2019-11-23 09:31:58+00:00,2019-11-23 09:31:58+00:00,1,['cart'],574808953,1,1,1,343.64,0.0,0,1,0,True,False,False,0,343.64,0.0,0,0,0,0,0.0,High Priority
61ad5386-7dc7-481a-b41e-a7dd7c1a4278,2019-11-23 09:32:16+00:00,2019-11-23 09:32:16+00:00,1,['cart'],569462221,1,1,1,370.38,0.0,0,1,0,True,False,False,0,370.38,0.0,0,0,0,0,0.0,High Priority
f4770103-f554-49cf-b6c4-4dd30740091c,2019-11-23 09:33:07+00:00,2019-11-23 09:33:07+00:00,1,['cart'],526885206,1,1,1,1312.26,0.0,0,1,0,True,False,False,0,1312.26,0.0,0,0,0,0,0.0,High Priority
7ed2dff1-c770-4e1c-90f9-00228a22be6b,2019-11-23 09:34:13+00:00,2019-11-23 09:34:13+00:00,1,['cart'],517649080,1,1,1,1003.57,0.0,0,1,0,True,False,False,0,1003.57,0.0,0,0,0,0,0.0,High Priority
11b99425-6557-44f2-99fe-8c6a2a24cf26,2019-11-23 09:41:47+00:00,2019-11-23 09:41:47+00:00,1,['cart'],533318949,1,1,1,62.52,0.0,0,1,0,True,False,False,0,62.52,0.0,0,0,0,0,0.0,High Priority
843dd1cb-6f7a-431d-882b-7f60d38cbca8,2019-11-23 09:43:38+00:00,2019-11-23 09:43:38+00:00,1,['cart'],554733367,1,1,1,63.06,0.0,0,1,0,True,False,False,0,63.06,0.0,0,0,0,0,0.0,High Priority
c5489187-45a9-474c-bdd8-ab70120900c2,2019-11-23 09:44:18+00:00,2019-11-23 09:44:18+00:00,1,['cart'],512679518,1,1,1,351.1,0.0,0,1,0,True,False,False,0,351.1,0.0,0,0,0,0,0.0,High Priority
5c12e353-68ec-4c5c-a68d-6c99717efd69,2019-11-23 09:44:52+00:00,2019-11-23 09:44:52+00:00,1,['cart'],564273480,1,1,1,334.37,0.0,0,1,0,True,False,False,0,334.37,0.0,0,0,0,0,0.0,High Priority
5fc61396-7a78-45b5-a583-b06534fbed24,2019-11-23 09:45:03+00:00,2019-11-23 09:45:03+00:00,1,['cart'],529974381,1,1,0,24.94,0.0,0,1,0,True,False,False,0,24.94,0.0,0,0,0,0,0.0,High Priority
48a9cc73-1ccd-400f-9812-bbdaab8c6d60,2019-11-23 09:46:06+00:00,2019-11-23 09:46:06+00:00,1,['cart'],546956050,1,1,1,126.22,0.0,0,1,0,True,False,False,0,126.22,0.0,0,0,0,0,0.0,High Priority
63b80de2-52f3-4c07-b29d-7cf0472426c0,2019-11-23 09:46:59+00:00,2019-11-23 09:46:59+00:00,1,['cart'],519948651,1,1,1,360.34,0.0,0,1,0,True,False,False,0,360.34,0.0,0,0,0,0,0.0,High Priority
fcbca238-c51d-4ce2-94d1-01ebaf0c279d,2019-11-23 09:47:04+00:00,2019-11-23 09:47:04+00:00,1,['cart'],575357207,1,1,1,84.93,0.0,0,1,0,True,False,False,0,84.93,0.0,0,0,0,0,0.0,High Priority
3399fc19-c640-4b70-966f-f856b2e5e6a0,2019-11-23 09:47:48+00:00,2019-11-23 09:47:48+00:00,1,['cart'],566096248,1,1,1,114.03,0.0,0,1,0,True,False,False,0,114.03,0.0,0,0,0,0,0.0,High Priority
d0e17901-1622-0f34-61ca-4076c64a6020,2019-11-23 09:48:21+00:00,2019-11-23 09:48:21+00:00,1,['cart'],513381859,1,1,1,100.39,0.0,0,1,0,True,False,False,0,100.39,0.0,0,0,0,0,0.0,High Priority
5dc48c60-3cce-44a8-965a-e27685409dbf,2019-11-23 09:49:19+00:00,2019-11-23 09:49:19+00:00,1,['cart'],522727606,1,1,1,5.79,0.0,0,1,0,True,False,False,0,5.79,0.0,0,0,0,0,0.0,High Priority
89749fd8-5789-f88f-db38-a684d69cb7ba,2019-11-23 09:50:00+00:00,2019-11-23 09:50:00+00:00,1,['cart'],566740758,1,1,1,53.15,0.0,0,1,0,True,False,False,0,53.15,0.0,0,1,1,1,0.0,High Priority
31acfe56-d870-06c1-8310-f65ce0e3d4a0,2019-11-23 09:50:11+00:00,2019-11-23 09:50:11+00:00,1,['cart'],561262714,1,1,1,97.3,0.0,0,1,0,True,False,False,0,97.3,0.0,0,0,0,0,0.0,High Priority
d074f9b6-09e6-4966-b946-d7111bdaf923,2019-11-23 09:52:28+00:00,2019-11-23 09:52:28+00:00,1,['cart'],575360674,1,1,1,45.79,0.0,0,1,0,True,False,False,0,45.79,0.0,0,0,0,0,0.0,High Priority
5aa8d29a-74af-4891-83d7-ed9df1d439d5,2019-11-23 09:52:48+00:00,2019-11-23 09:52:48+00:00,1,['cart'],513853205,1,1,1,126.25,0.0,0,1,0,True,False,False,0,126.25,0.0,0,0,0,0,0.0,High Priority
7f5317bc-2273-41b3-8117-478e39ca57c2,2019-11-23 09:53:51+00:00,2019-11-23 09:53:51+00:00,1,['cart'],569951536,1,1,1,246.96,0.0,0,1,0,True,False,False,0,246.96,0.0,0,0,0,0,0.0,High Priority
e9213ddf-2ad5-4147-b9a8-46b72aecdf93,2019-11-23 09:55:39+00:00,2019-11-23 09:55:39+00:00,1,['cart'],575360991,1,1,1,66.25,0.0,0,1,0,True,False,False,0,66.25,0.0,0,0,0,0,0.0,High Priority
eb6352d1-dac0-4347-afe9-1be8e30050fc,2019-11-23 09:55:59+00:00,2019-11-23 09:55:59+00:00,1,['cart'],562532543,1,1,1,94.96,0.0,0,1,0,True,False,False,0,94.96,0.0,0,0,0,0,0.0,High Priority
ef38446b-a7b6-4e83-aaf7-431b6c6d8cb7,2019-11-23 09:56:38+00:00,2019-11-23 09:56:38+00:00,1,['cart'],565382355,1,1,1,126.22,0.0,0,1,0,True,False,False,0,126.22,0.0,0,0,0,0,0.0,High Priority
60d5eaeb-2707-455b-a197-c3ecdd1b4d62,2019-11-23 09:58:36+00:00,2019-11-23 09:58:36+00:00,1,['cart'],515821265,1,1,1,126.22,0.0,0,1,0,True,False,False,0,126.22,0.0,0,0,0,0,0.0,High Priority
06d090e7-b514-49f7-9880-3c8cabdeefea,2019-11-23 10:01:05+00:00,2019-11-23 10:01:05+00:00,1,['cart'],512363963,1,1,1,143.68,0.0,0,1,0,True,False,False,0,143.68,0.0,0,0,0,0,0.0,High Priority
4dd3cd34-17b7-4303-bb37-d378bd6c9491,2019-11-23 10:03:02+00:00,2019-11-23 10:03:02+00:00,1,['cart'],519044101,1,1,1,74.29,0.0,0,1,0,True,False,False,0,74.29,0.0,0,0,0,0,0.0,High Priority
65756ccc-5a3c-462d-a340-f1ed4ea51ae8,2019-11-23 10:05:08+00:00,2019-11-23 10:05:08+00:00,1,['cart'],550576868,1,1,1,380.94,0.0,0,1,0,True,False,False,0,380.94,0.0,0,0,0,0,0.0,High Priority
a78c8f8b-73d2-4969-a02e-e64cdcc1faeb,2019-11-23 10:06:10+00:00,2019-11-23 10:06:10+00:00,1,['cart'],518881219,1,1,1,70.05,0.0,0,1,0,True,False,False,0,70.05,0.0,0,1,1,1,0.0,High Priority
48769642-9c5b-4f7f-a0d7-1459fd498911,2019-11-23 10:07:34+00:00,2019-11-23 10:07:34+00:00,1,['cart'],575364183,1,1,1,126.22,0.0,0,1,0,True,False,False,0,126.22,0.0,0,0,0,0,0.0,High Priority
cf2caf07-d8fd-46c6-8f78-083d0456f464,2019-11-23 10:09:13+00:00,2019-11-23 10:09:13+00:00,1,['cart'],525457547,1,1,1,84.68,0.0,0,1,0,True,False,False,0,84.68,0.0,0,0,0,0,0.0,High Priority
b26ef8ab-9755-435c-8b4f-2001180fc4de,2019-11-23 10:11:28+00:00,2019-11-23 10:11:28+00:00,1,['cart'],575367246,1,1,1,269.99,0.0,0,1,0,True,False,False,0,269.99,0.0,0,0,0,0,0.0,High Priority
b0a97262-7172-4368-b486-8578d0746e5c,2019-11-23 10:13:24+00:00,2019-11-23 10:15:34+00:00,2,"['cart', 'purchase']",575346364,1,1,1,138.96,2.1666666666666665,0,1,1,True,True,False,1,138.96,0.0,0,0,0,0,0.73,Monitor Only
0a97f395-109f-4578-b1d8-1423fc31b706,2019-11-23 10:13:27+00:00,2019-11-23 10:16:01+00:00,2,"['cart', 'view']",524153036,2,1,1,41.39,2.566666666666667,1,1,0,True,False,True,0,20.695,1.0,0,0,0,0,0.0,High Priority
47f9f963-95d6-4cf5-b716-69c7f516f79e,2019-11-23 10:14:29+00:00,2019-11-23 10:14:29+00:00,1,['cart'],525560580,1,1,1,84.68,0.0,0,1,0,True,False,False,0,84.68,0.0,0,0,0,0,0.0,High Priority
3d11cc74-21b4-4376-adaf-f1a84ca5123e,2019-11-23 10:15:11+00:00,2019-11-23 10:15:11+00:00,1,['cart'],566364070,1,1,1,256.87,0.0,0,1,0,True,False,False,0,256.87,0.0,0,0,0,0,0.0,High Priority
d3d0eb29-bcbb-4017-a35d-83ccde935e76,2019-11-23 10:15:48+00:00,2019-11-23 10:15:48+00:00,1,['cart'],515791748,1,1,1,591.75,0.0,0,1,0,True,False,False,0,591.75,0.0,0,0,0,0,0.0,High Priority
5f533cbb-e3db-4b11-a3f7-6fc66b2b6790,2019-11-23 10:16:14+00:00,2019-11-23 10:17:38+00:00,2,"['cart', 'view']",569227693,2,1,1,337.58,1.4,1,1,0,True,False,True,0,168.79,1.0,0,0,0,0,0.0,High Priority
3bcfacec-4ed6-4436-9b7d-11b8492a63e9,2019-11-23 10:16:32+00:00,2019-11-23 10:17:28+00:00,2,"['cart', 'view']",554013533,1,1,1,3088.36,0.9333333333333332,1,1,0,True,False,True,0,3088.36,1.0,0,0,0,0,0.0,High Priority
7b4b53be-fab0-4e55-bb4d-68fbb7cfc15c,2019-11-23 10:19:29+00:00,2019-11-23 10:19:29+00:00,1,['cart'],513751478,1,1,1,617.75,0.0,0,1,0,True,False,False,0,617.75,0.0,0,0,0,0,0.0,High Priority
36765b5a-dcef-4466-9a9a-8549009da1ad,2019-11-23 10:22:01+00:00,2019-11-23 10:22:01+00:00,1,['cart'],575353669,1,1,1,385.83,0.0,0,1,0,True,False,False,0,385.83,0.0,0,0,0,0,0.0,High Priority
2ac0ae21-349b-4818-886c-3f2e3c5ada85,2019-11-23 10:22:14+00:00,2019-11-23 10:22:14+00:00,1,['cart'],571880708,1,1,1,74.39,0.0,0,1,0,True,False,False,0,74.39,0.0,0,0,0,0,0.0,High Priority
77c002f1-c22a-4f99-b1d8-1d61436380a8,2019-11-23 10:23:10+00:00,2019-11-23 10:23:10+00:00,1,['cart'],525574339,1,1,1,231.31,0.0,0,1,0,True,False,False,0,231.31,0.0,0,0,0,0,0.0,High Priority
b5229bb8-b245-4f2b-83f3-096d978ff7c2,2019-11-23 10:26:42+00:00,2019-11-23 10:26:42+00:00,1,['cart'],542547312,1,1,1,916.37,0.0,0,1,0,True,False,False,0,916.37,0.0,0,0,0,0,0.0,High Priority
8fccabe7-77f9-4d34-88bb-73506e06a895,2019-11-23 10:28:09+00:00,2019-11-23 10:28:09+00:00,1,['cart'],547274263,1,1,1,149.6,0.0,0,1,0,True,False,False,0,149.6,0.0,0,0,0,0,0.0,High Priority
7c7d88af-9fe3-4618-bf89-e2a984cac5d0,2019-11-23 10:29:55+00:00,2019-11-23 10:29:55+00:00,1,['cart'],575355794,1,1,0,206.18,0.0,0,1,0,True,False,False,0,206.18,0.0,0,0,0,0,0.0,High Priority
f3b272eb-f8f6-4147-b99e-41e2525bd996,2019-11-23 10:33:22+00:00,2019-11-23 10:33:22+00:00,1,['cart'],575349746,1,1,1,246.96,0.0,0,1,0,True,False,False,0,246.96,0.0,0,0,0,0,0.0,High Priority
ca0574ed-09d2-45f4-a826-015174998473,2019-11-23 10:33:33+00:00,2019-11-23 10:33:33+00:00,1,['cart'],512392611,1,1,1,759.09,0.0,0,1,0,True,False,False,0,759.09,0.0,0,0,0,0,0.0,High Priority
8d5f4f4b-a6a9-4a41-aa19-13958d027b66,2019-11-23 10:34:40+00:00,2019-11-23 10:34:40+00:00,1,['cart'],574307517,1,1,0,10.04,0.0,0,1,0,True,False,False,0,10.04,0.0,0,0,0,0,0.0,High Priority
f88703b5-1984-4a23-9724-099ae95a0030,2019-11-23 10:35:41+00:00,2019-11-23 10:35:41+00:00,1,['cart'],518489450,1,1,1,1003.57,0.0,0,1,0,True,False,False,0,1003.57,0.0,0,0,0,0,0.0,High Priority
3ce1c2f4-889b-47e9-b2d4-be8dab8b3868,2019-11-23 10:36:02+00:00,2019-11-23 10:36:02+00:00,1,['cart'],574493220,1,1,1,128.68,0.0,0,1,0,True,False,False,0,128.68,0.0,0,0,0,0,0.0,High Priority
e698366f-450c-42f0-a90c-1974e4bd3f1d,2019-11-23 10:36:23+00:00,2019-11-23 10:36:23+00:00,1,['cart'],525391959,1,1,1,167.03,0.0,0,1,0,True,False,False,0,167.03,0.0,0,0,0,0,0.0,High Priority
b2f3eabf-63a6-404f-b4b4-a71004a9892f,2019-11-23 10:36:31+00:00,2019-11-23 10:36:31+00:00,1,['cart'],537707008,1,1,1,149.79,0.0,0,1,0,True,False,False,0,149.79,0.0,0,0,0,0,0.0,High Priority
1e5c20ac-2151-4360-a60b-2503c5702c6e,2019-11-23 10:37:05+00:00,2019-11-23 10:37:05+00:00,1,['cart'],570521427,1,1,0,24.84,0.0,0,1,0,True,False,False,0,24.84,0.0,0,0,0,0,0.0,High Priority
282d401e-aa91-48c5-8e37-d042c5582e46,2019-11-23 10:44:11+00:00,2019-11-23 10:44:11+00:00,1,['cart'],539418972,1,1,1,32.16,0.0,0,1,0,True,False,False,0,32.16,0.0,0,0,0,0,0.0,High Priority
cc123f4a-c791-40bf-8be1-0d30fc63b2e9,2019-11-23 10:48:01+00:00,2019-11-23 10:48:01+00:00,1,['cart'],517018577,1,1,1,291.84,0.0,0,1,0,True,False,False,0,291.84,0.0,0,0,0,0,0.02,High Priority
6634c631-7427-46fd-9fff-602dd9463178,2019-11-23 10:48:04+00:00,2019-11-23 10:48:04+00:00,1,['cart'],530538713,1,1,1,152.82,0.0,0,1,0,True,False,False,0,152.82,0.0,0,0,0,0,0.0,High Priority
fea8f7dc-2990-465a-aa61-a69b581157f6,2019-11-23 10:49:11+00:00,2019-11-23 10:49:11+00:00,1,['cart'],532545738,1,1,1,511.98,0.0,0,1,0,True,False,False,0,511.98,0.0,0,0,0,0,0.0,High Priority
646efbbe-001a-4fa4-8ea6-8bec1a6c641c,2019-11-23 10:49:42+00:00,2019-11-23 10:49:42+00:00,1,['cart'],560502315,1,1,1,149.9,0.0,0,1,0,True,False,False,0,149.9,0.0,0,0,0,0,0.0,High Priority
06e0877f-421b-44a5-8f93-47f9b8efb70c,2019-11-23 10:53:13+00:00,2019-11-23 10:53:13+00:00,1,['cart'],569139846,1,1,1,532.83,0.0,0,1,0,True,False,False,0,532.83,0.0,0,0,0,0,0.0,High Priority
90ed3b94-6eb4-4185-8ac9-8812bf5375ce,2019-11-23 10:56:22+00:00,2019-11-23 10:56:22+00:00,1,['cart'],525931560,1,1,1,194.47,0.0,0,1,0,True,False,False,0,194.47,0.0,0,0,0,0,0.0,High Priority
91452a13-8efc-4e32-accc-07c9ab65b496,2019-11-23 10:57:51+00:00,2019-11-23 10:57:51+00:00,1,['cart'],546352886,1,1,1,241.94,0.0,0,1,0,True,False,False,0,241.94,0.0,0,0,0,0,0.0,High Priority
8b6d11f9-5b79-4c83-91ae-b04fa7e23052,2019-11-23 10:59:26+00:00,2019-11-23 10:59:26+00:00,1,['cart'],513365250,1,1,1,32.16,0.0,0,1,0,True,False,False,0,32.16,0.0,0,0,0,0,0.0,High Priority
91f22232-3219-44ca-ad40-9880abbec942,2019-11-23 11:00:24+00:00,2019-11-23 11:00:24+00:00,1,['cart'],513606504,1,1,1,437.33,0.0,0,1,0,True,False,False,0,437.33,0.0,0,0,0,0,0.0,High Priority
90804769-caec-4f99-8287-d2384585f438,2019-11-23 11:01:54+00:00,2019-11-23 11:01:54+00:00,1,['cart'],564636902,1,1,1,154.16,0.0,0,1,0,True,False,False,0,154.16,0.0,0,0,0,0,0.0,High Priority
383894e4-6bf1-4d62-accf-31b9c3e8a344,2019-11-23 11:03:43+00:00,2019-11-23 11:03:43+00:00,1,['cart'],554388089,1,1,1,138.92,0.0,0,1,0,True,False,False,0,138.92,0.0,0,0,0,0,0.0,High Priority
faf83c73-59dd-40c0-98a9-2b274c69a5ae,2019-11-23 11:06:31+00:00,2019-11-23 11:06:31+00:00,1,['cart'],520003356,1,1,1,385.83,0.0,0,1,0,True,False,False,0,385.83,0.0,0,0,0,0,0.0,High Priority
cf3051d6-ea95-46e9-b43a-5dcf85f14057,2019-11-23 11:09:55+00:00,2019-11-23 11:09:55+00:00,1,['cart'],550198170,1,1,1,463.05,0.0,0,1,0,True,False,False,0,463.05,0.0,0,0,0,0,0.0,High Priority
ebd3b6f2-7ba6-47ee-a70f-8436e357d632,2019-11-23 11:10:46+00:00,2019-11-23 11:10:46+00:00,1,['cart'],572386680,1,1,1,106.04,0.0,0,1,0,True,False,False,0,106.04,0.0,0,1,1,1,0.0,High Priority
2507bd5f-0068-4f7e-a1c2-da854732e053,2019-11-23 11:12:08+00:00,2019-11-23 11:12:08+00:00,1,['cart'],516462503,1,1,1,102.57,0.0,0,1,0,True,False,False,0,102.57,0.0,0,0,0,0,0.0,High Priority
bf7ebfa0-dad1-4d5d-8267-b1d6888ce500,2019-11-23 11:13:35+00:00,2019-11-23 11:13:35+00:00,1,['cart'],563825370,1,1,1,139.64,0.0,0,1,0,True,False,False,0,139.64,0.0,0,0,0,0,0.0,High Priority
18c41c20-d021-47fe-95a8-82dc3ea63d47,2019-11-23 11:17:37+00:00,2019-11-23 11:17:37+00:00,1,['cart'],519604809,1,1,1,90.07,0.0,0,1,0,True,False,False,0,90.07,0.0,0,0,0,0,0.0,High Priority
0e373621-f188-4d02-b94d-c6d84c4bc924,2019-11-23 11:20:33+00:00,2019-11-23 11:20:33+00:00,1,['cart'],575397725,1,1,1,134.73,0.0,0,1,0,True,False,False,0,134.73,0.0,0,0,0,0,0.0,High Priority
02c99d27-df10-4b36-988a-c8c95596f31a,2019-11-23 11:24:51+00:00,2019-11-23 11:24:51+00:00,1,['cart'],556849764,1,1,1,187.6,0.0,0,1,0,True,False,False,0,187.6,0.0,0,1,1,1,0.0,High Priority
1f08ac34-d111-43e7-9fbf-003b9cc6afe9,2019-11-23 11:35:13+00:00,2019-11-23 11:35:13+00:00,1,['cart'],575389469,1,1,1,1362.71,0.0,0,1,0,True,False,False,0,1362.71,0.0,0,0,0,0,0.0,High Priority
b8c81b91-9145-41cb-a781-c3d66ffd3237,2019-11-23 11:35:43+00:00,2019-11-23 11:35:43+00:00,1,['cart'],568827157,1,1,1,282.83,0.0,0,1,0,True,False,False,0,282.83,0.0,0,0,0,0,0.0,High Priority
2c6f453a-5add-4ef6-a855-542b073a629b,2019-11-23 11:37:40+00:00,2019-11-23 11:37:40+00:00,1,['cart'],568928596,1,1,1,126.22,0.0,0,1,0,True,False,False,0,126.22,0.0,0,0,0,0,0.0,High Priority
3f34322e-d9be-49c4-a05e-77af3d0d3aaf,2019-11-23 11:39:04+00:00,2019-11-23 11:39:04+00:00,1,['cart'],545670233,1,1,0,7.09,0.0,0,1,0,True,False,False,0,7.09,0.0,0,0,0,0,0.0,High Priority
90c5d3e4-d21d-430c-88f6-8da2692c03aa,2019-11-23 11:40:15+00:00,2019-11-23 11:40:15+00:00,1,['cart'],561410689,1,1,1,37.3,0.0,0,1,0,True,False,False,0,37.3,0.0,0,0,0,0,0.0,High Priority
8d39ce28-05bf-4f3c-b4d9-6edbc4137e85,2019-11-23 11:41:49+00:00,2019-11-23 11:41:49+00:00,1,['cart'],575407454,1,1,1,180.16,0.0,0,1,0,True,False,False,0,180.16,0.0,0,0,0,0,0.0,High Priority
daf95d10-03f8-4847-9caa-619efb38beaa,2019-11-23 11:43:33+00:00,2019-11-23 11:43:33+00:00,1,['cart'],514210821,1,1,1,229.71,0.0,0,1,0,True,False,False,0,229.71,0.0,0,0,0,0,0.0,High Priority
3dd8ff0c-3c06-43ae-92d5-95137c1b8228,2019-11-23 11:43:55+00:00,2019-11-23 11:43:55+00:00,1,['cart'],555848305,1,1,1,351.06,0.0,0,1,0,True,False,False,0,351.06,0.0,0,0,0,0,0.0,High Priority
c236a3bd-da98-4101-8c2f-fe8e181993c5,2019-11-23 11:46:32+00:00,2019-11-23 11:46:32+00:00,1,['cart'],554750787,1,1,1,174.23,0.0,0,1,0,True,False,False,0,174.23,0.0,0,0,0,0,0.0,High Priority
ea35034a-7608-431d-9a00-64170205de28,2019-11-23 11:47:51+00:00,2019-11-23 11:47:51+00:00,1,['cart'],529909888,1,1,1,118.01,0.0,0,1,0,True,False,False,0,118.01,0.0,0,0,0,0,0.0,High Priority
e453db8c-90ef-4ac5-9842-5f27f270132f,2019-11-23 11:49:33+00:00,2019-11-23 11:49:33+00:00,1,['cart'],575398613,1,1,1,1003.6,0.0,0,1,0,True,False,False,0,1003.6,0.0,0,0,0,0,0.0,High Priority
5cc6df24-cd45-4deb-9984-f9a27189335d,2019-11-23 11:53:02+00:00,2019-11-23 11:53:02+00:00,1,['cart'],575411941,1,1,1,617.75,0.0,0,1,0,True,False,False,0,617.75,0.0,0,0,0,0,0.0,High Priority
76fb596e-7d17-4064-a028-ae1baff39450,2019-11-23 11:54:01+00:00,2019-11-23 11:54:01+00:00,1,['cart'],574528786,1,1,0,256.38,0.0,0,1,0,True,False,False,0,256.38,0.0,0,0,0,0,0.0,High Priority
3f6a3834-435d-4d46-ba10-ef64750ec4ba,2019-11-23 11:58:46+00:00,2019-11-23 11:58:46+00:00,1,['cart'],575414853,1,1,1,86.78,0.0,0,1,0,True,False,False,0,86.78,0.0,0,0,0,0,0.0,High Priority
1ef64faa-e33b-459e-942d-c4b7803ac222,2019-11-23 12:00:08+00:00,2019-11-23 12:00:08+00:00,1,['cart'],519770096,1,1,1,154.18,0.0,0,1,0,True,False,False,0,154.18,0.0,0,0,0,0,0.0,High Priority
9eef4300-aa9f-4d15-b9d6-2218831fb45d,2019-11-23 12:03:53+00:00,2019-11-23 12:03:53+00:00,1,['cart'],575416842,1,1,1,84.68,0.0,0,1,0,True,False,False,0,84.68,0.0,0,0,0,0,0.0,High Priority
50455504-d44f-4fb4-8074-0696e8f95a4a,2019-11-23 12:06:47+00:00,2019-11-23 12:06:47+00:00,1,['cart'],574023748,1,1,1,101.68,0.0,0,1,0,True,False,False,0,101.68,0.0,0,0,0,0,0.0,High Priority
1d55a720-f0b3-496b-bd3f-f55e6f33f983,2019-11-23 12:11:06+00:00,2019-11-23 12:11:06+00:00,1,['cart'],532751726,1,1,1,213.65,0.0,0,1,0,True,False,False,0,213.65,0.0,0,0,0,0,0.0,High Priority
213624a4-b806-451c-adea-dfd92950b978,2019-11-23 12:14:13+00:00,2019-11-23 12:14:13+00:00,1,['cart'],568826799,1,1,1,406.05,0.0,0,1,0,True,False,False,0,406.05,0.0,0,0,0,0,0.0,High Priority
f80a9654-63ae-4291-a41b-668bd9348b35,2019-11-23 12:15:19+00:00,2019-11-23 12:15:19+00:00,1,['cart'],554342584,1,1,1,437.57,0.0,0,1,0,True,False,False,0,437.57,0.0,0,0,0,0,0.0,High Priority
d9ad60ba-c4af-4dcd-9453-87534c8d0ff2,2019-11-23 12:16:17+00:00,2019-11-23 12:16:17+00:00,1,['cart'],512709680,1,1,1,14.03,0.0,0,1,0,True,False,False,0,14.03,0.0,0,0,0,0,0.0,High Priority
bb0f6b20-0bfe-4a70-80a2-d5d0c81dab60,2019-11-23 12:17:08+00:00,2019-11-23 12:17:08+00:00,1,['cart'],543215614,1,1,1,916.37,0.0,0,1,0,True,False,False,0,916.37,0.0,0,0,0,0,0.0,High Priority
015af459-2c96-4986-89a9-4ffa61cf80b8,2019-11-23 12:17:31+00:00,2019-11-23 12:17:31+00:00,1,['cart'],540543966,1,1,1,1003.37,0.0,0,1,0,True,False,False,0,1003.37,0.0,0,0,0,0,0.0,High Priority
5e60e36b-7aa9-4081-8b58-69b7e0e453e9,2019-11-23 12:21:10+00:00,2019-11-23 12:21:10+00:00,1,['cart'],512934431,1,1,1,1003.37,0.0,0,1,0,True,False,False,0,1003.37,0.0,0,0,0,0,0.0,High Priority
b9d368c2-6160-4d01-8a06-0c46727b580c,2019-11-23 12:21:13+00:00,2019-11-23 12:21:13+00:00,1,['cart'],557687953,1,1,1,51.48,0.0,0,1,0,True,False,False,0,51.48,0.0,0,0,0,0,0.0,High Priority
6234ff98-7bd3-4431-928a-c92d6172db6e,2019-11-23 12:23:18+00:00,2019-11-23 12:23:18+00:00,1,['cart'],575403383,1,1,1,30.63,0.0,0,1,0,True,False,False,0,30.63,0.0,0,0,0,0,0.0,High Priority
24e1f1a9-d054-4f11-922e-7f04bbeac24b,2019-11-23 12:24:28+00:00,2019-11-23 12:24:28+00:00,1,['cart'],513527542,1,1,0,51.22,0.0,0,1,0,True,False,False,0,51.22,0.0,0,0,0,0,0.0,High Priority
22bbd248-1390-4ae5-86c8-e3a4e67daf87,2019-11-23 12:25:32+00:00,2019-11-23 12:25:32+00:00,1,['cart'],512893624,1,1,1,42.47,0.0,0,1,0,True,False,False,0,42.47,0.0,0,0,0,0,0.0,High Priority
0a88683c-3b2d-4c24-8442-340c0fd13bd8,2019-11-23 12:26:37+00:00,2019-11-23 12:26:37+00:00,1,['cart'],521100927,1,1,1,1466.94,0.0,0,1,0,True,False,False,0,1466.94,0.0,0,0,0,0,0.0,High Priority
e9fa5332-88c3-4753-a39e-da2fd68e3c14,2019-11-23 12:28:14+00:00,2019-11-23 12:28:14+00:00,1,['cart'],575428219,1,1,1,246.96,0.0,0,1,0,True,False,False,0,246.96,0.0,0,0,0,0,0.0,High Priority
82a4fbdf-38eb-47d8-bb87-8bf29f67369f,2019-11-23 12:29:16+00:00,2019-11-23 12:29:16+00:00,1,['cart'],572961253,1,1,0,29.99,0.0,0,1,0,True,False,False,0,29.99,0.0,0,0,0,0,0.0,High Priority
ba1009a0-ccb8-4535-a663-155525bd71d7,2019-11-23 12:29:33+00:00,2019-11-23 12:29:33+00:00,1,['cart'],557345352,1,1,1,10.27,0.0,0,1,0,True,False,False,0,10.27,0.0,0,0,0,0,0.0,High Priority
a7137928-6c04-4789-8471-042d5743c55d,2019-11-23 12:30:29+00:00,2019-11-23 12:30:29+00:00,1,['cart'],515196236,1,1,1,115.55,0.0,0,1,0,True,False,False,0,115.55,0.0,0,0,0,0,0.0,High Priority
9eabfd59-dc18-4505-acc8-beb9a22d7e38,2019-11-23 12:31:15+00:00,2019-11-23 12:31:15+00:00,1,['cart'],513461362,1,1,1,171.69,0.0,0,1,0,True,False,False,0,171.69,0.0,0,1,1,1,0.0,High Priority
aa78469f-0bd4-4a1e-86c8-83823434c9d7,2019-11-23 12:31:46+00:00,2019-11-23 12:31:46+00:00,1,['cart'],575216823,1,1,1,36.04,0.0,0,1,0,True,False,False,0,36.04,0.0,0,0,0,0,0.0,High Priority
91cc110c-1f70-414a-be84-0ed516f07ad0,2019-11-23 12:33:04+00:00,2019-11-23 12:33:04+00:00,1,['cart'],515097305,1,1,1,38.35,0.0,0,1,0,True,False,False,0,38.35,0.0,0,0,0,0,0.0,High Priority
6f5958c3-6611-4536-90e7-64dd94c111be,2019-11-23 12:35:03+00:00,2019-11-23 12:35:03+00:00,1,['cart'],515162639,1,1,1,102.19,0.0,0,1,0,True,False,False,0,102.19,0.0,0,0,0,0,0.0,High Priority
0727ff7d-f0dc-42d3-9037-edfdbaa25485,2019-11-23 12:35:22+00:00,2019-11-23 12:35:22+00:00,1,['cart'],560032799,1,1,1,63.06,0.0,0,1,0,True,False,False,0,63.06,0.0,0,0,0,0,0.0,High Priority
ac8bf13e-8347-4719-88f4-f53c29e5ff04,2019-11-23 12:37:32+00:00,2019-11-23 12:37:32+00:00,1,['cart'],574202657,1,1,0,5.35,0.0,0,1,0,True,False,False,0,5.35,0.0,0,0,0,0,0.0,High Priority
1f1d61c2-3f04-4ed2-bf98-44bb9faf17c2,2019-11-23 12:38:39+00:00,2019-11-23 12:38:39+00:00,1,['cart'],460277535,1,1,1,512.24,0.0,0,1,0,True,False,False,0,512.24,0.0,0,0,0,0,0.0,High Priority
c20ca0a8-ebce-440d-8cca-c7edfc1eec49,2019-11-23 12:40:16+00:00,2019-11-23 12:40:16+00:00,1,['cart'],527216398,1,1,1,578.96,0.0,0,1,0,True,False,False,0,578.96,0.0,0,0,0,0,0.0,High Priority
3915b34b-8dc4-4497-8e7b-ba32d51d4c1f,2019-11-23 12:43:11+00:00,2019-11-23 12:43:11+00:00,1,['cart'],538246308,1,1,1,181.19,0.0,0,1,0,True,False,False,0,181.19,0.0,0,0,0,0,0.0,High Priority
84c24efb-bbe1-449f-9450-5809b2097e33,2019-11-23 12:43:58+00:00,2019-11-23 12:43:58+00:00,1,['cart'],531192828,1,1,1,30.86,0.0,0,1,0,True,False,False,0,30.86,0.0,0,0,0,0,0.0,High Priority
b6595ed5-dcec-4feb-b735-ec346fc9e4af,2019-11-23 12:44:50+00:00,2019-11-23 12:53:25+00:00,2,"['cart', 'view']",565125728,2,1,2,398.7,8.583333333333334,1,1,0,True,False,True,0,199.35,1.0,0,0,0,0,0.0,High Priority
bf48e397-4a19-4c96-b80a-ebef357c94cb,2019-11-23 12:45:49+00:00,2019-11-23 12:45:49+00:00,1,['cart'],516758104,1,1,1,33.44,0.0,0,1,0,True,False,False,0,33.44,0.0,0,0,0,0,0.0,High Priority
943c4abe-5b03-49be-a3e5-feec9286e232,2019-11-23 12:46:17+00:00,2019-11-23 12:46:17+00:00,1,['cart'],551055290,1,1,0,77.99,0.0,0,1,0,True,False,False,0,77.99,0.0,0,0,0,0,0.0,High Priority
9f530a06-b791-48ae-96b3-575677f76666,2019-11-23 12:47:04+00:00,2019-11-23 12:47:04+00:00,1,['cart'],532345926,1,1,1,164.7,0.0,0,1,0,True,False,False,0,164.7,0.0,0,0,0,0,0.0,High Priority
2062de58-32a5-4a06-a3a1-5496d8e4bce1,2019-11-23 12:47:41+00:00,2019-11-23 12:47:41+00:00,1,['cart'],560030922,1,1,1,67.79,0.0,0,1,0,True,False,False,0,67.79,0.0,0,0,0,0,0.0,High Priority
00c85d1c-b3a1-48d4-9c5f-352e04ab76ac,2019-11-23 12:48:35+00:00,2019-11-23 12:48:35+00:00,1,['cart'],514246023,1,1,1,28.19,0.0,0,1,0,True,False,False,0,28.19,0.0,0,0,0,0,0.0,High Priority
3a693a89-fc74-4da7-9932-faf0861de6c3,2019-11-23 12:53:36+00:00,2019-11-23 12:53:36+00:00,1,['cart'],461895318,1,1,1,36.01,0.0,0,1,0,True,False,False,0,36.01,0.0,0,0,0,0,0.0,High Priority
a65f777d-bb81-4995-b680-1375772e8af1,2019-11-23 12:53:44+00:00,2019-11-23 12:53:44+00:00,1,['cart'],514360201,1,1,1,107.16,0.0,0,1,0,True,False,False,0,107.16,0.0,0,0,0,0,0.0,High Priority
b54024f8-5bc4-4407-b5ac-9bd483b37629,2019-11-23 12:58:37+00:00,2019-11-23 12:58:37+00:00,1,['cart'],575441824,1,1,1,126.19,0.0,0,1,0,True,False,False,0,126.19,0.0,0,0,0,0,0.0,High Priority
5fcc9fe8-bd42-43ca-8e06-df5903c3e554,2019-11-23 13:01:09+00:00,2019-11-23 13:01:09+00:00,1,['cart'],575442838,1,1,1,246.96,0.0,0,1,0,True,False,False,0,246.96,0.0,0,0,0,0,0.0,High Priority
392a8be7-5b0d-4dec-8949-14c2ca7094ee,2019-11-23 13:01:35+00:00,2019-11-23 13:01:35+00:00,1,['cart'],537141890,1,1,1,406.05,0.0,0,1,0,True,False,False,0,406.05,0.0,0,0,0,0,0.0,High Priority
84655952-83d4-48f2-a540-178b7b33928c,2019-11-23 13:02:06+00:00,2019-11-23 13:26:47+00:00,2,"['cart', 'view']",514518079,2,2,1,255.83,24.683333333333334,1,1,0,True,False,True,0,127.915,1.0,0,0,0,0,0.0,High Priority
5e89944a-4f20-46bc-8485-0893bd84ee7d,2019-11-23 13:02:31+00:00,2019-11-23 13:02:31+00:00,1,['cart'],546338865,1,1,1,256.07,0.0,0,1,0,True,False,False,0,256.07,0.0,0,0,0,0,0.0,High Priority
f36846dc-a0f6-4c84-92ee-c5275a6829cf,2019-11-23 13:11:03+00:00,2019-11-23 13:11:03+00:00,1,['cart'],575433260,1,1,0,63.06,0.0,0,1,0,True,False,False,0,63.06,0.0,0,0,0,0,0.0,High Priority
3d24f035-1f67-4c25-b542-f789ac690848,2019-11-23 13:11:48+00:00,2019-11-23 13:11:48+00:00,1,['cart'],512534516,1,1,1,244.46,0.0,0,1,0,True,False,False,0,244.46,0.0,0,0,0,0,0.0,High Priority
9ecbe664-5cc6-4461-876b-0427808cff39,2019-11-23 13:12:34+00:00,2019-11-23 13:12:34+00:00,1,['cart'],557008354,1,1,1,12.84,0.0,0,1,0,True,False,False,0,12.84,0.0,0,0,0,0,0.0,High Priority
220e5e67-48f5-41ac-b6ad-526d3928e910,2019-11-23 13:14:09+00:00,2019-11-23 13:14:09+00:00,1,['cart'],552744224,1,1,1,143.89,0.0,0,1,0,True,False,False,0,143.89,0.0,0,0,0,0,0.0,High Priority
fb612792-177a-47f2-977c-920d02069a4e,2019-11-23 13:16:02+00:00,2019-11-23 13:16:02+00:00,1,['cart'],517648878,1,1,1,40.93,0.0,0,1,0,True,False,False,0,40.93,0.0,0,0,0,0,0.0,High Priority
23809e24-7e2a-4f55-9bba-fd95edabd21f,2019-11-23 13:20:50+00:00,2019-11-23 13:20:50+00:00,1,['cart'],575448341,1,1,1,132.31,0.0,0,1,0,True,False,False,0,132.31,0.0,0,0,0,0,0.0,High Priority
82a99b14-2426-4734-8bad-3fe587e9ba80,2019-11-23 13:21:35+00:00,2019-11-23 13:21:35+00:00,1,['cart'],566503567,1,1,0,45.17,0.0,0,1,0,True,False,False,0,45.17,0.0,0,0,0,0,0.0,High Priority
2cb0beee-7ca7-4928-bae7-b8dab94e0102,2019-11-23 13:25:55+00:00,2019-11-23 13:25:55+00:00,1,['cart'],513310204,1,1,1,7.18,0.0,0,1,0,True,False,False,0,7.18,0.0,0,0,0,0,0.0,High Priority
25ed1c3d-df4c-46a3-9f3b-e5d3749a381e,2019-11-23 13:28:57+00:00,2019-11-23 13:28:57+00:00,1,['cart'],526907128,1,1,0,113.0,0.0,0,1,0,True,False,False,0,113.0,0.0,0,0,0,0,0.0,High Priority
ab750753-3e79-4eb9-986e-bbd7ec304231,2019-11-23 13:31:18+00:00,2019-11-23 13:31:18+00:00,1,['cart'],568191111,1,1,0,244.02,0.0,0,1,0,True,False,False,0,244.02,0.0,0,0,0,0,0.0,High Priority
a33d14b4-00f8-4db1-af2d-bf0d82f434ff,2019-11-23 13:32:02+00:00,2019-11-23 13:32:02+00:00,1,['cart'],560810886,1,1,1,238.58,0.0,0,1,0,True,False,False,0,238.58,0.0,0,0,0,0,0.0,High Priority
60a43d79-7e4f-415f-aafc-3c391931b328,2019-11-23 13:32:48+00:00,2019-11-23 13:32:48+00:00,1,['cart'],575274218,1,1,1,169.92,0.0,0,1,0,True,False,False,0,169.92,0.0,0,0,0,0,0.0,High Priority
999b5c58-022b-439a-afb4-47b7b527ea68,2019-11-23 13:34:09+00:00,2019-11-23 13:34:09+00:00,1,['cart'],545653208,1,1,1,98.59,0.0,0,1,0,True,False,False,0,98.59,0.0,0,0,0,0,0.0,High Priority
1f65f052-78df-426c-a339-f17820270699,2019-11-23 13:35:18+00:00,2019-11-23 13:35:18+00:00,1,['cart'],530259757,1,1,1,199.0,0.0,0,1,0,True,False,False,0,199.0,0.0,0,0,0,0,0.0,High Priority
a2c947fc-aa07-46a4-8aad-01d0fcd1fa80,2019-11-23 13:35:39+00:00,2019-11-23 13:35:39+00:00,1,['cart'],532148093,1,1,1,164.48,0.0,0,1,0,True,False,False,0,164.48,0.0,0,0,0,0,0.0,High Priority
2345a74f-d725-4c02-bc87-33bf97ba5bd7,2019-11-23 13:37:00+00:00,2019-11-23 13:37:00+00:00,1,['cart'],513467487,1,1,1,26.26,0.0,0,1,0,True,False,False,0,26.26,0.0,0,0,0,0,0.0,High Priority
228d9673-d9d0-4210-a888-a6742b7a33f1,2019-11-23 13:37:05+00:00,2019-11-23 13:37:05+00:00,1,['cart'],553651689,1,1,1,246.96,0.0,0,1,0,True,False,False,0,246.96,0.0,0,0,0,0,0.0,High Priority
fd647c37-8830-4702-a32f-5c566f4674cc,2019-11-23 13:37:10+00:00,2019-11-23 13:37:10+00:00,1,['cart'],572083608,1,1,1,465.39,0.0,0,1,0,True,False,False,0,465.39,0.0,0,0,0,0,0.0,High Priority
0692ffc9-f795-4008-afc3-96f899a6a005,2019-11-23 13:39:29+00:00,2019-11-23 13:39:29+00:00,1,['cart'],574458176,1,1,1,35.78,0.0,0,1,0,True,False,False,0,35.78,0.0,0,0,0,0,0.0,High Priority
d0f4e997-a787-434b-908a-c953eebb0736,2019-11-23 13:39:31+00:00,2019-11-23 13:39:31+00:00,1,['cart'],574417862,1,1,1,385.83,0.0,0,1,0,True,False,False,0,385.83,0.0,0,0,0,0,0.0,High Priority
7a6585bb-a4c2-4a44-ac35-f5ea9df4b571,2019-11-23 13:40:15+00:00,2019-11-23 13:40:15+00:00,1,['cart'],575461532,1,1,1,30.61,0.0,0,1,0,True,False,False,0,30.61,0.0,0,0,0,0,0.0,High Priority
c12b20ae-a6b6-4e64-8dcd-2f6a1799b432,2019-11-23 13:46:51+00:00,2019-11-23 13:46:51+00:00,1,['cart'],513541550,1,1,1,1656.93,0.0,0,1,0,True,False,False,0,1656.93,0.0,0,0,0,0,0.0,High Priority
1e25ba42-8bec-4cef-8f6d-ea87fca2fbfa,2019-11-23 13:46:55+00:00,2019-11-23 13:54:10+00:00,2,"['cart', 'view']",513227491,1,1,1,11.24,7.25,1,1,0,True,False,True,0,11.24,1.0,0,0,0,0,0.0,High Priority
7fb3fba5-4691-4217-a7d2-fb4196ec265b,2019-11-23 13:50:28+00:00,2019-11-23 13:50:28+00:00,1,['cart'],540187149,1,1,1,5.89,0.0,0,1,0,True,False,False,0,5.89,0.0,0,0,0,0,0.0,High Priority
109f51da-c7eb-4747-9587-7239dc47ec10,2019-11-23 13:50:49+00:00,2019-11-23 13:50:49+00:00,1,['cart'],568246506,1,1,1,126.19,0.0,0,1,0,True,False,False,0,126.19,0.0,0,0,0,0,0.0,High Priority
7bfd93d6-97e6-4933-bf15-51ed037973fd,2019-11-23 13:52:22+00:00,2019-11-23 13:52:22+00:00,1,['cart'],513742521,1,1,1,13.39,0.0,0,1,0,True,False,False,0,13.39,0.0,0,0,0,0,0.0,High Priority
552f4f7c-a4c0-4a7e-8f70-54d1e7434b61,2019-11-23 13:53:25+00:00,2019-11-23 13:53:25+00:00,1,['cart'],534472877,1,1,1,154.42,0.0,0,1,0,True,False,False,0,154.42,0.0,0,0,0,0,0.0,High Priority
aca3b755-3247-4357-bb7c-7d1bc530b740,2019-11-23 13:54:00+00:00,2019-11-23 13:54:00+00:00,1,['cart'],575465311,1,1,1,169.92,0.0,0,1,0,True,False,False,0,169.92,0.0,0,0,0,0,0.0,High Priority
abc4d9c6-ea8c-4e1b-bed9-2c6affb6da6e,2019-11-23 13:56:28+00:00,2019-11-23 13:56:28+00:00,1,['cart'],512573687,1,1,1,164.48,0.0,0,1,0,True,False,False,0,164.48,0.0,0,0,0,0,0.0,High Priority
2903406f-6f79-487c-9615-246ecdf02a26,2019-11-23 13:59:44+00:00,2019-11-23 13:59:44+00:00,1,['cart'],575468317,1,1,1,126.19,0.0,0,1,0,True,False,False,0,126.19,0.0,0,0,0,0,0.0,High Priority
883e68a6-af8d-4a8a-8ccf-389294c90d50,2019-11-23 14:01:06+00:00,2019-11-23 14:01:06+00:00,1,['cart'],558045246,1,1,1,53.8,0.0,0,1,0,True,False,False,0,53.8,0.0,0,0,0,0,0.0,High Priority
713e48fa-e000-4382-a5a9-73dbab998cc8,2019-11-23 14:05:07+00:00,2019-11-23 14:05:17+00:00,2,"['cart', 'view']",515096468,1,1,1,77.18,0.1666666666666666,1,1,0,True,False,True,0,77.18,1.0,0,0,0,0,0.0,High Priority
23130a5f-24d0-45a3-b783-8578eda2c335,2019-11-23 14:06:37+00:00,2019-11-23 14:06:37+00:00,1,['cart'],534236436,1,1,1,164.48,0.0,0,1,0,True,False,False,0,164.48,0.0,0,1,1,1,0.0,High Priority
94e04754-bec4-44cb-888a-d47496d5d860,2019-11-23 14:07:24+00:00,2019-11-23 14:07:24+00:00,1,['cart'],538430153,1,1,1,199.0,0.0,0,1,0,True,False,False,0,199.0,0.0,0,0,0,0,0.0,High Priority
55e1fe91-19bb-48ea-974d-e7e1908c3161,2019-11-23 14:09:05+00:00,2019-11-23 14:09:05+00:00,1,['cart'],526612750,1,1,1,246.96,0.0,0,1,0,True,False,False,0,246.96,0.0,0,0,0,0,0.0,High Priority
e7ae3e66-2736-48ad-ac08-bc5149d3e101,2019-11-23 14:10:32+00:00,2019-11-23 14:10:32+00:00,1,['cart'],559076692,1,1,1,795.36,0.0,0,1,0,True,False,False,0,795.36,0.0,0,0,0,0,0.0,High Priority
51d33495-7463-4298-818a-10bf60ede1ab,2019-11-23 14:10:45+00:00,2019-11-23 14:10:45+00:00,1,['cart'],524164151,1,1,0,70.27,0.0,0,1,0,True,False,False,0,70.27,0.0,0,0,0,0,0.0,High Priority
f55cacf4-ffca-4933-b22a-32751d431981,2019-11-23 14:12:52+00:00,2019-11-23 14:15:25+00:00,2,"['cart', 'view']",525860501,2,2,0,411.8,2.55,1,1,0,True,False,True,0,205.9,1.0,0,0,0,0,0.09,High Priority
9e74af54-0d18-4e71-be06-48aabfe25e54,2019-11-23 14:14:29+00:00,2019-11-23 14:22:57+00:00,2,"['cart', 'view']",575448004,2,2,2,739.46,8.466666666666667,1,1,0,True,False,True,0,369.73,1.0,0,0,0,0,0.0,High Priority
0e6224ba-f12a-4abc-ab9a-c847d366cb39,2019-11-23 14:15:48+00:00,2019-11-23 14:15:48+00:00,1,['cart'],515790072,1,1,1,44.53,0.0,0,1,0,True,False,False,0,44.53,0.0,0,0,0,0,0.0,High Priority
f0e42bc8-d31e-4e67-82ba-45e110ddb533,2019-11-23 14:17:10+00:00,2019-11-23 14:17:10+00:00,1,['cart'],524689600,1,1,1,164.88,0.0,0,1,0,True,False,False,0,164.88,0.0,0,0,0,0,0.0,High Priority
11d8308e-6869-4828-8800-939a97a716f3,2019-11-23 14:21:18+00:00,2019-11-23 14:21:18+00:00,1,['cart'],562963585,1,1,1,128.45,0.0,0,1,0,True,False,False,0,128.45,0.0,0,0,0,0,0.0,High Priority
52f6cb6b-222f-4d94-b936-9d5623d34a08,2019-11-23 14:22:11+00:00,2019-11-23 14:22:11+00:00,1,['cart'],514325035,1,1,1,38.61,0.0,0,1,0,True,False,False,0,38.61,0.0,0,0,0,0,0.0,High Priority
b09479df-5d17-41bc-975a-c81d3e65723a,2019-11-23 14:22:37+00:00,2019-11-23 14:22:37+00:00,1,['cart'],575302572,1,1,1,143.89,0.0,0,1,0,True,False,False,0,143.89,0.0,0,0,0,0,0.0,High Priority
1d89b8f8-a3b0-4d3e-ad1a-ee088cc070d0,2019-11-23 14:23:49+00:00,2019-11-23 14:23:49+00:00,1,['cart'],512517221,1,1,0,12.47,0.0,0,1,0,True,False,False,0,12.47,0.0,0,0,0,0,0.0,High Priority
607ae637-750a-438e-8c1a-e1753ff536a6,2019-11-23 14:24:25+00:00,2019-11-23 14:24:25+00:00,1,['cart'],573393322,1,1,1,9.27,0.0,0,1,0,True,False,False,0,9.27,0.0,0,0,0,0,0.0,High Priority
3e640acd-02e7-4121-833d-9cd9b0fc54ba,2019-11-23 14:29:20+00:00,2019-11-23 14:29:20+00:00,1,['cart'],572194481,1,1,1,746.19,0.0,0,1,0,True,False,False,0,746.19,0.0,0,0,0,0,0.0,High Priority
03fab548-19ba-441f-a6be-dedd4459adcf,2019-11-23 14:31:09+00:00,2019-11-23 14:31:09+00:00,1,['cart'],526612750,1,1,1,246.96,0.0,0,1,0,True,False,False,0,246.96,0.0,0,1,1,1,0.0,High Priority
0f2e2264-cff4-4ba1-9140-8749d24b3237,2019-11-23 14:32:37+00:00,2019-11-23 14:32:37+00:00,1,['cart'],514014593,1,1,1,542.81,0.0,0,1,0,True,False,False,0,542.81,0.0,0,0,0,0,0.0,High Priority
5afa2a4c-5131-446b-9edb-264634af71bd,2019-11-23 14:34:16+00:00,2019-11-23 14:34:16+00:00,1,['cart'],562539313,1,1,1,487.53,0.0,0,1,0,True,False,False,0,487.53,0.0,0,1,1,1,0.0,High Priority
c9cb4e0b-b6eb-41bd-85b1-2836f0f3f743,2019-11-23 14:35:15+00:00,2019-11-23 14:35:15+00:00,1,['cart'],575487829,1,1,1,100.39,0.0,0,1,0,True,False,False,0,100.39,0.0,0,0,0,0,0.0,High Priority
c0166967-bc6a-4ee1-958b-1d292b0524f2,2019-11-23 14:36:42+00:00,2019-11-23 14:36:42+00:00,1,['cart'],553498791,1,1,1,102.96,0.0,0,1,0,True,False,False,0,102.96,0.0,0,0,0,0,0.0,High Priority
b79cdb16-bdb1-4d4e-9329-0024e1d03231,2019-11-23 14:39:25+00:00,2019-11-23 14:39:25+00:00,1,['cart'],525200000,1,1,1,795.89,0.0,0,1,0,True,False,False,0,795.89,0.0,0,0,0,0,0.0,High Priority
d4896f75-8115-49a7-9a0f-f196cea1787a,2019-11-23 14:41:41+00:00,2019-11-23 14:42:00+00:00,2,"['cart', 'view']",568290054,1,1,1,390.44,0.3166666666666666,1,1,0,True,False,True,0,390.44,1.0,0,0,0,0,0.0,High Priority
c26a21a9-8943-48d7-80f5-85497dd0a97c,2019-11-23 14:44:30+00:00,2019-11-23 14:44:30+00:00,1,['cart'],529523540,1,1,1,463.31,0.0,0,1,0,True,False,False,0,463.31,0.0,0,0,0,0,0.0,High Priority
a5f5eb22-945e-4a27-9234-4683be9a3302,2019-11-23 14:45:01+00:00,2019-11-23 14:45:01+00:00,1,['cart'],524525088,1,1,1,22.78,0.0,0,1,0,True,False,False,0,22.78,0.0,0,0,0,0,0.0,High Priority
455d27cc-43d9-4afb-b959-ec3db2c9a043,2019-11-23 14:46:12+00:00,2019-11-23 14:46:12+00:00,1,['cart'],518508880,1,1,1,308.03,0.0,0,1,0,True,False,False,0,308.03,0.0,0,0,0,0,0.0,High Priority
6b2336b4-0bfd-4b77-be33-7c5fb293f81f,2019-11-23 14:46:13+00:00,2019-11-23 14:46:13+00:00,1,['cart'],546697809,1,1,1,4.25,0.0,0,1,0,True,False,False,0,4.25,0.0,0,0,0,0,0.0,High Priority
1591ae66-aabd-492a-beec-1496f3e82c28,2019-11-23 14:47:46+00:00,2019-11-23 14:47:46+00:00,1,['cart'],575491181,1,1,1,406.05,0.0,0,1,0,True,False,False,0,406.05,0.0,0,0,0,0,0.0,High Priority
a1c1a7ce-9fa4-4e72-aad0-85cdf1567caa,2019-11-23 14:47:58+00:00,2019-11-23 14:47:58+00:00,1,['cart'],569168990,1,1,1,415.97,0.0,0,1,0,True,False,False,0,415.97,0.0,0,0,0,0,0.0,High Priority
99d15ca4-6c1c-4a0f-8c27-cb3717cabafe,2019-11-23 14:51:37+00:00,2019-11-23 14:51:37+00:00,1,['cart'],525904687,1,1,1,146.64,0.0,0,1,0,True,False,False,0,146.64,0.0,0,0,0,0,0.0,High Priority
b4655ded-1dd0-4939-a270-025a3b78acad,2019-11-23 14:52:48+00:00,2019-11-23 14:53:40+00:00,2,"['cart', 'purchase']",572479286,2,1,2,303.83000000000004,0.8666666666666667,0,1,1,True,True,False,1,151.91500000000002,0.0,0,0,0,0,0.22,High Priority
5777b064-5396-444a-945a-c3a6f58a0776,2019-11-23 14:53:14+00:00,2019-11-23 14:53:14+00:00,1,['cart'],575496509,1,1,1,5.4,0.0,0,1,0,True,False,False,0,5.4,0.0,0,0,0,0,0.0,High Priority
c5bef550-b2b7-073c-7b07-f8f5c4ab9cac,2019-11-23 14:53:42+00:00,2019-11-23 14:53:42+00:00,1,['cart'],512892706,1,1,1,1853.07,0.0,0,1,0,True,False,False,0,1853.07,0.0,0,0,0,0,0.0,High Priority
d9849bc0-e6dd-4531-8860-5a4fb8c8c2cc,2019-11-23 14:53:52+00:00,2019-11-23 14:53:52+00:00,1,['cart'],541642815,1,1,1,40.93,0.0,0,1,0,True,False,False,0,40.93,0.0,0,0,0,0,0.0,High Priority
bd756b85-c89c-4950-adb1-c8444e9c6520,2019-11-23 14:55:29+00:00,2019-11-23 14:55:29+00:00,1,['cart'],513378859,1,1,1,136.43,0.0,0,1,0,True,False,False,0,136.43,0.0,0,0,0,0,0.0,High Priority
58706eab-5185-4eae-96ab-82cbf10738c2,2019-11-23 14:57:16+00:00,2019-11-23 14:57:16+00:00,1,['cart'],515162639,1,1,1,71.04,0.0,0,1,0,True,False,False,0,71.04,0.0,0,1,1,1,0.0,High Priority
f088e3a5-7a07-4e03-8771-380c73f48ac6,2019-11-23 14:58:50+00:00,2019-11-23 14:58:50+00:00,1,['cart'],545911022,1,1,1,256.07,0.0,0,1,0,True,False,False,0,256.07,0.0,0,0,0,0,0.0,High Priority
8644bccc-9f7d-4ea6-8789-cc2962fa91f0,2019-11-23 14:59:43+00:00,2019-11-23 14:59:43+00:00,1,['cart'],575122936,1,1,1,1362.69,0.0,0,1,0,True,False,False,0,1362.69,0.0,0,0,0,0,0.0,High Priority
5b025118-f9f0-40a9-9431-957318ebb1e3,2019-11-23 15:01:58+00:00,2019-11-23 15:01:58+00:00,1,['cart'],513734130,1,1,1,32.56,0.0,0,1,0,True,False,False,0,32.56,0.0,0,0,0,0,0.0,High Priority
a9b789e3-9d00-4700-8adc-f27e44584d2f,2019-11-23 15:04:08+00:00,2019-11-23 15:04:08+00:00,1,['cart'],575497869,1,1,0,32.69,0.0,0,1,0,True,False,False,0,32.69,0.0,0,0,0,0,0.0,High Priority
473541d5-4935-43e9-b98e-75ad018c94b5,2019-11-23 15:10:36+00:00,2019-11-23 15:10:36+00:00,1,['cart'],515154095,1,1,1,41.06,0.0,0,1,0,True,False,False,0,41.06,0.0,0,0,0,0,0.0,High Priority
a191a348-b781-400b-af77-e5dc372d2eb6,2019-11-23 15:11:32+00:00,2019-11-23 15:11:32+00:00,1,['cart'],572865710,1,1,0,232.18,0.0,0,1,0,True,False,False,0,232.18,0.0,0,0,0,0,0.0,High Priority
dd3632c1-de71-4275-89b5-82857e8179be,2019-11-23 15:11:42+00:00,2019-11-23 15:11:42+00:00,1,['cart'],575504174,1,1,1,916.37,0.0,0,1,0,True,False,False,0,916.37,0.0,0,0,0,0,0.0,High Priority
d9386e77-8964-41db-80a6-0fde37e8f0df,2019-11-23 15:15:14+00:00,2019-11-23 15:15:14+00:00,1,['cart'],575505888,1,1,1,98.84,0.0,0,1,0,True,False,False,0,98.84,0.0,0,0,0,0,0.0,High Priority
ef8bc218-5a56-41c9-bcb6-0afc11ffad89,2019-11-23 15:15:34+00:00,2019-11-23 15:15:34+00:00,1,['cart'],523098636,1,1,1,84.59,0.0,0,1,0,True,False,False,0,84.59,0.0,0,0,0,0,0.0,High Priority
3c0c6aa6-4d20-447d-a309-d8b3efcb039a,2019-11-23 15:17:37+00:00,2019-11-23 15:17:37+00:00,1,['cart'],523951430,1,1,1,269.25,0.0,0,1,0,True,False,False,0,269.25,0.0,0,0,0,0,0.0,High Priority
e911543a-9aa1-451b-984c-a73735dade17,2019-11-23 15:20:16+00:00,2019-11-23 15:20:16+00:00,1,['cart'],575451074,1,1,1,88.52,0.0,0,1,0,True,False,False,0,88.52,0.0,0,0,0,0,0.0,High Priority
c5b58c3c-96d2-45c0-91f2-7ca48af977d7,2019-11-23 15:20:32+00:00,2019-11-23 15:20:32+00:00,1,['cart'],559174335,1,1,1,119.69,0.0,0,1,0,True,False,False,0,119.69,0.0,0,0,0,0,0.0,High Priority
e3281449-16b8-4e40-a56f-a50d15db65c7,2019-11-23 15:22:23+00:00,2019-11-23 15:22:23+00:00,1,['cart'],527279548,1,1,1,109.37,0.0,0,1,0,True,False,False,0,109.37,0.0,0,0,0,0,0.0,High Priority
f1f4f8d3-01d7-4e39-a436-38e1a22b7fbb,2019-11-23 15:27:49+00:00,2019-11-23 15:27:49+00:00,1,['cart'],539874560,1,1,1,360.11,0.0,0,1,0,True,False,False,0,360.11,0.0,0,0,0,0,0.0,High Priority
16427e24-99dc-4f26-b808-022c278731a0,2019-11-23 15:30:12+00:00,2019-11-23 15:30:12+00:00,1,['cart'],546974310,1,1,0,136.4,0.0,0,1,0,True,False,False,0,136.4,0.0,0,0,0,0,0.0,High Priority
6ee38bfb-9452-4d3c-ac86-c088a192b756,2019-11-23 15:33:57+00:00,2019-11-23 15:33:57+00:00,1,['cart'],543591826,1,1,1,35.52,0.0,0,1,0,True,False,False,0,35.52,0.0,0,0,0,0,0.0,High Priority
57776051-7a94-4aa0-a2bf-3a5512bc81e0,2019-11-23 15:34:00+00:00,2019-11-23 15:34:00+00:00,1,['cart'],521811754,1,1,0,204.64,0.0,0,1,0,True,False,False,0,204.64,0.0,0,0,0,0,0.0,High Priority
e1fd036b-5aa8-4464-826f-9389ee44bd52,2019-11-23 15:37:20+00:00,2019-11-23 15:37:20+00:00,1,['cart'],569756545,1,1,1,38.1,0.0,0,1,0,True,False,False,0,38.1,0.0,0,0,0,0,0.0,High Priority
41ebf65b-ef12-4ad2-a94e-8bae9289a9f3,2019-11-23 15:41:25+00:00,2019-11-23 15:41:25+00:00,1,['cart'],537192458,1,1,1,164.48,0.0,0,1,0,True,False,False,0,164.48,0.0,0,0,0,0,0.0,High Priority
54322eee-b842-400c-8a4f-b0c558ed0eab,2019-11-23 15:43:44+00:00,2019-11-23 15:43:44+00:00,1,['cart'],515675103,1,1,1,532.83,0.0,0,1,0,True,False,False,0,532.83,0.0,0,0,0,0,0.0,High Priority
e22236ae-d927-41b9-9de7-94a446625b4e,2019-11-23 15:45:36+00:00,2019-11-23 15:45:36+00:00,1,['cart'],533968840,1,1,1,960.08,0.0,0,1,0,True,False,False,0,960.08,0.0,0,0,0,0,0.0,High Priority
787cc184-59ea-4579-b234-020be19c2cd2,2019-11-23 15:48:37+00:00,2019-11-23 15:48:37+00:00,1,['cart'],572252101,1,1,0,109.4,0.0,0,1,0,True,False,False,0,109.4,0.0,0,0,0,0,0.0,High Priority
b56892cf-d195-4f63-a62a-b29b3153ce4f,2019-11-23 15:51:08+00:00,2019-11-23 15:51:08+00:00,1,['cart'],575521872,1,1,1,169.91,0.0,0,1,0,True,False,False,0,169.91,0.0,0,0,0,0,0.0,High Priority
39aa594a-54b1-435e-9f20-3c91926830b2,2019-11-23 15:54:50+00:00,2019-11-23 15:54:50+00:00,1,['cart'],566877349,1,1,1,164.88,0.0,0,1,0,True,False,False,0,164.88,0.0,0,0,0,0,0.0,High Priority
e39d1e48-adbb-4ab1-b249-172886e8af83,2019-11-23 15:58:32+00:00,2019-11-23 16:12:00+00:00,2,"['cart', 'view']",569110014,2,1,2,126.51,13.466666666666669,1,1,0,True,False,True,0,63.255,1.0,0,0,0,0,0.0,High Priority
6c162525-5ada-4a0e-bb99-172d7235aab3,2019-11-23 15:58:48+00:00,2019-11-23 15:58:48+00:00,1,['cart'],557603267,1,1,1,246.96,0.0,0,1,0,True,False,False,0,246.96,0.0,0,0,0,0,0.0,High Priority
b8cae1c3-817b-41ff-a487-7a8854008854,2019-11-23 15:59:43+00:00,2019-11-23 15:59:43+00:00,1,['cart'],572810024,1,1,1,255.59,0.0,0,1,0,True,False,False,0,255.59,0.0,0,0,0,0,0.0,High Priority
b53497a3-b74e-4fa6-b777-2bdf12d3393e,2019-11-23 16:00:31+00:00,2019-11-23 16:00:31+00:00,1,['cart'],513474691,1,1,0,193.83,0.0,0,1,0,True,False,False,0,193.83,0.0,0,0,0,0,0.0,High Priority
234a7015-8e96-41cf-9a2b-1c2cb376cb7e,2019-11-23 16:05:18+00:00,2019-11-23 16:05:18+00:00,1,['cart'],514941083,1,1,1,126.18,0.0,0,1,0,True,False,False,0,126.18,0.0,0,0,0,0,0.0,High Priority
d4095b73-bc3a-4600-8700-f329a59fc3d7,2019-11-23 16:08:27+00:00,2019-11-23 16:08:27+00:00,1,['cart'],570183882,1,1,1,533.18,0.0,0,1,0,True,False,False,0,533.18,0.0,0,0,0,0,0.0,High Priority
0c889a56-7b6b-4c22-9d26-b358b701be8f,2019-11-23 16:11:04+00:00,2019-11-23 16:11:04+00:00,1,['cart'],515016632,1,1,1,255.59,0.0,0,1,0,True,False,False,0,255.59,0.0,0,0,0,0,0.0,High Priority
e90dfe1c-57bd-4b28-a4a6-0aef018827cd,2019-11-23 16:11:29+00:00,2019-11-23 16:11:29+00:00,1,['cart'],514240174,1,1,1,125.49,0.0,0,1,0,True,False,False,0,125.49,0.0,0,0,0,0,0.0,High Priority
8581164c-04b6-4501-88fb-8ac66fd98308,2019-11-23 16:13:06+00:00,2019-11-23 16:13:06+00:00,1,['cart'],575528284,1,1,1,270.25,0.0,0,1,0,True,False,False,0,270.25,0.0,0,0,0,0,0.0,High Priority
191245fb-0f50-4add-9cf7-c1ab688bdd67,2019-11-23 16:16:28+00:00,2019-11-23 16:16:28+00:00,1,['cart'],514450445,1,1,1,334.6,0.0,0,1,0,True,False,False,0,334.6,0.0,0,0,0,0,0.0,High Priority
83cc33e7-fc7b-426a-b65a-3074e0b1fd2c,2019-11-23 16:17:37+00:00,2019-11-23 16:17:37+00:00,1,['cart'],541269497,1,1,1,164.48,0.0,0,1,0,True,False,False,0,164.48,0.0,0,0,0,0,0.0,High Priority
dffdd8c4-6032-4abb-8acb-2dd5e6126b65,2019-11-23 16:22:18+00:00,2019-11-23 16:22:18+00:00,1,['cart'],569167352,1,1,1,795.36,0.0,0,1,0,True,False,False,0,795.36,0.0,0,0,0,0,0.0,High Priority
fe79fd99-4d50-4d1d-82bc-25368a8eaa3e,2019-11-23 16:27:32+00:00,2019-11-23 16:28:53+00:00,2,"['cart', 'view']",515157225,1,1,1,269.24,1.35,1,1,0,True,False,True,0,269.24,1.0,0,0,0,0,0.0,High Priority
eeaf8406-954f-4448-b67a-57251a8d7f88,2019-11-23 16:27:57+00:00,2019-11-23 16:27:57+00:00,1,['cart'],513690041,1,1,1,11.56,0.0,0,1,0,True,False,False,0,11.56,0.0,0,0,0,0,0.0,High Priority
88054f4e-cd9b-5c23-14ed-098d7318e35c,2019-11-23 16:28:02+00:00,2019-11-23 16:28:02+00:00,1,['cart'],575273284,1,1,1,45.17,0.0,0,1,0,True,False,False,0,45.17,0.0,0,0,0,0,0.0,High Priority
29eaf978-0936-423b-969f-16e3cfef0688,2019-11-23 16:33:11+00:00,2019-11-23 16:33:11+00:00,1,['cart'],575542407,1,1,1,17.83,0.0,0,1,0,True,False,False,0,17.83,0.0,0,0,0,0,0.0,High Priority
ebaefb16-1c91-4429-a23c-2753f0a4dc9d,2019-11-23 16:34:17+00:00,2019-11-23 16:34:17+00:00,1,['cart'],529805164,1,1,1,126.18,0.0,0,1,0,True,False,False,0,126.18,0.0,0,0,0,0,0.0,High Priority
280951e1-bde2-4c3c-bad7-6c918cccf9a5,2019-11-23 16:36:05+00:00,2019-11-23 16:36:05+00:00,1,['cart'],512939799,1,1,1,48.14,0.0,0,1,0,True,False,False,0,48.14,0.0,0,0,0,0,0.0,High Priority
af909108-0432-4f39-996a-c0b2e6aa0a9b,2019-11-23 16:40:43+00:00,2019-11-23 16:40:43+00:00,1,['cart'],515462273,1,1,1,149.11,0.0,0,1,0,True,False,False,0,149.11,0.0,0,0,0,0,0.0,High Priority
a2631922-bcaa-4fa2-b2df-f90d89b23033,2019-11-23 16:44:20+00:00,2019-11-23 16:44:20+00:00,1,['cart'],569390997,1,1,1,14.65,0.0,0,1,0,True,False,False,0,14.65,0.0,0,0,0,0,0.0,High Priority
23966b9d-83cc-46a8-b076-989e5bfdd95a,2019-11-23 16:45:36+00:00,2019-11-23 16:45:36+00:00,1,['cart'],549551638,1,1,1,90.07,0.0,0,1,0,True,False,False,0,90.07,0.0,0,0,0,0,0.0,High Priority
a86b1405-9dce-4f4f-9c66-d16992df7f32,2019-11-23 16:46:49+00:00,2019-11-23 16:55:21+00:00,2,"['cart', 'view']",512786365,2,1,2,213.91,8.533333333333333,1,1,0,True,False,True,0,106.955,1.0,0,0,0,0,0.01,High Priority
0b460578-5b96-458a-9fde-73879425d607,2019-11-23 16:48:53+00:00,2019-11-23 16:48:53+00:00,1,['cart'],513277566,1,1,1,126.18,0.0,0,1,0,True,False,False,0,126.18,0.0,0,0,0,0,0.0,High Priority
6f79162f-8eb8-4bbd-b4d8-51fa12293ebd,2019-11-23 16:51:24+00:00,2019-11-23 16:51:24+00:00,1,['cart'],513834792,1,1,0,37.21,0.0,0,1,0,True,False,False,0,37.21,0.0,0,0,0,0,0.0,High Priority
f34d93d8-a693-4217-b291-f9ca5890459d,2019-11-23 16:56:32+00:00,2019-11-23 16:56:32+00:00,1,['cart'],513894206,1,1,1,267.7,0.0,0,1,0,True,False,False,0,267.7,0.0,0,0,0,0,0.0,High Priority
35b71cbd-2760-462c-b497-bec327b94d84,2019-11-23 16:58:47+00:00,2019-11-23 16:58:47+00:00,1,['cart'],515462273,1,1,1,270.25,0.0,0,1,0,True,False,False,0,270.25,0.0,0,1,1,1,0.0,High Priority
eb215589-166f-4bfe-8536-e07b28aff4fa,2019-11-23 17:07:09+00:00,2019-11-23 17:07:09+00:00,1,['cart'],575472242,1,1,1,12.84,0.0,0,1,0,True,False,False,0,12.84,0.0,0,0,0,0,0.0,High Priority
e18c9926-6267-4042-a785-7381ee80526a,2019-11-23 17:07:58+00:00,2019-11-23 17:07:58+00:00,1,['cart'],551298275,1,1,0,52.9,0.0,0,1,0,True,False,False,0,52.9,0.0,0,0,0,0,0.0,High Priority
31e7ff90-439e-48d4-9bfe-26323b4574a7,2019-11-23 17:11:29+00:00,2019-11-23 17:11:29+00:00,1,['cart'],575530089,1,1,1,126.18,0.0,0,1,0,True,False,False,0,126.18,0.0,0,0,0,0,0.0,High Priority
b08773bb-50c5-48be-b7b4-61293278a4af,2019-11-23 17:11:48+00:00,2019-11-23 17:11:48+00:00,1,['cart'],512559792,1,1,1,102.53,0.0,0,1,0,True,False,False,0,102.53,0.0,0,0,0,0,0.0,High Priority
523e6a1d-67f2-46de-a1fd-91fc857f4fa4,2019-11-23 17:16:05+00:00,2019-11-23 17:16:05+00:00,1,['cart'],570248229,1,1,1,180.16,0.0,0,1,0,True,False,False,0,180.16,0.0,0,0,0,0,0.0,High Priority
aa315040-f418-4623-ae85-6306bfb94866,2019-11-23 17:17:20+00:00,2019-11-23 17:17:20+00:00,1,['cart'],575560400,1,1,1,198.98,0.0,0,1,0,True,False,False,0,198.98,0.0,0,0,0,0,0.0,High Priority
66f5f3ff-25e8-42bb-9c9b-15ecef86f7a6,2019-11-23 17:19:07+00:00,2019-11-23 17:19:07+00:00,1,['cart'],575514252,1,1,1,205.9,0.0,0,1,0,True,False,False,0,205.9,0.0,0,0,0,0,0.0,High Priority
fe0b1bab-7d01-4d2c-b9b7-2ee3a8ca9dd4,2019-11-23 17:19:22+00:00,2019-11-23 17:19:22+00:00,1,['cart'],567180231,1,1,1,977.86,0.0,0,1,0,True,False,False,0,977.86,0.0,0,0,0,0,0.0,High Priority
365d8244-719b-41fa-8b78-36e1d4cae2ce,2019-11-23 17:22:42+00:00,2019-11-23 17:22:42+00:00,1,['cart'],554679262,1,1,1,63.49,0.0,0,1,0,True,False,False,0,63.49,0.0,0,0,0,0,0.0,High Priority
3456f2dd-9551-416e-ab9b-27e7c5e28312,2019-11-23 17:23:50+00:00,2019-11-23 17:23:50+00:00,1,['cart'],575555795,1,1,0,15.96,0.0,0,1,0,True,False,False,0,15.96,0.0,0,0,0,0,0.0,High Priority
540ce26b-aa3e-4396-b3cb-1846f5e9629e,2019-11-23 17:24:58+00:00,2019-11-23 17:24:58+00:00,1,['cart'],550133906,1,1,1,43.73,0.0,0,1,0,True,False,False,0,43.73,0.0,0,0,0,0,0.0,High Priority
32993532-37f9-4457-bcb6-61c45dfdae92,2019-11-23 17:25:31+00:00,2019-11-23 17:25:31+00:00,1,['cart'],571681814,1,1,1,291.68,0.0,0,1,0,True,False,False,0,291.68,0.0,0,0,0,0,0.02,High Priority
185250c7-37b3-416e-9ea4-ff958595bf40,2019-11-23 17:27:54+00:00,2019-11-23 17:27:54+00:00,1,['cart'],548923950,1,1,1,126.09,0.0,0,1,0,True,False,False,0,126.09,0.0,0,0,0,0,0.0,High Priority
91fcddc5-da81-4a2c-bb7b-0ae88de39648,2019-11-23 17:28:53+00:00,2019-11-23 17:28:53+00:00,1,['cart'],574467371,1,1,1,349.29,0.0,0,1,0,True,False,False,0,349.29,0.0,0,0,0,0,0.0,High Priority
1a7e0b92-2e13-43a4-a693-818a139ff71e,2019-11-23 17:34:18+00:00,2019-11-23 17:38:21+00:00,2,"['cart', 'view']",542824279,2,1,2,171.9,4.05,1,1,0,True,False,True,0,85.95,1.0,0,0,0,0,0.0,High Priority
8bbbe8aa-9680-4914-9bd0-691c4e028b79,2019-11-23 17:35:39+00:00,2019-11-23 17:35:39+00:00,1,['cart'],574610806,1,1,1,7.18,0.0,0,1,0,True,False,False,0,7.18,0.0,0,0,0,0,0.0,High Priority
6095003f-35b6-4328-acf2-7ba3e35a3b77,2019-11-23 17:37:28+00:00,2019-11-23 17:37:28+00:00,1,['cart'],572570371,1,1,1,321.73,0.0,0,1,0,True,False,False,0,321.73,0.0,0,0,0,0,0.0,High Priority
671aa753-4d63-4696-ae0b-c9ddece0ccfc,2019-11-23 17:45:00+00:00,2019-11-23 17:46:13+00:00,2,"['cart', 'view']",571445970,2,1,1,194.09,1.2166666666666666,1,1,0,True,False,True,0,97.045,1.0,0,0,0,0,0.0,High Priority
b0676a9e-df1e-4618-86de-7713e2eb194c,2019-11-23 17:46:17+00:00,2019-11-23 17:46:17+00:00,1,['cart'],548126878,1,1,1,34.72,0.0,0,1,0,True,False,False,0,34.72,0.0,0,0,0,0,0.0,High Priority
4958d0e3-c03a-4cfd-ba74-691026411c3a,2019-11-23 17:50:52+00:00,2019-11-23 17:53:08+00:00,2,"['cart', 'view']",575577832,1,1,1,493.92,2.2666666666666666,1,1,0,True,False,True,0,493.92,1.0,0,0,0,0,0.0,High Priority
afe13205-7030-4a78-a73c-c507a48bcad2,2019-11-23 17:59:16+00:00,2019-11-23 17:59:16+00:00,1,['cart'],519096831,1,1,1,951.93,0.0,0,1,0,True,False,False,0,951.93,0.0,0,0,0,0,0.0,High Priority
87ab6979-3945-4af2-8282-5f81d71af05e,2019-11-23 18:01:00+00:00,2019-11-23 18:01:00+00:00,1,['cart'],575579078,1,1,1,29.04,0.0,0,1,0,True,False,False,0,29.04,0.0,0,0,0,0,0.0,High Priority
0edca947-2cba-4dd2-ac63-c1e65b825752,2019-11-23 18:03:48+00:00,2019-11-23 18:03:48+00:00,1,['cart'],542031244,1,1,1,130.76,0.0,0,1,0,True,False,False,0,130.76,0.0,0,0,0,0,0.0,High Priority
0f50d647-b194-46c6-8bac-15e30f166b76,2019-11-23 18:14:02+00:00,2019-11-23 18:14:02+00:00,1,['cart'],525655476,1,1,1,276.2,0.0,0,1,0,True,False,False,0,276.2,0.0,0,0,0,0,0.0,High Priority
47ac5301-d04e-483f-b0f6-2f446e4097e3,2019-11-23 18:14:04+00:00,2019-11-23 18:14:04+00:00,1,['cart'],524641353,1,1,0,36.17,0.0,0,1,0,True,False,False,0,36.17,0.0,0,0,0,0,0.0,High Priority
ab398e6f-2397-408b-8082-f54352cba897,2019-11-23 18:14:32+00:00,2019-11-23 18:14:32+00:00,1,['cart'],540120062,1,1,1,146.64,0.0,0,1,0,True,False,False,0,146.64,0.0,0,0,0,0,0.0,High Priority
788a9931-bb39-452b-b71b-2aa251d22f26,2019-11-23 18:17:32+00:00,2019-11-23 18:17:32+00:00,1,['cart'],521800754,1,1,1,25.46,0.0,0,1,0,True,False,False,0,25.46,0.0,0,0,0,0,0.0,High Priority
edb45da3-46e8-443f-b0ee-ec28b644ec2e,2019-11-23 18:21:35+00:00,2019-11-23 18:21:35+00:00,1,['cart'],515260015,1,1,1,473.34,0.0,0,1,0,True,False,False,0,473.34,0.0,0,0,0,0,0.0,High Priority
74a68ab7-7c8b-4d98-9b3f-c39c5ad496d7,2019-11-23 18:23:15+00:00,2019-11-23 18:23:15+00:00,1,['cart'],568167211,1,1,1,417.5,0.0,0,1,0,True,False,False,0,417.5,0.0,0,0,0,0,0.0,High Priority
118be31f-5111-45cb-be7a-9413b425a938,2019-11-23 18:23:17+00:00,2019-11-23 18:23:17+00:00,1,['cart'],515418775,1,1,1,916.37,0.0,0,1,0,True,False,False,0,916.37,0.0,0,0,0,0,0.0,High Priority
ce0a82e2-c14b-43e8-b28e-9a541fecf279,2019-11-23 18:28:35+00:00,2019-11-23 18:28:35+00:00,1,['cart'],569649297,1,1,0,11.81,0.0,0,1,0,True,False,False,0,11.81,0.0,0,0,0,0,0.0,High Priority
48876bff-0325-46d0-a0f3-54fd5de59bdf,2019-11-23 18:33:29+00:00,2019-11-23 18:33:29+00:00,1,['cart'],520490607,1,1,1,21.88,0.0,0,1,0,True,False,False,0,21.88,0.0,0,0,0,0,0.0,High Priority
12458f13-016e-4e57-b64a-7b9b25b02500,2019-11-23 18:33:58+00:00,2019-11-23 18:33:58+00:00,1,['cart'],560687271,1,1,1,41.44,0.0,0,1,0,True,False,False,0,41.44,0.0,0,0,0,0,0.0,High Priority
282c7998-2480-4696-bde0-ac15fbcc02e6,2019-11-23 18:34:38+00:00,2019-11-23 18:34:38+00:00,1,['cart'],545838548,1,1,0,39.13,0.0,0,1,0,True,False,False,0,39.13,0.0,0,0,0,0,0.0,High Priority
dab18df3-25d7-4e6d-b866-d9b93d8d2bef,2019-11-23 18:34:56+00:00,2019-11-23 18:34:56+00:00,1,['cart'],569802430,1,1,1,15.42,0.0,0,1,0,True,False,False,0,15.42,0.0,0,0,0,0,0.0,High Priority
e3b95d4e-2e3f-4a49-827f-779e90d81805,2019-11-23 18:40:16+00:00,2019-11-23 18:40:16+00:00,1,['cart'],572944252,1,1,1,291.68,0.0,0,1,0,True,False,False,0,291.68,0.0,0,0,0,0,0.02,High Priority
866d68e3-92db-4a30-b837-c8b4ae0ee403,2019-11-23 18:44:37+00:00,2019-11-23 18:44:37+00:00,1,['cart'],515609224,1,1,1,38.61,0.0,0,1,0,True,False,False,0,38.61,0.0,0,0,0,0,0.0,High Priority
95ac0ed1-eb07-4437-9c09-974435807349,2019-11-23 18:44:55+00:00,2019-11-23 18:44:55+00:00,1,['cart'],574882811,1,1,1,437.57,0.0,0,1,0,True,False,False,0,437.57,0.0,0,0,0,0,0.0,High Priority
41465090-887d-4cac-bc79-d8bbe84a9517,2019-11-23 18:47:17+00:00,2019-11-23 18:47:17+00:00,1,['cart'],517820658,1,1,1,82.25,0.0,0,1,0,True,False,False,0,82.25,0.0,0,1,1,1,0.0,High Priority
5515db99-d9f8-427e-8616-ad2364fb3665,2019-11-23 18:48:04+00:00,2019-11-23 18:48:04+00:00,1,['cart'],569705422,1,1,1,111.71,0.0,0,1,0,True,False,False,0,111.71,0.0,0,1,1,1,0.0,High Priority
5d427a04-47b0-48f0-ad55-926a2497707b,2019-11-23 18:56:29+00:00,2019-11-23 18:56:29+00:00,1,['cart'],516493832,1,1,1,977.89,0.0,0,1,0,True,False,False,0,977.89,0.0,0,0,0,0,0.0,High Priority
9d99f2f2-c057-4ea3-9a7d-e9b88023d627,2019-11-23 19:00:10+00:00,2019-11-23 19:00:10+00:00,1,['cart'],566503591,1,1,1,463.69,0.0,0,1,0,True,False,False,0,463.69,0.0,0,0,0,0,0.0,High Priority
ff70d606-3439-42b8-9051-a38139cc1084,2019-11-23 19:08:55+00:00,2019-11-23 19:08:55+00:00,1,['cart'],575431170,1,1,1,211.07,0.0,0,1,0,True,False,False,0,211.07,0.0,0,0,0,0,0.0,High Priority
eb35696e-796d-4ce4-850a-c9c09f984d07,2019-11-23 19:16:49+00:00,2019-11-23 19:16:49+00:00,1,['cart'],536212046,1,1,0,11.89,0.0,0,1,0,True,False,False,0,11.89,0.0,0,0,0,0,0.0,High Priority
5b45ff9b-6608-4565-b260-dcbb2e1c0fec,2019-11-23 19:27:12+00:00,2019-11-23 19:27:12+00:00,1,['cart'],512957850,1,1,1,487.27,0.0,0,1,0,True,False,False,0,487.27,0.0,0,0,0,0,0.0,High Priority
28437202-62ae-4a69-9a4a-4a1fa0585cd5,2019-11-23 19:30:36+00:00,2019-11-23 19:30:36+00:00,1,['cart'],540477740,1,1,1,47.88,0.0,0,1,0,True,False,False,0,47.88,0.0,0,0,0,0,0.0,High Priority
2cae01ec-2611-4f3c-bef0-a09557827fd9,2019-11-23 19:35:07+00:00,2019-11-23 19:35:07+00:00,1,['cart'],513461362,1,1,1,171.69,0.0,0,1,0,True,False,False,0,171.69,0.0,0,2,2,2,0.0,High Priority
9071495a-c0ee-47b9-8413-90e582f5943e,2019-11-23 19:38:57+00:00,2019-11-23 19:38:57+00:00,1,['cart'],512699297,1,1,1,16.42,0.0,0,1,0,True,False,False,0,16.42,0.0,0,0,0,0,0.0,High Priority
17ab7be8-d95b-41a6-9d71-b227ef18050b,2019-11-23 19:39:47+00:00,2019-11-23 19:39:47+00:00,1,['cart'],533760404,1,1,1,69.24,0.0,0,1,0,True,False,False,0,69.24,0.0,0,0,0,0,0.0,High Priority
378c76d5-a75b-437a-bd3c-71f60d97e2f4,2019-11-23 19:40:01+00:00,2019-11-23 19:40:01+00:00,1,['cart'],544790446,1,1,1,107.16,0.0,0,1,0,True,False,False,0,107.16,0.0,0,0,0,0,0.0,High Priority
93a5f5e1-0ab0-445d-89da-f29d452d65ee,2019-11-23 19:41:07+00:00,2019-11-23 19:41:07+00:00,1,['cart'],562208669,1,1,1,403.53,0.0,0,1,0,True,False,False,0,403.53,0.0,0,0,0,0,0.0,High Priority
8d4c1de2-5f50-4b96-ab9c-072b0c582f2e,2019-11-23 19:41:27+00:00,2019-11-23 19:41:27+00:00,1,['cart'],567130977,1,1,1,195.22,0.0,0,1,0,True,False,False,0,195.22,0.0,0,0,0,0,0.0,High Priority
4de0db07-e16a-4aac-93e4-8381eccab5db,2019-11-23 19:50:10+00:00,2019-11-23 19:50:10+00:00,1,['cart'],538274739,1,1,1,429.44,0.0,0,1,0,True,False,False,0,429.44,0.0,0,0,0,0,0.0,High Priority
d89d7512-dd29-4584-8a2e-b9b001644ada,2019-11-23 20:03:27+00:00,2019-11-23 20:03:27+00:00,1,['cart'],521020740,1,1,1,119.39,0.0,0,1,0,True,False,False,0,119.39,0.0,0,0,0,0,0.0,High Priority
db305e9d-9cd5-4987-ad20-b2ce10533408,2019-11-23 20:06:31+00:00,2019-11-23 20:06:31+00:00,1,['cart'],513280811,1,1,1,1595.41,0.0,0,1,0,True,False,False,0,1595.41,0.0,0,0,0,0,0.0,High Priority
83de6f92-a5b6-4988-a5e2-63fdc8554964,2019-11-23 20:08:49+00:00,2019-11-23 20:08:49+00:00,1,['cart'],528373738,1,1,1,199.18,0.0,0,1,0,True,False,False,0,199.18,0.0,0,1,1,1,0.0,High Priority
0a5e18e5-4a4b-4c58-a198-b29a7eefe6be,2019-11-23 20:11:14+00:00,2019-11-23 20:11:14+00:00,1,['cart'],519292328,1,1,1,195.22,0.0,0,1,0,True,False,False,0,195.22,0.0,0,0,0,0,0.0,High Priority
8ad0704f-6d60-48b8-aeb4-cb1170b4d1fb,2019-11-23 20:27:37+00:00,2019-11-23 20:27:37+00:00,1,['cart'],521113410,1,1,1,42.6,0.0,0,1,0,True,False,False,0,42.6,0.0,0,0,0,0,0.0,High Priority
382197f3-6a49-4457-b426-b761751c63fa,2019-11-23 20:40:14+00:00,2019-11-23 20:40:14+00:00,1,['cart'],565589029,1,1,1,46.31,0.0,0,1,0,True,False,False,0,46.31,0.0,0,0,0,0,0.0,High Priority
de9aba12-9af9-4590-8955-114e2ce12619,2019-11-23 20:44:12+00:00,2019-11-23 20:44:12+00:00,1,['cart'],572494602,1,1,1,4.25,0.0,0,1,0,True,False,False,0,4.25,0.0,0,0,0,0,0.0,High Priority
518ef123-6265-4bc9-9681-ab44d1bdd09c,2019-11-23 20:51:39+00:00,2019-11-23 20:51:39+00:00,1,['cart'],513335704,1,1,1,1002.86,0.0,0,1,0,True,False,False,0,1002.86,0.0,0,0,0,0,0.0,High Priority
45fe4e08-51a2-45fb-b2e4-11c14e8a9aaf,2019-11-23 21:02:38+00:00,2019-11-23 21:02:38+00:00,1,['cart'],571018842,1,1,1,1656.93,0.0,0,1,0,True,False,False,0,1656.93,0.0,0,0,0,0,0.0,High Priority
88b3423f-5406-4598-8994-c5f814d1f795,2019-11-23 21:08:58+00:00,2019-11-23 21:08:58+00:00,1,['cart'],539328563,1,1,1,1196.94,0.0,0,1,0,True,False,False,0,1196.94,0.0,0,0,0,0,0.0,High Priority
4bbe29b0-9a32-4b46-98e6-97d54bb6a67d,2019-11-23 21:09:54+00:00,2019-11-23 21:09:54+00:00,1,['cart'],573088706,1,1,1,102.94,0.0,0,1,0,True,False,False,0,102.94,0.0,0,0,0,0,0.0,High Priority
51e15fc1-807e-4188-a0e6-6092a6895f1c,2019-11-23 21:28:05+00:00,2019-11-23 21:28:05+00:00,1,['cart'],518749805,1,1,1,334.6,0.0,0,1,0,True,False,False,0,334.6,0.0,0,0,0,0,0.0,High Priority
e79420c9-98c3-444a-bf89-ea8e1c69e49f,2019-11-23 21:32:19+00:00,2019-11-23 21:32:19+00:00,1,['cart'],532622412,1,1,1,487.27,0.0,0,1,0,True,False,False,0,487.27,0.0,0,0,0,0,0.0,High Priority
20c1ccd3-e43a-4500-a973-c86c6e4ac814,2019-11-23 22:04:32+00:00,2019-11-23 22:04:32+00:00,1,['cart'],573679267,1,1,1,104.78,0.0,0,1,0,True,False,False,0,104.78,0.0,0,0,0,0,0.0,High Priority
15b08777-68a3-4ada-ae97-0b46e9191287,2019-11-23 22:18:10+00:00,2019-11-23 22:18:10+00:00,1,['cart'],533824999,1,1,1,119.69,0.0,0,1,0,True,False,False,0,119.69,0.0,0,0,0,0,0.0,High Priority
90d649dc-a873-4423-a412-b6fa21189855,2019-11-23 22:37:20+00:00,2019-11-23 22:37:20+00:00,1,['cart'],575677744,1,1,1,35.01,0.0,0,1,0,True,False,False,0,35.01,0.0,0,0,0,0,0.0,High Priority
7f055833-14e3-4876-b3f8-2dcd720f3c57,2019-11-23 23:19:59+00:00,2019-11-23 23:19:59+00:00,1,['cart'],542504372,1,1,1,126.18,0.0,0,1,0,True,False,False,0,126.18,0.0,0,0,0,0,0.0,High Priority
df4e2c9e-c0e9-4e19-ad3c-386a35f6143c,2019-11-23 23:28:14+00:00,2019-11-23 23:28:14+00:00,1,['cart'],547870985,1,1,1,9.24,0.0,0,1,0,True,False,False,0,9.24,0.0,0,0,0,0,0.0,High Priority
0df580bb-9b3e-4b3f-a6f0-f6a450111fd8,2019-11-23 23:37:20+00:00,2019-11-23 23:46:05+00:00,2,"['cart', 'view']",575695047,2,1,2,58.92,8.75,1,1,0,True,False,True,0,29.46,1.0,0,0,0,0,0.0,High Priority
58640229-4f0d-4e81-b1bf-3ec9f800ee94,2019-11-23 23:56:02+00:00,2019-11-23 23:56:02+00:00,1,['cart'],575188273,1,1,1,118.15,0.0,0,1,0,True,False,False,0,118.15,0.0,0,0,0,0,0.0,High Priority
ddc2827b-9e19-48cb-ac3a-ba17595ec4d5,2019-11-24 00:35:18+00:00,2019-11-24 00:35:18+00:00,1,['cart'],512576552,1,1,0,75.65,0.0,0,1,0,True,False,False,0,75.65,0.0,0,0,0,0,0.0,High Priority
484abfcf-4632-4e5b-aeba-083cbe7f6760,2019-11-24 01:09:33+00:00,2019-11-24 01:09:33+00:00,1,['cart'],513491579,1,1,1,1287.01,0.0,0,1,0,True,False,False,0,1287.01,0.0,0,0,0,0,0.0,High Priority
93735c5a-1d8d-46d5-b871-eeca50435595,2019-11-24 01:14:45+00:00,2019-11-24 01:14:45+00:00,1,['cart'],536296610,1,1,1,62.55,0.0,0,1,0,True,False,False,0,62.55,0.0,0,0,0,0,0.0,High Priority
0582d428-302d-4c61-9163-4adace6e087a,2019-11-24 01:38:02+00:00,2019-11-24 01:38:02+00:00,1,['cart'],573148945,1,1,0,46.33,0.0,0,1,0,True,False,False,0,46.33,0.0,0,0,0,0,0.0,High Priority
6f33cab8-2de0-44f1-bef5-6640e1b2a738,2019-11-24 01:45:13+00:00,2019-11-24 02:01:36+00:00,2,"['cart', 'view']",564346981,2,1,2,280.6,16.383333333333333,1,1,0,True,False,True,0,140.3,1.0,0,0,0,0,0.0,High Priority
955e0969-8f34-49f2-9681-0355bcf0d4dd,2019-11-24 01:55:43+00:00,2019-11-24 01:55:43+00:00,1,['cart'],533327758,1,1,1,32.43,0.0,0,1,0,True,False,False,0,32.43,0.0,0,0,0,0,0.0,High Priority
14fac556-9cc7-4563-b355-a30449afafbf,2019-11-24 02:52:59+00:00,2019-11-24 02:52:59+00:00,1,['cart'],514118308,1,1,1,27.0,0.0,0,1,0,True,False,False,0,27.0,0.0,0,1,1,1,0.0,High Priority
c901f995-e350-4c38-9913-930a8fa0828d,2019-11-24 03:05:20+00:00,2019-11-24 03:05:20+00:00,1,['cart'],553673556,1,1,1,29.6,0.0,0,1,0,True,False,False,0,29.6,0.0,0,0,0,0,0.0,High Priority
cc3224d9-cbbe-48b8-b0af-7de0f4322972,2019-11-24 03:23:19+00:00,2019-11-24 03:34:06+00:00,2,"['cart', 'view']",552113316,2,2,2,321.16,10.783333333333331,1,1,0,True,False,True,0,160.58,1.0,0,0,0,0,0.0,High Priority
d258a643-0e5e-4ca6-b487-24f1e36cbde6,2019-11-24 03:28:10+00:00,2019-11-24 03:46:03+00:00,2,"['cart', 'view']",574127851,2,1,2,1147.68,17.883333333333333,1,1,0,True,False,True,0,573.84,1.0,0,0,0,0,0.0,High Priority
f903a012-3dc7-49b7-863e-d3d4bbbc2c30,2019-11-24 03:28:30+00:00,2019-11-24 03:28:30+00:00,1,['cart'],575738853,1,1,1,141.29,0.0,0,1,0,True,False,False,0,141.29,0.0,0,0,0,0,0.0,High Priority
0d033956-a1bf-44da-97dc-af606de14896,2019-11-24 03:29:35+00:00,2019-11-24 03:29:35+00:00,1,['cart'],521102912,1,1,1,34.88,0.0,0,1,0,True,False,False,0,34.88,0.0,0,0,0,0,0.0,High Priority
d5280768-8bf8-4010-ace1-4d2eb8c0dd81,2019-11-24 03:30:15+00:00,2019-11-24 03:30:15+00:00,1,['cart'],571588775,1,1,1,292.13,0.0,0,1,0,True,False,False,0,292.13,0.0,0,0,0,0,0.0,High Priority
b13a22a0-cd3d-401d-b881-cde9216907f5,2019-11-24 03:31:08+00:00,2019-11-24 03:31:08+00:00,1,['cart'],514210374,1,1,1,334.6,0.0,0,1,0,True,False,False,0,334.6,0.0,0,0,0,0,0.0,High Priority
c6dcd230-7edd-4d96-a89a-9f5261eab6e0,2019-11-24 03:36:44+00:00,2019-11-24 03:36:44+00:00,1,['cart'],573819442,1,1,1,291.65,0.0,0,1,0,True,False,False,0,291.65,0.0,0,0,0,0,0.02,High Priority
eb14b7da-348c-4a2f-87c9-a4c2d3385219,2019-11-24 03:38:07+00:00,2019-11-24 03:38:07+00:00,1,['cart'],517255221,1,1,0,364.91,0.0,0,1,0,True,False,False,0,364.91,0.0,0,0,0,0,0.0,High Priority
088d94e6-f800-4ad4-a77b-9c4448080cdf,2019-11-24 03:38:26+00:00,2019-11-24 03:38:26+00:00,1,['cart'],513305870,1,1,1,715.33,0.0,0,1,0,True,False,False,0,715.33,0.0,0,0,0,0,0.0,High Priority
d56d5557-26bf-42f4-8bd1-d92528cea301,2019-11-24 03:39:21+00:00,2019-11-24 03:39:21+00:00,1,['cart'],565985897,1,1,1,99.36,0.0,0,1,0,True,False,False,0,99.36,0.0,0,0,0,0,0.0,High Priority
eb1e97fe-a4c5-48e8-b0c8-8b48002efa1d,2019-11-24 03:43:33+00:00,2019-11-24 03:43:33+00:00,1,['cart'],575742279,1,1,1,85.46,0.0,0,1,0,True,False,False,0,85.46,0.0,0,0,0,0,0.0,High Priority
9a077f0c-e635-4ff7-8b44-99d63acb09e7,2019-11-24 03:43:44+00:00,2019-11-24 03:43:44+00:00,1,['cart'],553129588,1,1,1,769.65,0.0,0,1,0,True,False,False,0,769.65,0.0,0,0,0,0,0.0,High Priority
745b39a6-bc2a-41c4-aae1-4e110a04e750,2019-11-24 03:44:22+00:00,2019-11-24 03:44:22+00:00,1,['cart'],571416726,1,1,0,17.37,0.0,0,1,0,True,False,False,0,17.37,0.0,0,0,0,0,0.0,High Priority
02f4502e-b3b3-43f2-9820-0c063e9e3d58,2019-11-24 03:44:58+00:00,2019-11-24 03:44:58+00:00,1,['cart'],515999312,1,1,1,154.42,0.0,0,1,0,True,False,False,0,154.42,0.0,0,0,0,0,0.0,High Priority
37259bac-1496-4e0d-9c7b-c6e87fa1e568,2019-11-24 03:46:29+00:00,2019-11-24 03:46:29+00:00,1,['cart'],526659833,1,1,1,76.17,0.0,0,1,0,True,False,False,0,76.17,0.0,0,0,0,0,0.0,High Priority
8c3d8951-c0ef-4bc4-a92d-90d48e0ce4da,2019-11-24 03:47:56+00:00,2019-11-24 03:47:56+00:00,1,['cart'],547697907,1,1,1,134.62,0.0,0,1,0,True,False,False,0,134.62,0.0,0,0,0,0,0.0,High Priority
ec2aa451-d6c6-4aab-bdbd-a448a305256e,2019-11-24 03:48:09+00:00,2019-11-24 03:48:09+00:00,1,['cart'],541975620,1,1,1,613.27,0.0,0,1,0,True,False,False,0,613.27,0.0,0,0,0,0,0.0,High Priority
344494d8-e60c-45ca-b7f4-ee300c1d39e9,2019-11-24 03:49:33+00:00,2019-11-24 03:52:00+00:00,2,"['cart', 'view']",518414382,2,1,1,746.4300000000001,2.45,1,1,0,True,False,True,0,373.215,1.0,0,0,0,0,0.01,High Priority
46e1c377-eb54-413d-861f-e41e10c80272,2019-11-24 03:51:30+00:00,2019-11-24 03:51:30+00:00,1,['cart'],533543473,1,1,1,134.6,0.0,0,1,0,True,False,False,0,134.6,0.0,0,0,0,0,0.0,High Priority
43045e69-c605-42b5-829c-0f29b598b84c,2019-11-24 03:56:18+00:00,2019-11-24 03:56:18+00:00,1,['cart'],541969262,1,1,1,48.91,0.0,0,1,0,True,False,False,0,48.91,0.0,0,0,0,0,0.0,High Priority
317539a2-c8be-4828-9ea2-9a9485ee9d7e,2019-11-24 03:56:47+00:00,2019-11-24 03:56:47+00:00,1,['cart'],513136761,1,1,1,18.61,0.0,0,1,0,True,False,False,0,18.61,0.0,0,0,0,0,0.0,High Priority
2e576c4e-3c7e-4e2a-a518-051d493d5d47,2019-11-24 03:57:11+00:00,2019-11-24 03:57:11+00:00,1,['cart'],537703160,1,1,0,8.66,0.0,0,1,0,True,False,False,0,8.66,0.0,0,0,0,0,0.0,High Priority
c4c460d2-c09c-4ce6-b0fc-48964df1942d,2019-11-24 03:59:26+00:00,2019-11-24 04:02:00+00:00,2,"['cart', 'view']",523301084,1,1,1,61.78,2.566666666666667,1,1,0,True,False,True,0,61.78,1.0,0,0,0,0,0.0,High Priority
998ea0ca-ba8e-49c4-9022-b27f678cab2e,2019-11-24 04:02:25+00:00,2019-11-24 04:02:25+00:00,1,['cart'],534840847,1,1,1,308.03,0.0,0,1,0,True,False,False,0,308.03,0.0,0,0,0,0,0.0,High Priority
e3a51298-d4f0-4c55-a522-e41e7b45e364,2019-11-24 04:03:11+00:00,2019-11-24 04:03:11+00:00,1,['cart'],572328787,1,1,1,533.18,0.0,0,1,0,True,False,False,0,533.18,0.0,0,0,0,0,0.0,High Priority
8d8551e7-6fab-4fb7-8b3f-44b2d4c29e43,2019-11-24 04:05:24+00:00,2019-11-24 04:05:24+00:00,1,['cart'],575730909,1,1,1,195.22,0.0,0,1,0,True,False,False,0,195.22,0.0,0,0,0,0,0.0,High Priority
0f31316e-10a2-46a5-9609-6b220032fd68,2019-11-24 04:06:14+00:00,2019-11-24 04:06:14+00:00,1,['cart'],575747719,1,1,1,126.18,0.0,0,1,0,True,False,False,0,126.18,0.0,0,0,0,0,0.0,High Priority
9b5df89e-4375-445a-99f9-8870e76f5486,2019-11-24 04:07:31+00:00,2019-11-24 04:08:03+00:00,2,"['cart', 'view']",560334489,1,1,1,72.08,0.5333333333333333,1,1,0,True,False,True,0,72.08,1.0,0,0,0,0,0.0,High Priority
7cef95f2-6e6f-4060-9066-047819ba09fb,2019-11-24 04:08:07+00:00,2019-11-24 04:08:07+00:00,1,['cart'],514302619,1,1,1,32.69,0.0,0,1,0,True,False,False,0,32.69,0.0,0,0,0,0,0.0,High Priority
01fd87b7-3623-4cda-a9da-6b390e2cc070,2019-11-24 04:11:23+00:00,2019-11-24 04:11:23+00:00,1,['cart'],540361738,1,1,1,532.83,0.0,0,1,0,True,False,False,0,532.83,0.0,0,0,0,0,0.0,High Priority
12f95f95-f835-40b3-8ad3-2b360512e001,2019-11-24 04:12:16+00:00,2019-11-24 04:12:42+00:00,2,"['cart', 'view']",518836961,1,1,1,77.74,0.4333333333333333,1,1,0,True,False,True,0,77.74,1.0,0,0,0,0,0.0,High Priority
94801056-8580-46d3-b323-a8f2c32da714,2019-11-24 04:13:35+00:00,2019-11-24 04:13:35+00:00,1,['cart'],515852235,1,1,1,977.86,0.0,0,1,0,True,False,False,0,977.86,0.0,0,0,0,0,0.0,High Priority
6eaee411-9910-4f5f-ac3b-dc4f8b63a011,2019-11-24 04:20:23+00:00,2019-11-24 04:20:23+00:00,1,['cart'],530840797,1,1,1,38.56,0.0,0,1,0,True,False,False,0,38.56,0.0,0,0,0,0,0.0,High Priority
bc6311f5-1bbc-4c18-a7bf-220a34efca8b,2019-11-24 04:20:44+00:00,2019-11-24 04:20:44+00:00,1,['cart'],570569325,1,1,1,88.29,0.0,0,1,0,True,False,False,0,88.29,0.0,0,0,0,0,0.0,High Priority
7eec67bf-82d6-407d-a23c-5d1654bc6cfe,2019-11-24 04:21:17+00:00,2019-11-24 04:21:17+00:00,1,['cart'],574051929,1,1,1,246.96,0.0,0,1,0,True,False,False,0,246.96,0.0,0,1,1,1,0.0,High Priority
a3ecb137-25b7-448c-b3fd-ec7e59b05caf,2019-11-24 04:22:51+00:00,2019-11-24 04:35:04+00:00,2,"['cart', 'view']",514211592,2,1,1,293.12,12.216666666666669,1,1,0,True,False,True,0,146.56,1.0,0,0,0,0,0.0,High Priority
3f69c8ad-2bbe-4698-8c41-606176c7fb59,2019-11-24 04:25:13+00:00,2019-11-24 04:25:13+00:00,1,['cart'],568431323,1,1,0,149.91,0.0,0,1,0,True,False,False,0,149.91,0.0,0,0,0,0,0.0,High Priority
83551a51-b823-45eb-a651-19e649b64b58,2019-11-24 04:26:36+00:00,2019-11-24 04:26:36+00:00,1,['cart'],539704676,1,1,1,143.89,0.0,0,1,0,True,False,False,0,143.89,0.0,0,0,0,0,0.0,High Priority
4eb09880-a0fe-4f32-acaf-1257388e5070,2019-11-24 04:27:09+00:00,2019-11-24 04:27:09+00:00,1,['cart'],561131651,1,1,1,246.96,0.0,0,1,0,True,False,False,0,246.96,0.0,0,1,1,1,0.0,High Priority
4d9d9fea-4b7e-456f-92b6-d16b0281acd1,2019-11-24 04:27:18+00:00,2019-11-24 04:27:18+00:00,1,['cart'],541982000,1,1,1,154.42,0.0,0,1,0,True,False,False,0,154.42,0.0,0,1,1,1,0.0,High Priority
70093ee3-e7e6-417a-8eec-9b83988c9164,2019-11-24 04:27:56+00:00,2019-11-24 04:27:56+00:00,1,['cart'],551883751,1,1,1,154.19,0.0,0,1,0,True,False,False,0,154.19,0.0,0,0,0,0,0.0,High Priority
134c6162-12be-4312-8d09-36224e960364,2019-11-24 04:29:51+00:00,2019-11-24 04:31:48+00:00,2,"['cart', 'view']",575751720,1,1,1,283.64,1.95,1,1,0,True,False,True,0,283.64,1.0,0,0,0,0,0.0,High Priority
9b22d189-a9ae-4c3c-adcf-f7eac6576d0c,2019-11-24 04:31:14+00:00,2019-11-24 04:31:14+00:00,1,['cart'],514759713,1,1,1,164.48,0.0,0,1,0,True,False,False,0,164.48,0.0,0,0,0,0,0.0,High Priority
8a1c3216-1137-4de1-a9be-965f9973c510,2019-11-24 04:31:51+00:00,2019-11-24 04:31:51+00:00,1,['cart'],514930493,1,1,0,55.6,0.0,0,1,0,True,False,False,0,55.6,0.0,0,0,0,0,0.0,High Priority
f6c5db9c-b929-4a8c-afa7-48815b46619c,2019-11-24 04:32:27+00:00,2019-11-24 04:32:27+00:00,1,['cart'],541648353,1,1,1,92.05,0.0,0,1,0,True,False,False,0,92.05,0.0,0,0,0,0,0.0,High Priority
b840099d-ffc4-4319-bb5a-08d4c9c8d6dd,2019-11-24 04:33:23+00:00,2019-11-24 04:33:23+00:00,1,['cart'],513606568,1,1,1,57.92,0.0,0,1,0,True,False,False,0,57.92,0.0,0,0,0,0,0.0,High Priority
8e7182af-9a2f-4ad4-9f85-402ec3e5a275,2019-11-24 04:33:48+00:00,2019-11-24 04:33:48+00:00,1,['cart'],571005703,1,1,1,5.92,0.0,0,1,0,True,False,False,0,5.92,0.0,0,0,0,0,0.0,High Priority
a7f66b09-c264-4fe3-98e0-5f5928a18427,2019-11-24 04:34:57+00:00,2019-11-24 04:34:57+00:00,1,['cart'],521880574,1,1,1,977.89,0.0,0,1,0,True,False,False,0,977.89,0.0,0,0,0,0,0.0,High Priority
45bb09ee-ae67-4503-8568-bed309e1ede0,2019-11-24 04:35:25+00:00,2019-11-24 04:35:25+00:00,1,['cart'],512467815,1,1,1,8.49,0.0,0,1,0,True,False,False,0,8.49,0.0,0,0,0,0,0.0,High Priority
54cfdde0-03c0-44fb-8f22-ef617aac6fe2,2019-11-24 04:38:34+00:00,2019-11-24 04:38:34+00:00,1,['cart'],541535656,1,1,1,180.16,0.0,0,1,0,True,False,False,0,180.16,0.0,0,0,0,0,0.0,High Priority
33ea6d3c-24f4-4e7c-8af1-050f16019425,2019-11-24 04:47:00+00:00,2019-11-24 04:47:00+00:00,1,['cart'],543312954,1,1,1,126.18,0.0,0,1,0,True,False,False,0,126.18,0.0,0,0,0,0,0.0,High Priority
e4a3a5fb-8457-4d1c-b190-50ff92de6c98,2019-11-24 04:50:11+00:00,2019-11-24 04:50:11+00:00,1,['cart'],573525131,1,1,1,437.31,0.0,0,1,0,True,False,False,0,437.31,0.0,0,0,0,0,0.0,High Priority
7db8026d-acbd-4998-9198-19eb1835e0ec,2019-11-24 04:52:00+00:00,2019-11-24 04:52:00+00:00,1,['cart'],512586805,1,1,1,45.05,0.0,0,1,0,True,False,False,0,45.05,0.0,0,0,0,0,0.0,High Priority
f56594f5-e14d-4e73-8d7e-cc535027f5ce,2019-11-24 04:52:30+00:00,2019-11-24 04:52:30+00:00,1,['cart'],550294994,1,1,1,200.75,0.0,0,1,0,True,False,False,0,200.75,0.0,0,0,0,0,0.0,High Priority
81c7ca8c-ec56-4706-a5c1-bdf4348fdc5e,2019-11-24 04:52:56+00:00,2019-11-24 04:53:33+00:00,2,"['cart', 'view']",575758653,1,1,1,95.24,0.6166666666666667,1,1,0,True,False,True,0,95.24,1.0,0,0,0,0,0.0,High Priority
5a4fed27-bf32-464c-b8ae-fb0f922276a4,2019-11-24 04:53:11+00:00,2019-11-24 04:53:11+00:00,1,['cart'],514330402,1,1,1,198.64,0.0,0,1,0,True,False,False,0,198.64,0.0,0,0,0,0,0.0,High Priority
8a536a4c-0f08-4f39-9898-f178ce0ad4aa,2019-11-24 04:54:40+00:00,2019-11-24 04:54:40+00:00,1,['cart'],527618202,1,1,1,25.71,0.0,0,1,0,True,False,False,0,25.71,0.0,0,0,0,0,0.0,High Priority
8a181759-56cd-4148-9f25-f9334f57ffef,2019-11-24 04:58:52+00:00,2019-11-24 04:58:52+00:00,1,['cart'],565814033,1,1,1,62.16,0.0,0,1,0,True,False,False,0,62.16,0.0,0,0,0,0,0.0,High Priority
f9795927-5faa-4b17-9a4f-d7bd84b85f86,2019-11-24 04:59:29+00:00,2019-11-24 04:59:29+00:00,1,['cart'],517630322,1,1,1,638.34,0.0,0,1,0,True,False,False,0,638.34,0.0,0,0,0,0,0.0,High Priority
bcecd234-4746-48be-b4ed-b3563cb7baa4,2019-11-24 05:00:37+00:00,2019-11-24 05:00:37+00:00,1,['cart'],545798719,1,1,1,795.89,0.0,0,1,0,True,False,False,0,795.89,0.0,0,0,0,0,0.0,High Priority
a4e20c9a-2457-4762-8d3f-a4e0512d87ee,2019-11-24 05:07:36+00:00,2019-11-24 05:07:36+00:00,1,['cart'],562186328,1,1,1,487.27,0.0,0,1,0,True,False,False,0,487.27,0.0,0,0,0,0,0.0,High Priority
b19cb136-dcf5-4fad-9164-1365f6bb401c,2019-11-24 05:07:52+00:00,2019-11-24 05:07:52+00:00,1,['cart'],549155207,1,1,1,119.95,0.0,0,1,0,True,False,False,0,119.95,0.0,0,0,0,0,0.0,High Priority
8c3a3f17-2e6b-46d1-9450-502a67edf41b,2019-11-24 05:08:32+00:00,2019-11-24 05:08:32+00:00,1,['cart'],562473521,1,1,1,136.17,0.0,0,1,0,True,False,False,0,136.17,0.0,0,0,0,0,0.0,High Priority
d31c4501-57ee-4369-8d32-3f6f717b3655,2019-11-24 05:10:01+00:00,2019-11-24 05:10:01+00:00,1,['cart'],516082244,1,1,1,134.62,0.0,0,1,0,True,False,False,0,134.62,0.0,0,0,0,0,0.0,High Priority
e403a756-4a0c-4ee7-a3ff-6b308fc267ca,2019-11-24 05:10:56+00:00,2019-11-24 05:10:56+00:00,1,['cart'],575243238,1,1,0,360.11,0.0,0,1,0,True,False,False,0,360.11,0.0,0,0,0,0,0.0,High Priority
c75023b8-55dd-4a3e-8bd9-01fa473f209a,2019-11-24 05:13:41+00:00,2019-11-24 05:13:41+00:00,1,['cart'],523741657,1,1,1,246.96,0.0,0,1,0,True,False,False,0,246.96,0.0,0,0,0,0,0.0,High Priority
e288c881-af3c-478b-878e-448379f99b65,2019-11-24 05:16:00+00:00,2019-11-24 05:16:00+00:00,1,['cart'],543099375,1,1,1,613.27,0.0,0,1,0,True,False,False,0,613.27,0.0,0,0,0,0,0.0,High Priority
27fba60f-2071-4201-9b74-9e6f4181a4f4,2019-11-24 05:16:28+00:00,2019-11-24 05:16:28+00:00,1,['cart'],574468881,1,1,1,334.6,0.0,0,1,0,True,False,False,0,334.6,0.0,0,0,0,0,0.0,High Priority
b77a16f9-bc32-40da-a52c-fb52518bb667,2019-11-24 05:16:32+00:00,2019-11-24 05:16:32+00:00,1,['cart'],515210795,1,1,1,152.82,0.0,0,1,0,True,False,False,0,152.82,0.0,0,0,0,0,0.0,High Priority
890a6bb4-d285-462c-a272-b64869f782f8,2019-11-24 05:17:56+00:00,2019-11-24 05:17:56+00:00,1,['cart'],557877944,1,1,1,255.57,0.0,0,1,0,True,False,False,0,255.57,0.0,0,1,1,1,0.0,High Priority
6d1afdca-fdb7-4522-ba1f-08446b8dfe09,2019-11-24 05:18:54+00:00,2019-11-24 05:20:20+00:00,2,"['cart', 'view']",514177140,1,1,1,103.48,1.4333333333333331,1,1,0,True,False,True,0,103.48,1.0,0,0,0,0,0.0,High Priority
e1be204d-23c7-41d4-a70b-9124fe69d46a,2019-11-24 05:20:42+00:00,2019-11-24 05:20:47+00:00,2,"['cart', 'view']",532418870,1,1,1,75.68,0.0833333333333333,1,1,0,True,False,True,0,75.68,1.0,0,1,1,1,0.0,High Priority
ac8e42be-5e4e-4c66-ba7c-a31d3a1926ca,2019-11-24 05:20:45+00:00,2019-11-24 05:20:45+00:00,1,['cart'],575758650,1,1,1,97.3,0.0,0,1,0,True,False,False,0,97.3,0.0,0,0,0,0,0.0,High Priority
cd5dd53b-dac3-4c2b-bcad-05b4d4346081,2019-11-24 05:20:49+00:00,2019-11-24 05:20:49+00:00,1,['cart'],552059764,1,1,1,81.86,0.0,0,1,0,True,False,False,0,81.86,0.0,0,0,0,0,0.0,High Priority
37888fe3-d7b5-4747-9b34-f93be40cbd3f,2019-11-24 05:21:46+00:00,2019-11-24 05:21:46+00:00,1,['cart'],518022523,1,1,1,42.99,0.0,0,1,0,True,False,False,0,42.99,0.0,0,0,0,0,0.0,High Priority
3bd3c852-db14-411b-bf11-ed503a068809,2019-11-24 05:23:24+00:00,2019-11-24 05:23:24+00:00,1,['cart'],564925591,1,1,1,68.21,0.0,0,1,0,True,False,False,0,68.21,0.0,0,0,0,0,0.0,High Priority
3de6fcb3-ff0b-46be-a02c-62e24d965207,2019-11-24 05:23:54+00:00,2019-11-24 05:23:54+00:00,1,['cart'],575676226,1,1,1,126.18,0.0,0,1,0,True,False,False,0,126.18,0.0,0,0,0,0,0.0,High Priority
0271e4da-f627-44d2-9f2f-776e6259e33f,2019-11-24 05:24:40+00:00,2019-11-24 05:26:46+00:00,2,"['cart', 'view']",574565222,2,1,1,670.87,2.1,1,1,0,True,False,True,0,335.435,1.0,0,0,0,0,0.0,High Priority
498f450e-7b07-4877-a09e-2cbf4f4fa2c7,2019-11-24 05:25:18+00:00,2019-11-24 05:25:18+00:00,1,['cart'],517265436,1,1,0,32.69,0.0,0,1,0,True,False,False,0,32.69,0.0,0,0,0,0,0.0,High Priority
953f68ff-b81c-4c79-8172-142aae9b19c8,2019-11-24 05:26:20+00:00,2019-11-24 05:26:20+00:00,1,['cart'],560507133,1,1,0,175.29,0.0,0,1,0,True,False,False,0,175.29,0.0,0,0,0,0,0.0,High Priority
5d06ba09-6956-439d-bc32-f5d0a9253f35,2019-11-24 05:26:55+00:00,2019-11-24 05:26:55+00:00,1,['cart'],560398845,1,1,1,45.05,0.0,0,1,0,True,False,False,0,45.05,0.0,0,0,0,0,0.0,High Priority
84f6dec4-8c9b-4ff7-854d-3eeaccb7bcfd,2019-11-24 05:32:43+00:00,2019-11-24 05:32:43+00:00,1,['cart'],575530935,1,1,1,79.26,0.0,0,1,0,True,False,False,0,79.26,0.0,0,0,0,0,0.0,High Priority
6f654473-574d-49e2-be70-3136d4cd3c9c,2019-11-24 05:34:25+00:00,2019-11-24 05:34:25+00:00,1,['cart'],571469792,1,1,0,134.37,0.0,0,1,0,True,False,False,0,134.37,0.0,0,0,0,0,0.0,High Priority
323cd19e-1ea0-4cd5-a976-db85be20e8a1,2019-11-24 05:35:14+00:00,2019-11-24 05:35:14+00:00,1,['cart'],512394840,1,1,1,15.44,0.0,0,1,0,True,False,False,0,15.44,0.0,0,0,0,0,0.0,High Priority
039d90fc-23ad-462a-b4e5-2a26b802dd81,2019-11-24 05:35:49+00:00,2019-11-24 05:35:49+00:00,1,['cart'],513809619,1,1,1,134.6,0.0,0,1,0,True,False,False,0,134.6,0.0,0,0,0,0,0.0,High Priority
71c1bb6d-ef86-4e35-b026-d81c93bd5f1c,2019-11-24 05:40:16+00:00,2019-11-24 05:40:16+00:00,1,['cart'],517437855,1,1,1,613.27,0.0,0,1,0,True,False,False,0,613.27,0.0,0,0,0,0,0.0,High Priority
626bc8e5-73ef-4b40-ba5c-c359d4ebaed2,2019-11-24 05:43:23+00:00,2019-11-24 05:43:23+00:00,1,['cart'],518738487,1,1,1,195.22,0.0,0,1,0,True,False,False,0,195.22,0.0,0,0,0,0,0.0,High Priority
95fd30fa-4b8c-4f86-91e2-4ad4fec0b29b,2019-11-24 05:46:18+00:00,2019-11-24 05:46:18+00:00,1,['cart'],527920568,1,1,1,611.34,0.0,0,1,0,True,False,False,0,611.34,0.0,0,0,0,0,0.0,High Priority
e2108a42-a0d3-442e-b1dd-22cc32f49b8e,2019-11-24 05:46:33+00:00,2019-11-24 05:46:33+00:00,1,['cart'],522193374,1,1,1,258.57,0.0,0,1,0,True,False,False,0,258.57,0.0,0,0,0,0,0.0,High Priority
5af4ffed-606e-4fd9-92ec-c494bdc30120,2019-11-24 05:47:56+00:00,2019-11-24 05:47:56+00:00,1,['cart'],549204290,1,1,0,57.4,0.0,0,1,0,True,False,False,0,57.4,0.0,0,0,0,0,0.0,High Priority
7a2031a1-b5f2-4b9c-9a0a-ce8c974105b6,2019-11-24 05:49:08+00:00,2019-11-24 05:49:08+00:00,1,['cart'],572119420,1,1,1,246.96,0.0,0,1,0,True,False,False,0,246.96,0.0,0,0,0,0,0.0,High Priority
efd0128b-5f40-4ac0-b03d-5046fcc7f667,2019-11-24 05:49:57+00:00,2019-11-24 05:49:57+00:00,1,['cart'],553390282,1,1,1,291.65,0.0,0,1,0,True,False,False,0,291.65,0.0,0,0,0,0,0.02,High Priority
2968b5e9-9c4f-40cd-8046-6c36b10a3e26,2019-11-24 05:52:13+00:00,2019-11-24 05:52:13+00:00,1,['cart'],528096462,1,1,1,25.69,0.0,0,1,0,True,False,False,0,25.69,0.0,0,0,0,0,0.0,High Priority
b49ee0f0-3277-4244-a67e-f69929a31104,2019-11-24 05:56:55+00:00,2019-11-24 05:56:55+00:00,1,['cart'],540852767,1,1,0,187.39,0.0,0,1,0,True,False,False,0,187.39,0.0,0,0,0,0,0.0,High Priority
1526cf62-6cd3-4bb0-80a2-41c788293fb7,2019-11-24 05:59:23+00:00,2019-11-24 05:59:23+00:00,1,['cart'],555946262,1,1,1,139.64,0.0,0,1,0,True,False,False,0,139.64,0.0,0,0,0,0,0.0,High Priority
ac65a3be-16a7-4abb-9451-db964f00b485,2019-11-24 06:01:58+00:00,2019-11-24 06:01:58+00:00,1,['cart'],514516784,1,1,0,38.48,0.0,0,1,0,True,False,False,0,38.48,0.0,0,0,0,0,0.0,High Priority
5fe1f0dd-5d05-423f-9a46-637b09d89486,2019-11-24 06:02:28+00:00,2019-11-24 06:02:28+00:00,1,['cart'],545801853,1,1,1,617.52,0.0,0,1,0,True,False,False,0,617.52,0.0,0,0,0,0,0.0,High Priority
efad514f-5721-4f1b-aaef-cd790dcc3404,2019-11-24 06:03:15+00:00,2019-11-24 06:03:15+00:00,1,['cart'],526688860,1,1,1,65.64,0.0,0,1,0,True,False,False,0,65.64,0.0,0,0,0,0,0.0,High Priority
912f9b74-03a8-4420-97f2-16576b42b78c,2019-11-24 06:04:22+00:00,2019-11-24 06:04:22+00:00,1,['cart'],538473314,1,1,1,169.89,0.0,0,1,0,True,False,False,0,169.89,0.0,0,1,1,1,0.0,High Priority
88552f58-f01f-44e4-bb1f-b6834d86f1b9,2019-11-24 06:05:25+00:00,2019-11-24 06:05:25+00:00,1,['cart'],571837599,1,1,1,488.52,0.0,0,1,0,True,False,False,0,488.52,0.0,0,0,0,0,0.0,High Priority
87245f32-85de-4e6f-a21a-97178201771b,2019-11-24 06:06:21+00:00,2019-11-24 06:06:21+00:00,1,['cart'],518611806,1,1,1,53.54,0.0,0,1,0,True,False,False,0,53.54,0.0,0,0,0,0,0.0,High Priority
b63994b8-caa6-423b-858d-54bd4908261b,2019-11-24 06:06:33+00:00,2019-11-24 06:06:33+00:00,1,['cart'],516474951,1,1,1,32.18,0.0,0,1,0,True,False,False,0,32.18,0.0,0,0,0,0,0.0,High Priority
6a3ef46b-808e-48d2-b51e-ee291e81484f,2019-11-24 06:09:53+00:00,2019-11-24 06:09:53+00:00,1,['cart'],563965252,1,1,1,666.62,0.0,0,1,0,True,False,False,0,666.62,0.0,0,0,0,0,0.0,High Priority
dcf3678e-9e4f-4921-9c34-7a6d6540acf4,2019-11-24 06:09:58+00:00,2019-11-24 06:09:58+00:00,1,['cart'],551476460,1,1,1,1465.42,0.0,0,1,0,True,False,False,0,1465.42,0.0,0,0,0,0,0.0,High Priority
18360cbe-a5d7-4e23-bda4-a7263b3fd7a5,2019-11-24 06:10:18+00:00,2019-11-24 06:10:18+00:00,1,['cart'],519529453,1,1,1,164.47,0.0,0,1,0,True,False,False,0,164.47,0.0,0,0,0,0,0.0,High Priority
749406d2-51c7-4041-a5b4-b9a387137081,2019-11-24 06:11:46+00:00,2019-11-24 06:11:59+00:00,2,"['cart', 'view']",575780951,1,1,1,97.76,0.2166666666666666,1,1,0,True,False,True,0,97.76,1.0,0,0,0,0,0.0,High Priority
1de76acd-46d2-4da3-95d4-49cd867b8da4,2019-11-24 06:12:33+00:00,2019-11-24 06:17:20+00:00,2,"['cart', 'view']",526037614,1,1,1,172.46,4.783333333333333,1,1,0,True,False,True,0,172.46,1.0,0,0,0,0,0.0,High Priority
bb9f7193-e2ef-4fd0-972c-65a2be34e8a7,2019-11-24 06:13:34+00:00,2019-11-24 06:13:34+00:00,1,['cart'],514610888,1,1,1,195.22,0.0,0,1,0,True,False,False,0,195.22,0.0,0,0,0,0,0.0,High Priority
14c49399-26a8-42d5-afe7-157cca562a77,2019-11-24 06:16:51+00:00,2019-11-24 06:16:51+00:00,1,['cart'],564755310,1,1,1,1544.16,0.0,0,1,0,True,False,False,0,1544.16,0.0,0,0,0,0,0.0,High Priority
0791cb35-d9c1-4bdf-9228-d97a8ed66da1,2019-11-24 06:18:04+00:00,2019-11-24 06:18:04+00:00,1,['cart'],514127132,1,1,0,47.62,0.0,0,1,0,True,False,False,0,47.62,0.0,0,0,0,0,0.0,High Priority
5ffb46c2-a084-475a-9ce8-083e250a2865,2019-11-24 06:18:51+00:00,2019-11-24 06:18:51+00:00,1,['cart'],525798702,1,1,1,36.04,0.0,0,1,0,True,False,False,0,36.04,0.0,0,0,0,0,0.0,High Priority
b893c083-d4a6-4749-bc5c-3daa0b829f5d,2019-11-24 06:19:10+00:00,2019-11-24 06:19:10+00:00,1,['cart'],569559554,1,1,1,256.74,0.0,0,1,0,True,False,False,0,256.74,0.0,0,0,0,0,0.0,High Priority
3827866e-af41-4504-98c8-d6b03ae6e00d,2019-11-24 06:21:17+00:00,2019-11-24 06:21:17+00:00,1,['cart'],575783425,1,1,1,246.96,0.0,0,1,0,True,False,False,0,246.96,0.0,0,0,0,0,0.0,High Priority
c826ed3d-e69b-4dd6-8c28-9d2f425c83e2,2019-11-24 06:24:43+00:00,2019-11-24 06:24:43+00:00,1,['cart'],515698851,1,1,1,38.56,0.0,0,1,0,True,False,False,0,38.56,0.0,0,0,0,0,0.0,High Priority
f148da6b-9c91-4404-9810-df1dc5b91a17,2019-11-24 06:25:02+00:00,2019-11-24 06:25:02+00:00,1,['cart'],516659746,1,1,1,720.46,0.0,0,1,0,True,False,False,0,720.46,0.0,0,0,0,0,0.0,High Priority
88553f04-52cc-4fb0-8d1a-8dd65868cbba,2019-11-24 06:27:09+00:00,2019-11-24 06:27:09+00:00,1,['cart'],514111322,1,1,1,1595.41,0.0,0,1,0,True,False,False,0,1595.41,0.0,0,0,0,0,0.0,High Priority
3e5e1bbf-ae91-4354-87ba-5b70a3359d9a,2019-11-24 06:28:20+00:00,2019-11-24 06:28:20+00:00,1,['cart'],550627479,1,1,1,17.5,0.0,0,1,0,True,False,False,0,17.5,0.0,0,0,0,0,0.0,High Priority
bbe527ae-b919-4bc8-bbbb-c3abc6efb87e,2019-11-24 06:28:52+00:00,2019-11-24 06:28:52+00:00,1,['cart'],569236819,1,1,0,145.95,0.0,0,1,0,True,False,False,0,145.95,0.0,0,0,0,0,0.0,High Priority
f9a99667-c68f-49ff-9f69-d1d3132a0b3a,2019-11-24 06:29:00+00:00,2019-11-24 06:29:00+00:00,1,['cart'],575781564,1,1,1,149.04,0.0,0,1,0,True,False,False,0,149.04,0.0,0,0,0,0,0.0,High Priority
0e6b58b4-56b6-4bf3-9c1d-387b355475ab,2019-11-24 06:31:14+00:00,2019-11-24 06:31:14+00:00,1,['cart'],558986043,1,1,1,643.23,0.0,0,1,0,True,False,False,0,643.23,0.0,0,0,0,0,0.0,High Priority
ae80c3bc-833b-4fe0-ad28-b3af6f8c35cc,2019-11-24 06:36:29+00:00,2019-11-24 06:36:29+00:00,1,['cart'],533779414,1,1,1,30.12,0.0,0,1,0,True,False,False,0,30.12,0.0,0,0,0,0,0.0,High Priority
81111d79-54fe-45d1-af83-0fdb1b3a7c8f,2019-11-24 06:37:33+00:00,2019-11-24 06:37:33+00:00,1,['cart'],555274867,1,1,1,1466.94,0.0,0,1,0,True,False,False,0,1466.94,0.0,0,0,0,0,0.0,High Priority
c3097b84-df45-49d1-87c1-8d2e5433352b,2019-11-24 06:38:38+00:00,2019-11-24 06:38:38+00:00,1,['cart'],541589584,1,1,1,43.5,0.0,0,1,0,True,False,False,0,43.5,0.0,0,0,0,0,0.0,High Priority
bb0d7ce9-9c1e-40ba-bffa-0e73d3fe3181,2019-11-24 06:38:54+00:00,2019-11-24 06:38:54+00:00,1,['cart'],575787770,1,1,1,64.09,0.0,0,1,0,True,False,False,0,64.09,0.0,0,0,0,0,0.0,High Priority
0bf68fa4-d803-4248-9094-6c3671e489cc,2019-11-24 06:40:33+00:00,2019-11-24 06:40:33+00:00,1,['cart'],549021948,1,1,1,295.78,0.0,0,1,0,True,False,False,0,295.78,0.0,0,0,0,0,0.0,High Priority
4751dbd5-881a-422c-aefc-3784cc3d6666,2019-11-24 06:42:54+00:00,2019-11-24 06:42:54+00:00,1,['cart'],553567736,1,1,1,195.22,0.0,0,1,0,True,False,False,0,195.22,0.0,0,0,0,0,0.0,High Priority
ea526b45-8cc2-44ec-b2d7-a9baed230d80,2019-11-24 06:53:24+00:00,2019-11-24 06:53:24+00:00,1,['cart'],525798702,1,1,1,36.04,0.0,0,1,0,True,False,False,0,36.04,0.0,0,1,1,1,0.0,High Priority
fc5fdcc4-30f5-4608-803d-11b7d8f56ac4,2019-11-24 06:53:51+00:00,2019-11-24 06:53:51+00:00,1,['cart'],516042464,1,1,1,66.67,0.0,0,1,0,True,False,False,0,66.67,0.0,0,0,0,0,0.0,High Priority
791f8348-005e-4e04-bf6f-4ab51f48adeb,2019-11-24 07:00:00+00:00,2019-11-24 07:01:11+00:00,2,"['cart', 'view']",537486095,2,2,2,1553.37,1.1833333333333331,1,1,0,True,False,True,0,776.685,1.0,0,0,0,0,0.0,High Priority
e597062b-db7c-43f2-83d6-134c0099406b,2019-11-24 07:00:24+00:00,2019-11-24 07:00:24+00:00,1,['cart'],512601742,1,1,1,313.86,0.0,0,1,0,True,False,False,0,313.86,0.0,0,0,0,0,0.0,High Priority
fea5a632-3371-463a-aa99-a0f2e9870765,2019-11-24 07:02:34+00:00,2019-11-24 07:02:34+00:00,1,['cart'],569196521,1,1,1,60.23,0.0,0,1,0,True,False,False,0,60.23,0.0,0,0,0,0,0.0,High Priority
a7372cb9-4486-49e2-b712-f0168b548a4b,2019-11-24 07:05:07+00:00,2019-11-24 07:05:07+00:00,1,['cart'],575797689,1,1,1,246.96,0.0,0,1,0,True,False,False,0,246.96,0.0,0,0,0,0,0.0,High Priority
7787141e-5b11-4915-b03e-76a04613147f,2019-11-24 07:06:55+00:00,2019-11-24 07:06:55+00:00,1,['cart'],531152019,1,1,1,342.61,0.0,0,1,0,True,False,False,0,342.61,0.0,0,0,0,0,0.0,High Priority
ed5aeb0b-a059-41aa-9038-a1a0f73bc8af,2019-11-24 07:07:40+00:00,2019-11-24 07:07:40+00:00,1,['cart'],540534438,1,1,1,61.78,0.0,0,1,0,True,False,False,0,61.78,0.0,0,0,0,0,0.0,High Priority
e36be205-1dd0-4b88-a4b6-371f8109ee85,2019-11-24 07:08:50+00:00,2019-11-24 07:08:50+00:00,1,['cart'],562462967,1,1,1,48.88,0.0,0,1,0,True,False,False,0,48.88,0.0,0,0,0,0,0.0,High Priority
6f70db35-f895-43fe-aa6e-27eba4bb0322,2019-11-24 07:09:35+00:00,2019-11-24 07:09:35+00:00,1,['cart'],517456258,1,1,1,167.31,0.0,0,1,0,True,False,False,0,167.31,0.0,0,0,0,0,0.0,High Priority
a11cd116-4ae9-4279-869d-df244f867311,2019-11-24 07:14:58+00:00,2019-11-24 07:14:58+00:00,1,['cart'],565749609,1,1,1,246.96,0.0,0,1,0,True,False,False,0,246.96,0.0,0,0,0,0,0.0,High Priority
1dd8464a-12d4-4b4f-94c2-9e4b26ed4a97,2019-11-24 07:15:40+00:00,2019-11-24 07:15:40+00:00,1,['cart'],516587488,1,1,1,169.14,0.0,0,1,0,True,False,False,0,169.14,0.0,0,0,0,0,0.0,High Priority
31b6a627-9d13-41f7-b7b6-919bf7e2b92a,2019-11-24 07:16:16+00:00,2019-11-24 07:16:16+00:00,1,['cart'],515225314,1,1,1,198.81,0.0,0,1,0,True,False,False,0,198.81,0.0,0,0,0,0,0.0,High Priority
220c7c82-144d-4799-a0b7-1b998501dd57,2019-11-24 07:21:54+00:00,2019-11-24 07:21:54+00:00,1,['cart'],550773260,1,1,0,19.9,0.0,0,1,0,True,False,False,0,19.9,0.0,0,0,0,0,0.0,High Priority
4f592683-33d4-4884-bdeb-307b42b80ee2,2019-11-24 07:22:42+00:00,2019-11-24 07:22:42+00:00,1,['cart'],569537249,1,1,1,122.27,0.0,0,1,0,True,False,False,0,122.27,0.0,0,0,0,0,0.0,High Priority
66def346-0496-429f-9253-1f87fefdb521,2019-11-24 07:23:27+00:00,2019-11-24 07:23:27+00:00,1,['cart'],515084627,1,1,1,130.25,0.0,0,1,0,True,False,False,0,130.25,0.0,0,0,0,0,0.0,High Priority
17ef98bb-7ce7-41df-b46a-4388d2652ab9,2019-11-24 07:24:43+00:00,2019-11-24 07:24:43+00:00,1,['cart'],515523609,1,1,1,128.7,0.0,0,1,0,True,False,False,0,128.7,0.0,0,0,0,0,0.0,High Priority
9721205e-bb05-4636-be80-a5522958aec0,2019-11-24 07:25:05+00:00,2019-11-24 07:25:05+00:00,1,['cart'],572891029,1,1,1,916.37,0.0,0,1,0,True,False,False,0,916.37,0.0,0,0,0,0,0.0,High Priority
ce1beda7-4533-46d3-a395-54f9697c3db3,2019-11-24 07:25:11+00:00,2019-11-24 07:25:11+00:00,1,['cart'],526181092,1,1,1,154.42,0.0,0,1,0,True,False,False,0,154.42,0.0,0,0,0,0,0.0,High Priority
64d63581-484c-4d84-8a1d-2e6a087513d8,2019-11-24 07:27:51+00:00,2019-11-24 07:27:51+00:00,1,['cart'],548717419,1,1,1,34.72,0.0,0,1,0,True,False,False,0,34.72,0.0,0,0,0,0,0.0,High Priority
daeed1a9-ecec-48e8-92ce-ac5c380d761e,2019-11-24 07:28:23+00:00,2019-11-24 07:28:23+00:00,1,['cart'],528095160,1,1,1,141.57,0.0,0,1,0,True,False,False,0,141.57,0.0,0,0,0,0,0.0,High Priority
57ece40d-ece0-4a9b-ad3c-e026bfd29ca4,2019-11-24 07:30:01+00:00,2019-11-24 07:30:01+00:00,1,['cart'],575798202,1,1,1,229.71,0.0,0,1,0,True,False,False,0,229.71,0.0,0,0,0,0,0.0,High Priority
95e0e333-2557-4583-a410-1389c16123cc,2019-11-24 07:35:12+00:00,2019-11-24 07:35:12+00:00,1,['cart'],512468602,1,1,1,56.6,0.0,0,1,0,True,False,False,0,56.6,0.0,0,0,0,0,0.0,High Priority
d20e9ec1-f1d6-4528-a5ef-87f254a3ae74,2019-11-24 07:36:16+00:00,2019-11-24 07:36:16+00:00,1,['cart'],561863204,1,1,1,129.73,0.0,0,1,0,True,False,False,0,129.73,0.0,0,0,0,0,0.0,High Priority
8f942be4-b1ac-45aa-af3e-db5733c01031,2019-11-24 07:36:51+00:00,2019-11-24 07:36:51+00:00,1,['cart'],515698851,1,1,1,334.6,0.0,0,1,0,True,False,False,0,334.6,0.0,0,1,1,1,0.0,High Priority
ecec7fba-68b9-4146-8bf6-dfe630f911a6,2019-11-24 07:40:25+00:00,2019-11-24 07:40:25+00:00,1,['cart'],575803645,1,1,1,258.57,0.0,0,1,0,True,False,False,0,258.57,0.0,0,0,0,0,0.0,High Priority
09a83e57-5382-4e91-964a-a5ac5be5d627,2019-11-24 07:40:58+00:00,2019-11-24 07:46:12+00:00,2,"['cart', 'view']",568833284,1,1,1,396.82,5.233333333333333,1,1,0,True,False,True,0,396.82,1.0,0,0,0,0,0.0,High Priority
9c706285-84af-4eca-8c48-aec2c4feb0a0,2019-11-24 07:41:43+00:00,2019-11-24 07:41:43+00:00,1,['cart'],569647300,1,1,1,43.24,0.0,0,1,0,True,False,False,0,43.24,0.0,0,0,0,0,0.0,High Priority
fcd319ab-25b5-4867-b463-f0105ad31857,2019-11-24 07:42:25+00:00,2019-11-24 07:42:25+00:00,1,['cart'],575810901,1,1,1,255.33,0.0,0,1,0,True,False,False,0,255.33,0.0,0,0,0,0,0.0,High Priority
9b0a5f1d-8807-4a47-b407-27d4299c3987,2019-11-24 07:42:49+00:00,2019-11-24 07:42:49+00:00,1,['cart'],514025983,1,1,1,34.72,0.0,0,1,0,True,False,False,0,34.72,0.0,0,0,0,0,0.0,High Priority
9d42cb24-ce6f-42fa-ac08-3f5d33a051b0,2019-11-24 07:43:04+00:00,2019-11-24 07:43:04+00:00,1,['cart'],547639263,1,1,1,24.43,0.0,0,1,0,True,False,False,0,24.43,0.0,0,0,0,0,0.0,High Priority
b31c185c-25c1-403b-9e9f-14bb5bc97adb,2019-11-24 07:44:05+00:00,2019-11-24 07:44:05+00:00,1,['cart'],523361273,1,1,1,48.65,0.0,0,1,0,True,False,False,0,48.65,0.0,0,0,0,0,0.0,High Priority
3f1cd2ed-cbd3-435e-a2db-86ddf9388a34,2019-11-24 07:45:12+00:00,2019-11-24 07:45:12+00:00,1,['cart'],551673634,1,1,1,308.86,0.0,0,1,0,True,False,False,0,308.86,0.0,0,0,0,0,0.0,High Priority
7d47965f-cc71-4b4f-bc71-7cb7eb017261,2019-11-24 07:45:45+00:00,2019-11-24 07:47:17+00:00,2,"['cart', 'view']",517395563,1,1,1,847.9,1.5333333333333334,1,1,0,True,False,True,0,847.9,1.0,0,0,0,0,0.0,High Priority
248326b5-f439-4751-b89d-6da62b20920a,2019-11-24 07:46:00+00:00,2019-11-24 07:46:00+00:00,1,['cart'],520961950,1,1,1,9.3,0.0,0,1,0,True,False,False,0,9.3,0.0,0,0,0,0,0.0,High Priority
4e3bdf35-ba3a-42e5-ade8-3a634bf49fcf,2019-11-24 07:46:44+00:00,2019-11-24 07:46:44+00:00,1,['cart'],539888887,1,1,1,191.77,0.0,0,1,0,True,False,False,0,191.77,0.0,0,0,0,0,0.0,High Priority
7865a349-39e7-4620-af0a-2782ea61f736,2019-11-24 07:47:37+00:00,2019-11-24 07:54:36+00:00,2,"['cart', 'view']",571868328,2,1,1,759.2,6.983333333333333,1,1,0,True,False,True,0,379.6,1.0,0,1,1,1,0.0,High Priority
cdc50d43-22bf-41f6-91a8-b0db248df11a,2019-11-24 07:50:59+00:00,2019-11-24 07:50:59+00:00,1,['cart'],572169001,1,1,1,246.96,0.0,0,1,0,True,False,False,0,246.96,0.0,0,0,0,0,0.0,High Priority
2097ee3d-825b-4bf1-9215-e054493f8251,2019-11-24 07:51:18+00:00,2019-11-24 07:51:18+00:00,1,['cart'],567190010,1,1,1,293.7,0.0,0,1,0,True,False,False,0,293.7,0.0,0,1,1,1,0.0,High Priority
3ced9e80-f40b-4090-aa76-b8771e431713,2019-11-24 07:56:48+00:00,2019-11-24 07:56:48+00:00,1,['cart'],557322734,1,1,1,25.69,0.0,0,1,0,True,False,False,0,25.69,0.0,0,0,0,0,0.0,High Priority
9e8a6580-6ae3-4cdf-9c2e-7f3f8a5733af,2019-11-24 07:57:47+00:00,2019-11-24 07:57:47+00:00,1,['cart'],520056659,1,1,1,13.35,0.0,0,1,0,True,False,False,0,13.35,0.0,0,0,0,0,0.0,High Priority
4a2bcb30-3cad-40db-9a4d-b41699f37533,2019-11-24 07:58:09+00:00,2019-11-24 07:58:09+00:00,1,['cart'],566465462,1,1,1,173.26,0.0,0,1,0,True,False,False,0,173.26,0.0,0,0,0,0,0.0,High Priority
44241fd8-f396-4345-84e1-d912e406a39a,2019-11-24 08:01:39+00:00,2019-11-24 08:01:39+00:00,1,['cart'],566533189,1,1,1,187.63,0.0,0,1,0,True,False,False,0,187.63,0.0,0,0,0,0,0.0,High Priority
718b5f32-d270-4b17-9fd1-494c7b5db5cf,2019-11-24 08:01:49+00:00,2019-11-24 08:01:49+00:00,1,['cart'],524301463,1,1,1,93.75,0.0,0,1,0,True,False,False,0,93.75,0.0,0,0,0,0,0.0,High Priority
21a1bf88-548c-4a33-b795-327ccb4969d0,2019-11-24 08:03:53+00:00,2019-11-24 08:03:53+00:00,1,['cart'],515483325,1,1,1,69.24,0.0,0,1,0,True,False,False,0,69.24,0.0,0,0,0,0,0.0,High Priority
e2d285eb-1d87-4633-96b7-2b48e449b7fa,2019-11-24 08:05:53+00:00,2019-11-24 08:05:53+00:00,1,['cart'],547105936,1,1,1,53.54,0.0,0,1,0,True,False,False,0,53.54,0.0,0,0,0,0,0.0,High Priority
4bd27b58-1774-40e1-be8c-37401d717650,2019-11-24 08:06:02+00:00,2019-11-24 08:06:02+00:00,1,['cart'],521719504,1,1,1,118.92,0.0,0,1,0,True,False,False,0,118.92,0.0,0,0,0,0,0.0,High Priority
f04de3e1-b1ac-4ebd-8d8e-3a12c039de94,2019-11-24 08:07:57+00:00,2019-11-24 08:07:57+00:00,1,['cart'],559763870,1,1,1,916.37,0.0,0,1,0,True,False,False,0,916.37,0.0,0,0,0,0,0.0,High Priority
3608fa28-92fd-423c-8c04-c87faf8c9c32,2019-11-24 08:12:35+00:00,2019-11-24 08:12:35+00:00,1,['cart'],557535131,1,1,1,221.11,0.0,0,1,0,True,False,False,0,221.11,0.0,0,0,0,0,0.0,High Priority
455c14cb-8a36-4f40-b2ba-6fa2d537ff98,2019-11-24 08:12:56+00:00,2019-11-24 08:12:56+00:00,1,['cart'],555578738,1,1,1,26.23,0.0,0,1,0,True,False,False,0,26.23,0.0,0,0,0,0,0.0,High Priority
7f685f44-98cf-41e5-a309-80853a00bddc,2019-11-24 08:14:14+00:00,2019-11-24 08:14:14+00:00,1,['cart'],575788246,1,1,1,144.12,0.0,0,1,0,True,False,False,0,144.12,0.0,0,0,0,0,0.0,High Priority
420c14d0-6228-4d57-9b70-a69340cc3d85,2019-11-24 08:14:18+00:00,2019-11-24 08:14:18+00:00,1,['cart'],570564794,1,1,1,11.56,0.0,0,1,0,True,False,False,0,11.56,0.0,0,0,0,0,0.0,High Priority
1b39b8e5-180a-4c47-924d-00a2d7aaf1d8,2019-11-24 08:16:25+00:00,2019-11-24 08:16:25+00:00,1,['cart'],567849881,1,1,0,95.24,0.0,0,1,0,True,False,False,0,95.24,0.0,0,0,0,0,0.0,High Priority
4b0437ba-f1ed-448a-939a-97085ed3ad19,2019-11-24 08:19:44+00:00,2019-11-24 08:19:44+00:00,1,['cart'],543944738,1,1,1,42.99,0.0,0,1,0,True,False,False,0,42.99,0.0,0,0,0,0,0.0,High Priority
d0e1a49f-da71-42a2-9c3c-ce901f1de913,2019-11-24 08:21:44+00:00,2019-11-24 08:21:44+00:00,1,['cart'],575826387,1,1,1,386.08,0.0,0,1,0,True,False,False,0,386.08,0.0,0,0,0,0,0.0,High Priority
66445f7f-ff9c-4ff0-9649-18a1b677daaa,2019-11-24 08:22:08+00:00,2019-11-24 08:22:08+00:00,1,['cart'],574920794,1,1,1,1312.23,0.0,0,1,0,True,False,False,0,1312.23,0.0,0,0,0,0,0.0,High Priority
8686cf1a-2b36-475d-b0af-893b38d26141,2019-11-24 08:24:32+00:00,2019-11-24 08:24:32+00:00,1,['cart'],513561716,1,1,1,143.86,0.0,0,1,0,True,False,False,0,143.86,0.0,0,0,0,0,0.0,High Priority
b3f1316b-0aa9-42db-840d-060f6dc559f5,2019-11-24 08:24:42+00:00,2019-11-24 08:24:42+00:00,1,['cart'],575799994,1,1,1,83.4,0.0,0,1,0,True,False,False,0,83.4,0.0,0,0,0,0,0.0,High Priority
43e0345c-ca64-418e-a54c-8c91cfbbd726,2019-11-24 08:27:30+00:00,2019-11-24 08:27:30+00:00,1,['cart'],512518750,1,1,1,292.08,0.0,0,1,0,True,False,False,0,292.08,0.0,0,0,0,0,0.0,High Priority
e84abe96-ac47-48c8-9739-b7b9f99dafbe,2019-11-24 08:29:38+00:00,2019-11-24 08:29:38+00:00,1,['cart'],550857732,1,1,1,76.61,0.0,0,1,0,True,False,False,0,76.61,0.0,0,0,0,0,0.0,High Priority
eb222c10-215c-4810-a3e4-38f96b244c79,2019-11-24 08:30:36+00:00,2019-11-24 08:30:36+00:00,1,['cart'],546747565,1,1,1,88.29,0.0,0,1,0,True,False,False,0,88.29,0.0,0,0,0,0,0.0,High Priority
b5ffc305-9878-4a7d-b3aa-bb9a60043174,2019-11-24 08:32:06+00:00,2019-11-24 08:32:06+00:00,1,['cart'],512664560,1,1,1,283.08,0.0,0,1,0,True,False,False,0,283.08,0.0,0,0,0,0,0.0,High Priority
a19fb210-21bc-45af-8957-647858910c82,2019-11-24 08:34:28+00:00,2019-11-24 08:34:28+00:00,1,['cart'],512415805,1,1,1,202.94,0.0,0,1,0,True,False,False,0,202.94,0.0,0,0,0,0,0.0,High Priority
a9e1b9bc-842e-4aae-8841-0743b8b7623f,2019-11-24 08:37:42+00:00,2019-11-24 08:49:52+00:00,3,"['cart', 'cart', 'view']",562314909,1,1,1,800.79,12.166666666666666,1,2,0,True,False,True,0,800.79,0.5,0,0,0,0,0.0,High Priority
9f8cbcaa-2688-4b1b-bfa2-078f71dcc4ea,2019-11-24 08:40:01+00:00,2019-11-24 08:40:01+00:00,1,['cart'],517573522,1,1,1,501.92,0.0,0,1,0,True,False,False,0,501.92,0.0,0,0,0,0,0.0,High Priority
948ab9ce-5358-4883-8cfa-db763b9cd4c2,2019-11-24 08:45:07+00:00,2019-11-24 08:45:07+00:00,1,['cart'],565335987,1,1,1,352.62,0.0,0,1,0,True,False,False,0,352.62,0.0,0,0,0,0,0.0,High Priority
53f419f2-94fc-483d-ba72-6ba4a3be66d1,2019-11-24 08:45:41+00:00,2019-11-24 08:45:41+00:00,1,['cart'],552086996,1,1,1,126.17,0.0,0,1,0,True,False,False,0,126.17,0.0,0,0,0,0,0.0,High Priority
614b0bbc-d7a0-4852-88ef-6704a81792a6,2019-11-24 08:48:27+00:00,2019-11-24 08:48:27+00:00,1,['cart'],530474353,1,1,1,40.32,0.0,0,1,0,True,False,False,0,40.32,0.0,0,0,0,0,0.0,High Priority
e4fb0d4e-dbe9-4dcf-ba94-8406bf4dff20,2019-11-24 08:48:30+00:00,2019-11-24 08:48:30+00:00,1,['cart'],520271950,1,1,1,70.01,0.0,0,1,0,True,False,False,0,70.01,0.0,0,0,0,0,0.0,High Priority
e755ac14-68fe-4420-95c2-82abf5894c26,2019-11-24 08:50:33+00:00,2019-11-24 08:50:33+00:00,1,['cart'],551062131,1,1,0,311.44,0.0,0,1,0,True,False,False,0,311.44,0.0,0,0,0,0,0.0,High Priority
ce4f059a-5511-45f4-8541-bfc278e699ed,2019-11-24 08:52:14+00:00,2019-11-24 08:52:14+00:00,1,['cart'],575791250,1,1,1,42.99,0.0,0,1,0,True,False,False,0,42.99,0.0,0,0,0,0,0.0,High Priority
50ce0e58-8ea3-4171-abdd-75d1a4f4b289,2019-11-24 08:58:04+00:00,2019-11-24 08:59:50+00:00,2,"['cart', 'view']",513991272,1,1,1,974.28,1.7666666666666666,1,1,0,True,False,True,0,974.28,1.0,0,0,0,0,0.0,High Priority
16e3a41b-4d05-41d6-92d0-7c641a548bd9,2019-11-24 08:58:44+00:00,2019-11-24 08:58:44+00:00,1,['cart'],516819269,1,1,1,1362.69,0.0,0,1,0,True,False,False,0,1362.69,0.0,0,0,0,0,0.0,High Priority
35dedb1a-da23-4c44-98b7-4a511eb06135,2019-11-24 08:58:44+00:00,2019-11-24 08:58:44+00:00,1,['cart'],552382967,1,1,1,334.6,0.0,0,1,0,True,False,False,0,334.6,0.0,0,0,0,0,0.0,High Priority
e33b353a-6ab4-470b-b071-2eb74b7f257c,2019-11-24 08:59:43+00:00,2019-11-24 08:59:43+00:00,1,['cart'],512419606,1,1,1,200.67,0.0,0,1,0,True,False,False,0,200.67,0.0,0,0,0,0,0.0,High Priority
baf7978d-887f-4c41-98b8-85069bf0857a,2019-11-24 09:02:11+00:00,2019-11-24 09:02:11+00:00,1,['cart'],557347306,1,1,1,1003.24,0.0,0,1,0,True,False,False,0,1003.24,0.0,0,0,0,0,0.0,High Priority
6729c8a7-e5bd-4746-b2b2-75b5c3c626d2,2019-11-24 09:02:25+00:00,2019-11-24 09:02:25+00:00,1,['cart'],575843112,1,1,1,126.17,0.0,0,1,0,True,False,False,0,126.17,0.0,0,0,0,0,0.0,High Priority
b8126b91-5fef-43cf-847d-7ab97ba95d70,2019-11-24 09:05:56+00:00,2019-11-24 09:05:56+00:00,1,['cart'],575844432,1,1,1,292.2,0.0,0,1,0,True,False,False,0,292.2,0.0,0,0,0,0,0.0,High Priority
77f0aad5-96ac-4475-914d-4b04f2996b3d,2019-11-24 09:09:10+00:00,2019-11-24 09:09:10+00:00,1,['cart'],513258300,1,1,1,1451.88,0.0,0,1,0,True,False,False,0,1451.88,0.0,0,0,0,0,0.0,High Priority
135661af-2586-4847-94e0-16cc43bb3216,2019-11-24 09:09:40+00:00,2019-11-24 09:09:40+00:00,1,['cart'],573890033,1,1,1,126.16,0.0,0,1,0,True,False,False,0,126.16,0.0,0,0,0,0,0.0,High Priority
78a5fc4d-c0b4-4f97-9b39-ad82133d2754,2019-11-24 09:11:43+00:00,2019-11-24 09:11:43+00:00,1,['cart'],515036954,1,1,1,12.84,0.0,0,1,0,True,False,False,0,12.84,0.0,0,0,0,0,0.0,High Priority
c06f4aef-f091-4074-9a89-ed9ae8d552fc,2019-11-24 09:15:35+00:00,2019-11-24 09:15:35+00:00,1,['cart'],532407395,1,1,1,246.96,0.0,0,1,0,True,False,False,0,246.96,0.0,0,0,0,0,0.0,High Priority
5290c1be-ede6-498a-bfd3-9169f03f73e9,2019-11-24 09:15:45+00:00,2019-11-24 09:15:45+00:00,1,['cart'],516374806,1,1,1,163.97,0.0,0,1,0,True,False,False,0,163.97,0.0,0,0,0,0,0.0,High Priority
6e0be394-1cd0-4b38-91ae-125174f9ed79,2019-11-24 09:17:14+00:00,2019-11-24 09:17:14+00:00,1,['cart'],548700812,1,1,1,512.24,0.0,0,1,0,True,False,False,0,512.24,0.0,0,0,0,0,0.0,High Priority
e0710ad1-8607-476e-b600-a8cf36d65b5a,2019-11-24 09:18:06+00:00,2019-11-24 09:18:06+00:00,1,['cart'],565857663,1,1,1,60.49,0.0,0,1,0,True,False,False,0,60.49,0.0,0,0,0,0,0.0,High Priority
fc49b8f3-0926-47f4-b118-a3a20ab700a7,2019-11-24 09:19:18+00:00,2019-11-24 09:30:40+00:00,2,"['cart', 'cart']",516514860,2,1,1,43.2,11.366666666666667,0,2,0,True,False,False,0,21.6,0.0,0,0,0,0,0.03,High Priority
89b55a5c-c1b2-4bbc-884a-0289f2fe78d5,2019-11-24 09:23:20+00:00,2019-11-24 09:23:20+00:00,1,['cart'],525789767,1,1,1,1647.15,0.0,0,1,0,True,False,False,0,1647.15,0.0,0,0,0,0,0.0,High Priority
b38bf8d5-18e7-4940-8eb7-71abb9324f10,2019-11-24 09:25:57+00:00,2019-11-24 09:25:57+00:00,1,['cart'],572456572,1,1,1,43.76,0.0,0,1,0,True,False,False,0,43.76,0.0,0,0,0,0,0.0,High Priority
5acca1a8-2298-4a8b-8680-6222e5a57f9a,2019-11-24 09:27:08+00:00,2019-11-24 09:27:08+00:00,1,['cart'],563337622,1,1,1,46.08,0.0,0,1,0,True,False,False,0,46.08,0.0,0,0,0,0,0.0,High Priority
181cfbc9-f32f-4dd3-8551-0d95e11b0d80,2019-11-24 09:29:28+00:00,2019-11-24 09:29:28+00:00,1,['cart'],567750704,1,1,1,130.63,0.0,0,1,0,True,False,False,0,130.63,0.0,0,0,0,0,0.0,High Priority
b5072d4c-ac8d-482e-91fd-dead218c2509,2019-11-24 09:29:52+00:00,2019-11-24 09:29:52+00:00,1,['cart'],556602531,1,1,1,198.81,0.0,0,1,0,True,False,False,0,198.81,0.0,0,0,0,0,0.0,High Priority
456dd6e3-2bb7-4fff-b207-98906aab68b6,2019-11-24 09:31:25+00:00,2019-11-24 09:31:25+00:00,1,['cart'],553094101,1,1,1,90.97,0.0,0,1,0,True,False,False,0,90.97,0.0,0,0,0,0,0.0,High Priority
b08f9369-ffa0-49a4-8669-b9ee20371f9e,2019-11-24 09:33:56+00:00,2019-11-24 09:33:56+00:00,1,['cart'],517451021,1,1,1,90.09,0.0,0,1,0,True,False,False,0,90.09,0.0,0,0,0,0,0.0,High Priority
3905e7d2-2267-4ef3-9b23-50eff812e174,2019-11-24 09:35:04+00:00,2019-11-24 09:35:04+00:00,1,['cart'],554521160,1,1,1,540.03,0.0,0,1,0,True,False,False,0,540.03,0.0,0,0,0,0,0.0,High Priority
5d153537-e2bc-4f23-b3eb-9adbafbc9269,2019-11-24 09:35:45+00:00,2019-11-24 09:35:45+00:00,1,['cart'],528294427,1,1,0,6.33,0.0,0,1,0,True,False,False,0,6.33,0.0,0,0,0,0,0.0,High Priority
c3f2ec3f-44ed-494e-913d-b3457db14c01,2019-11-24 09:36:05+00:00,2019-11-24 09:36:05+00:00,1,['cart'],571822172,1,1,1,164.88,0.0,0,1,0,True,False,False,0,164.88,0.0,0,0,0,0,0.0,High Priority
ddcb46ff-db07-48d7-8b3c-c99ad8378bce,2019-11-24 09:36:33+00:00,2019-11-24 09:38:46+00:00,2,"['cart', 'view']",544772669,1,1,1,33.42,2.216666666666667,1,1,0,True,False,True,0,33.42,1.0,0,0,0,0,0.01,High Priority
d6a69748-a40d-4f4a-af10-2b4d5519ddc2,2019-11-24 09:36:33+00:00,2019-11-24 09:36:33+00:00,1,['cart'],575855602,1,1,1,223.92,0.0,0,1,0,True,False,False,0,223.92,0.0,0,0,0,0,0.0,High Priority
4b581718-da71-4337-9f71-942d038f56e9,2019-11-24 09:38:01+00:00,2019-11-24 09:38:01+00:00,1,['cart'],520239437,1,1,1,80.83,0.0,0,1,0,True,False,False,0,80.83,0.0,0,0,0,0,0.0,High Priority
5d6a2c41-9adf-4cfd-ab57-754233637c8f,2019-11-24 09:38:54+00:00,2019-11-24 09:38:54+00:00,1,['cart'],551527134,1,1,1,409.25,0.0,0,1,0,True,False,False,0,409.25,0.0,0,0,0,0,0.0,High Priority
e387b8bc-6d9c-4053-9c93-905732cdc6d4,2019-11-24 09:43:41+00:00,2019-11-24 09:43:41+00:00,1,['cart'],521048621,1,1,1,669.23,0.0,0,1,0,True,False,False,0,669.23,0.0,0,0,0,0,0.0,High Priority
ffc098d2-fa7e-4659-8237-c86205b89e95,2019-11-24 09:44:36+00:00,2019-11-24 09:44:36+00:00,1,['cart'],533853637,1,1,1,30.84,0.0,0,1,0,True,False,False,0,30.84,0.0,0,0,0,0,0.0,High Priority
f83f54ee-8dfa-46ce-bfd7-92e5c4b837f1,2019-11-24 09:46:45+00:00,2019-11-24 09:46:45+00:00,1,['cart'],536854826,1,1,1,916.37,0.0,0,1,0,True,False,False,0,916.37,0.0,0,0,0,0,0.0,High Priority
62077e37-bbac-44e5-b797-33330f30e4cd,2019-11-24 09:56:21+00:00,2019-11-24 09:57:23+00:00,2,"['cart', 'view']",514703989,2,1,2,93.7,1.0333333333333334,1,1,0,True,False,True,0,46.85,1.0,0,0,0,0,0.0,High Priority
6e6d67d3-753f-45cf-9fa8-be66a4ab4021,2019-11-24 09:56:56+00:00,2019-11-24 09:56:56+00:00,1,['cart'],514365755,1,1,0,30.86,0.0,0,1,0,True,False,False,0,30.86,0.0,0,0,0,0,0.0,High Priority
bee6028d-85f1-441b-82b7-df15aa24c77c,2019-11-24 09:57:39+00:00,2019-11-24 09:57:39+00:00,1,['cart'],573045081,1,1,1,110.42,0.0,0,1,0,True,False,False,0,110.42,0.0,0,0,0,0,0.0,High Priority
ce6ffdc7-0a91-4036-9c8f-da17deff7d39,2019-11-24 09:58:47+00:00,2019-11-24 09:58:47+00:00,1,['cart'],569970672,1,1,1,154.42,0.0,0,1,0,True,False,False,0,154.42,0.0,0,0,0,0,0.0,High Priority
49ae64d4-9ef9-4072-b64e-b3d08d71758c,2019-11-24 10:02:28+00:00,2019-11-24 10:02:28+00:00,1,['cart'],514893086,1,1,1,1362.69,0.0,0,1,0,True,False,False,0,1362.69,0.0,0,0,0,0,0.0,High Priority
99c45a46-458a-413e-9ac7-cd141eb272fe,2019-11-24 10:02:59+00:00,2019-11-24 10:02:59+00:00,1,['cart'],515873871,1,1,1,246.96,0.0,0,1,0,True,False,False,0,246.96,0.0,0,0,0,0,0.0,High Priority
045fb5b6-84e5-4d3c-94b8-95191ff4055e,2019-11-24 10:03:59+00:00,2019-11-24 10:03:59+00:00,1,['cart'],556946386,1,1,1,25.71,0.0,0,1,0,True,False,False,0,25.71,0.0,0,0,0,0,0.0,High Priority
b50cec6c-875f-4766-4ab1-c1e53d2b9d20,2019-11-24 10:05:37+00:00,2019-11-24 10:05:37+00:00,1,['cart'],531848065,1,1,1,720.46,0.0,0,1,0,True,False,False,0,720.46,0.0,0,0,0,0,0.0,High Priority
f0313676-998a-41b0-b139-01e05c001a6b,2019-11-24 10:05:40+00:00,2019-11-24 10:05:40+00:00,1,['cart'],574459918,1,1,0,293.42,0.0,0,1,0,True,False,False,0,293.42,0.0,0,0,0,0,0.0,High Priority
0801ec4b-f2c5-4e96-8642-6d722304707c,2019-11-24 10:06:17+00:00,2019-11-24 10:06:17+00:00,1,['cart'],522287089,1,1,1,1656.93,0.0,0,1,0,True,False,False,0,1656.93,0.0,0,0,0,0,0.0,High Priority
d4515883-76c5-49eb-b73b-df37d13185c4,2019-11-24 10:07:04+00:00,2019-11-24 10:07:04+00:00,1,['cart'],567945917,1,1,1,334.6,0.0,0,1,0,True,False,False,0,334.6,0.0,0,0,0,0,0.0,High Priority
b99ebaac-f0d4-4140-a836-7c18fd144415,2019-11-24 10:08:55+00:00,2019-11-24 10:08:55+00:00,1,['cart'],532499743,1,1,1,1362.69,0.0,0,1,0,True,False,False,0,1362.69,0.0,0,1,1,1,0.0,High Priority
52198a39-770b-40d4-98b8-72755c6153bb,2019-11-24 10:10:04+00:00,2019-11-24 10:10:04+00:00,1,['cart'],551395046,1,1,1,154.42,0.0,0,1,0,True,False,False,0,154.42,0.0,0,0,0,0,0.0,High Priority
c07f4222-5cfd-4bb0-8184-fd574e9b303f,2019-11-24 10:18:06+00:00,2019-11-24 10:18:06+00:00,1,['cart'],544193123,1,1,1,198.36,0.0,0,1,0,True,False,False,0,198.36,0.0,0,0,0,0,0.0,High Priority
e426caae-ae5e-4932-9811-d60ae813fa4c,2019-11-24 10:18:19+00:00,2019-11-24 10:18:19+00:00,1,['cart'],575869140,1,1,0,334.6,0.0,0,1,0,True,False,False,0,334.6,0.0,0,0,0,0,0.0,High Priority
bca6f792-1530-460c-af88-79ea3c082aff,2019-11-24 10:18:57+00:00,2019-11-24 10:18:57+00:00,1,['cart'],552438054,1,1,0,30.86,0.0,0,1,0,True,False,False,0,30.86,0.0,0,0,0,0,0.0,High Priority
96613512-619e-4c3d-903e-8a2f637c7d07,2019-11-24 10:20:02+00:00,2019-11-24 10:20:02+00:00,1,['cart'],522720276,1,1,1,1003.6,0.0,0,1,0,True,False,False,0,1003.6,0.0,0,0,0,0,0.0,High Priority
a063ad1e-e5f7-4f4b-bf71-71881dfc8d38,2019-11-24 10:20:03+00:00,2019-11-24 10:20:03+00:00,1,['cart'],533631255,1,1,1,223.92,0.0,0,1,0,True,False,False,0,223.92,0.0,0,0,0,0,0.0,High Priority
417dcc1c-80c8-4418-9531-9ff505eae4b0,2019-11-24 10:20:18+00:00,2019-11-24 10:20:18+00:00,1,['cart'],547046107,1,1,1,164.45,0.0,0,1,0,True,False,False,0,164.45,0.0,0,1,1,1,0.0,High Priority
9a3d8c5c-7441-4cb8-9aa6-dfe8e3a5122a,2019-11-24 10:21:13+00:00,2019-11-24 10:21:13+00:00,1,['cart'],512708192,1,1,1,246.96,0.0,0,1,0,True,False,False,0,246.96,0.0,0,0,0,0,0.0,High Priority
8499d0ca-1e19-430b-8edf-1c6ff68546c4,2019-11-24 10:21:15+00:00,2019-11-24 10:21:15+00:00,1,['cart'],516317177,1,1,1,101.93,0.0,0,1,0,True,False,False,0,101.93,0.0,0,0,0,0,0.0,High Priority
3717328a-6172-4685-89f3-24746f533c90,2019-11-24 10:21:35+00:00,2019-11-24 10:21:35+00:00,1,['cart'],573956931,1,1,1,67.95,0.0,0,1,0,True,False,False,0,67.95,0.0,0,0,0,0,0.0,High Priority
678a6ed8-c173-48dc-9f97-99cdb5834b1b,2019-11-24 10:21:39+00:00,2019-11-24 10:21:39+00:00,1,['cart'],572891029,1,1,1,916.37,0.0,0,1,0,True,False,False,0,916.37,0.0,0,1,1,1,0.0,High Priority
7595dce9-43e9-4cbd-a9b6-2f6165f06dba,2019-11-24 10:22:53+00:00,2019-11-24 10:22:53+00:00,1,['cart'],575847346,1,1,1,282.76,0.0,0,1,0,True,False,False,0,282.76,0.0,0,0,0,0,0.0,High Priority
433b9fe0-c36a-4aaa-a4a7-b5e3f656e41c,2019-11-24 10:25:38+00:00,2019-11-24 10:25:38+00:00,1,['cart'],575338276,1,1,0,120.47,0.0,0,1,0,True,False,False,0,120.47,0.0,0,0,0,0,0.0,High Priority
19b98956-39e2-4831-a3f5-568dfb1fcc06,2019-11-24 10:29:10+00:00,2019-11-24 10:31:19+00:00,2,"['cart', 'view']",533553570,2,1,1,215.19,2.15,1,1,0,True,False,True,0,107.595,1.0,0,0,0,0,0.02,High Priority
56558122-00e8-4de0-870d-b3e5d43d6f5f,2019-11-24 10:31:04+00:00,2019-11-24 10:31:04+00:00,1,['cart'],575880243,1,1,1,35.78,0.0,0,1,0,True,False,False,0,35.78,0.0,0,0,0,0,0.0,High Priority
ab440c4a-002d-4d9d-8cbd-5a4988f77dcc,2019-11-24 10:34:05+00:00,2019-11-24 10:34:05+00:00,1,['cart'],575881410,1,1,1,102.94,0.0,0,1,0,True,False,False,0,102.94,0.0,0,0,0,0,0.0,High Priority
a291ccf2-6035-4c82-a81b-056f7124eeb4,2019-11-24 10:34:32+00:00,2019-11-24 10:34:32+00:00,1,['cart'],517451021,1,1,1,144.15,0.0,0,1,0,True,False,False,0,144.15,0.0,0,1,1,1,0.0,High Priority
62030dbb-2055-4a4a-b8e3-fb60fecbc762,2019-11-24 10:37:26+00:00,2019-11-24 10:37:26+00:00,1,['cart'],575056033,1,1,1,25.74,0.0,0,1,0,True,False,False,0,25.74,0.0,0,0,0,0,0.0,High Priority
41c307d8-922d-41b2-b321-0c56c89e8e52,2019-11-24 10:37:47+00:00,2019-11-24 10:37:47+00:00,1,['cart'],560076914,1,1,1,84.92,0.0,0,1,0,True,False,False,0,84.92,0.0,0,0,0,0,0.0,High Priority
74abcd01-36ae-41d1-896e-8dc9f3efec2e,2019-11-24 10:38:01+00:00,2019-11-24 10:38:01+00:00,1,['cart'],539726372,1,1,1,613.27,0.0,0,1,0,True,False,False,0,613.27,0.0,0,0,0,0,0.0,High Priority
8dc68dbc-87c7-4361-af0f-2e2ec0bd4af2,2019-11-24 10:39:08+00:00,2019-11-24 10:39:08+00:00,1,['cart'],564236569,1,1,1,134.51,0.0,0,1,0,True,False,False,0,134.51,0.0,0,0,0,0,0.0,High Priority
521d0839-8aa6-46f5-b9ca-2e79cd2e84d8,2019-11-24 10:45:00+00:00,2019-11-24 10:45:00+00:00,1,['cart'],569647524,1,1,1,134.46,0.0,0,1,0,True,False,False,0,134.46,0.0,0,0,0,0,0.0,High Priority
530f95b6-d322-4f08-97e8-b32fcfbf2fe5,2019-11-24 10:51:13+00:00,2019-11-24 10:51:13+00:00,1,['cart'],575317845,1,1,0,32.18,0.0,0,1,0,True,False,False,0,32.18,0.0,0,0,0,0,0.0,High Priority
788b15ae-0d0c-40e6-867c-609ac3789d12,2019-11-24 10:58:49+00:00,2019-11-24 10:58:49+00:00,1,['cart'],529070696,1,1,1,715.33,0.0,0,1,0,True,False,False,0,715.33,0.0,0,0,0,0,0.0,High Priority
11afd2aa-699d-4dc2-8720-5b7f1128eb02,2019-11-24 10:58:51+00:00,2019-11-24 10:58:51+00:00,1,['cart'],513609440,1,1,1,246.96,0.0,0,1,0,True,False,False,0,246.96,0.0,0,0,0,0,0.0,High Priority
1f542a8f-984f-4901-ba24-23c44454100e,2019-11-24 10:59:51+00:00,2019-11-24 10:59:51+00:00,1,['cart'],575891882,1,1,1,977.86,0.0,0,1,0,True,False,False,0,977.86,0.0,0,0,0,0,0.0,High Priority
f7b3c7b3-5c0f-4192-86dd-2df9dc1300b7,2019-11-24 11:01:57+00:00,2019-11-24 11:01:57+00:00,1,['cart'],532055207,1,1,1,264.87,0.0,0,1,0,True,False,False,0,264.87,0.0,0,0,0,0,0.0,High Priority
9899b6a7-6256-48bf-8d8f-bfe1a77f3d38,2019-11-24 11:03:51+00:00,2019-11-24 11:03:51+00:00,1,['cart'],575425610,1,1,1,143.86,0.0,0,1,0,True,False,False,0,143.86,0.0,0,0,0,0,0.0,High Priority
bfa9fbf8-5bba-4255-bf66-312d3e7bf8ef,2019-11-24 11:05:10+00:00,2019-11-24 11:05:10+00:00,1,['cart'],513311664,1,1,1,64.33,0.0,0,1,0,True,False,False,0,64.33,0.0,0,0,0,0,0.0,High Priority
b427cf4f-bcde-414a-a97c-fb3256943c65,2019-11-24 11:07:04+00:00,2019-11-24 11:07:04+00:00,1,['cart'],551818356,1,1,1,118.12,0.0,0,1,0,True,False,False,0,118.12,0.0,0,1,1,1,0.0,High Priority
4edf829e-10a6-4787-bd77-fa9ce6267265,2019-11-24 11:07:47+00:00,2019-11-24 11:07:47+00:00,1,['cart'],533887062,1,1,1,44.27,0.0,0,1,0,True,False,False,0,44.27,0.0,0,0,0,0,0.0,High Priority
69ee7e2e-636b-4fc5-a3c1-08224b2c2c22,2019-11-24 11:08:32+00:00,2019-11-24 11:08:32+00:00,1,['cart'],557902156,1,1,1,95.21,0.0,0,1,0,True,False,False,0,95.21,0.0,0,0,0,0,0.0,High Priority
1147df3a-16be-41cb-b2f7-ecccd10ae609,2019-11-24 11:08:50+00:00,2019-11-24 11:08:50+00:00,1,['cart'],516204564,1,1,1,85.59,0.0,0,1,0,True,False,False,0,85.59,0.0,0,0,0,0,0.0,High Priority
94402ae0-51d5-41a6-840c-6d101361829d,2019-11-24 11:10:31+00:00,2019-11-24 11:11:16+00:00,2,"['cart', 'view']",529911692,1,1,1,199.2,0.75,1,1,0,True,False,True,0,199.2,1.0,0,0,0,0,0.0,High Priority
6f2a976c-0ae0-4bd5-8e17-97ed7f9f927a,2019-11-24 11:14:18+00:00,2019-11-24 11:14:18+00:00,1,['cart'],573859990,1,1,1,291.51,0.0,0,1,0,True,False,False,0,291.51,0.0,0,0,0,0,0.01,High Priority
f629b86e-b00f-4b99-aeeb-9946663445e1,2019-11-24 11:15:53+00:00,2019-11-24 11:15:53+00:00,1,['cart'],521189897,1,1,1,68.21,0.0,0,1,0,True,False,False,0,68.21,0.0,0,0,0,0,0.0,High Priority
adb62921-58fa-4f64-9069-003205e773d4,2019-11-24 11:17:15+00:00,2019-11-24 11:17:15+00:00,1,['cart'],575899301,1,1,1,411.81,0.0,0,1,0,True,False,False,0,411.81,0.0,0,0,0,0,0.0,High Priority
80f9be27-58be-471f-be1a-145ab23da4f8,2019-11-24 11:22:39+00:00,2019-11-24 11:44:38+00:00,2,"['cart', 'view']",513957339,2,1,2,41.6,21.98333333333333,1,1,0,True,False,True,0,20.8,1.0,0,0,0,0,0.0,High Priority
c4655f3b-f0c4-4de4-a0c0-0ed9f4ac8bc8,2019-11-24 11:28:59+00:00,2019-11-24 11:28:59+00:00,1,['cart'],575905463,1,1,1,126.17,0.0,0,1,0,True,False,False,0,126.17,0.0,0,0,0,0,0.0,High Priority
a5711dd4-b547-4439-b73a-b5532df1ce7d,2019-11-24 11:30:43+00:00,2019-11-24 11:30:43+00:00,1,['cart'],575906309,1,1,1,7.7,0.0,0,1,0,True,False,False,0,7.7,0.0,0,0,0,0,0.0,High Priority
747123a4-3727-44ab-a971-4654b5ef4c71,2019-11-24 11:30:44+00:00,2019-11-24 11:30:44+00:00,1,['cart'],537220913,1,1,1,169.88,0.0,0,1,0,True,False,False,0,169.88,0.0,0,0,0,0,0.0,High Priority
7be98f89-edf0-45c6-83b7-41e75eaf15ee,2019-11-24 11:37:03+00:00,2019-11-24 11:37:03+00:00,1,['cart'],567011379,1,1,1,43.24,0.0,0,1,0,True,False,False,0,43.24,0.0,0,0,0,0,0.0,High Priority
42a01e76-2655-4f8c-ac74-908c4c5325ea,2019-11-24 11:38:31+00:00,2019-11-24 11:38:31+00:00,1,['cart'],543614201,1,1,0,7.07,0.0,0,1,0,True,False,False,0,7.07,0.0,0,0,0,0,0.0,High Priority
6055c846-3084-4e91-b3ad-75a95fc851b7,2019-11-24 11:41:31+00:00,2019-11-24 11:41:31+00:00,1,['cart'],575012234,1,1,1,42.47,0.0,0,1,0,True,False,False,0,42.47,0.0,0,0,0,0,0.0,High Priority
52edee09-6427-452d-9ef4-af9e93299e79,2019-11-24 11:41:59+00:00,2019-11-24 11:41:59+00:00,1,['cart'],566637965,1,1,1,255.09,0.0,0,1,0,True,False,False,0,255.09,0.0,0,0,0,0,0.0,High Priority
1b651453-921e-4f88-8a07-01e0042230c4,2019-11-24 11:43:07+00:00,2019-11-24 11:43:07+00:00,1,['cart'],575820193,1,1,1,36.55,0.0,0,1,0,True,False,False,0,36.55,0.0,0,0,0,0,0.0,High Priority
281911a7-fc37-4a9c-9ebd-91e8913e5ea8,2019-11-24 11:43:12+00:00,2019-11-24 11:43:12+00:00,1,['cart'],572704567,1,1,1,169.88,0.0,0,1,0,True,False,False,0,169.88,0.0,0,0,0,0,0.0,High Priority
30ecc4d6-8658-449e-95d6-d7d4ea450b71,2019-11-24 11:46:47+00:00,2019-11-24 11:46:47+00:00,1,['cart'],574393478,1,1,1,126.17,0.0,0,1,0,True,False,False,0,126.17,0.0,0,0,0,0,0.0,High Priority
c1e5cd23-48a6-4173-8349-4b7645649d79,2019-11-24 11:48:46+00:00,2019-11-24 11:48:46+00:00,1,['cart'],571828068,1,1,1,164.7,0.0,0,1,0,True,False,False,0,164.7,0.0,0,0,0,0,0.0,High Priority
b76cbe7b-ae8e-4dfd-bc72-0a0e7d7ea04f,2019-11-24 11:53:15+00:00,2019-11-24 11:53:15+00:00,1,['cart'],575914413,1,1,1,6.92,0.0,0,1,0,True,False,False,0,6.92,0.0,0,0,0,0,0.0,High Priority
4546b9b6-352d-4607-8c7c-dfea4f28ac42,2019-11-24 11:54:36+00:00,2019-11-24 11:54:36+00:00,1,['cart'],571765037,1,1,1,180.16,0.0,0,1,0,True,False,False,0,180.16,0.0,0,0,0,0,0.0,High Priority
e28d9ed1-281e-44d3-b538-260461691a63,2019-11-24 11:55:46+00:00,2019-11-24 11:55:46+00:00,1,['cart'],575831413,1,1,1,432.19,0.0,0,1,0,True,False,False,0,432.19,0.0,0,0,0,0,0.0,High Priority
98e8e286-2087-4936-a9c9-76359a8f3991,2019-11-24 11:56:28+00:00,2019-11-24 11:56:28+00:00,1,['cart'],538452532,1,1,1,164.45,0.0,0,1,0,True,False,False,0,164.45,0.0,0,0,0,0,0.0,High Priority
9fb714fe-6598-4d99-b466-f3a4089858dd,2019-11-24 11:58:26+00:00,2019-11-24 11:58:26+00:00,1,['cart'],539462156,1,1,1,68.7,0.0,0,1,0,True,False,False,0,68.7,0.0,0,0,0,0,0.0,High Priority
5be51d0a-bd6a-4909-9a84-53cfecf68370,2019-11-24 12:03:07+00:00,2019-11-24 12:03:07+00:00,1,['cart'],514208841,1,1,1,767.05,0.0,0,1,0,True,False,False,0,767.05,0.0,0,0,0,0,0.0,High Priority
c09ed9ea-5b94-4756-8eae-f9ea9e3da0b5,2019-11-24 12:03:24+00:00,2019-11-24 12:03:24+00:00,1,['cart'],519715899,1,1,1,90.58,0.0,0,1,0,True,False,False,0,90.58,0.0,0,0,0,0,0.0,High Priority
f35bb516-9ae5-4a21-a5eb-0e62f1cb80cc,2019-11-24 12:03:51+00:00,2019-11-24 12:03:51+00:00,1,['cart'],512937810,1,1,1,45.05,0.0,0,1,0,True,False,False,0,45.05,0.0,0,0,0,0,0.0,High Priority
e0fccdf5-22ca-477f-9b96-2443b9d3dda3,2019-11-24 12:06:15+00:00,2019-11-24 12:06:15+00:00,1,['cart'],566079019,1,1,1,110.53,0.0,0,1,0,True,False,False,0,110.53,0.0,0,0,0,0,0.0,High Priority
7b9335e6-fa79-4905-ba8d-619d6f4cd89f,2019-11-24 12:07:56+00:00,2019-11-24 12:07:56+00:00,1,['cart'],545009428,1,1,1,99.36,0.0,0,1,0,True,False,False,0,99.36,0.0,0,0,0,0,0.0,High Priority
d3c992f2-02be-4b53-9613-10ff6af55356,2019-11-24 12:13:08+00:00,2019-11-24 12:13:08+00:00,1,['cart'],575891399,1,1,1,198.38,0.0,0,1,0,True,False,False,0,198.38,0.0,0,0,0,0,0.0,High Priority
e811c819-2a5c-474d-aa1c-b23ac92c454e,2019-11-24 12:15:13+00:00,2019-11-24 12:15:13+00:00,1,['cart'],558494646,1,1,1,532.83,0.0,0,1,0,True,False,False,0,532.83,0.0,0,0,0,0,0.0,High Priority
d8a2ee92-46d4-447b-b84b-6efefecfdb46,2019-11-24 12:20:26+00:00,2019-11-24 12:20:26+00:00,1,['cart'],575928403,1,1,1,916.37,0.0,0,1,0,True,False,False,0,916.37,0.0,0,0,0,0,0.0,High Priority
800bd7a0-d164-44de-85fc-cd5f20436d69,2019-11-24 12:23:31+00:00,2019-11-24 12:23:31+00:00,1,['cart'],562260298,1,1,0,232.41,0.0,0,1,0,True,False,False,0,232.41,0.0,0,0,0,0,0.0,High Priority
4f11dfea-82da-410d-ab6c-98e002e8c8ed,2019-11-24 12:25:44+00:00,2019-11-24 12:25:44+00:00,1,['cart'],523172020,1,1,1,487.14,0.0,0,1,0,True,False,False,0,487.14,0.0,0,0,0,0,0.0,High Priority
5238b626-da0b-4d78-9367-2afeb600eedd,2019-11-24 12:28:53+00:00,2019-11-24 12:28:53+00:00,1,['cart'],575932381,1,1,1,246.96,0.0,0,1,0,True,False,False,0,246.96,0.0,0,0,0,0,0.0,High Priority
759dce4e-ed82-44cc-b8e0-e206dce44071,2019-11-24 12:29:31+00:00,2019-11-24 12:31:49+00:00,2,"['cart', 'view']",575925562,2,1,1,1868.24,2.3,1,1,0,True,False,True,0,934.12,1.0,0,0,0,0,0.0,High Priority
492edf26-f599-45c2-becd-1317e6eaafa8,2019-11-24 12:38:26+00:00,2019-11-24 12:38:26+00:00,1,['cart'],525824214,1,1,1,334.6,0.0,0,1,0,True,False,False,0,334.6,0.0,0,1,1,1,0.0,High Priority
0fd5e49b-5170-4be6-b549-36abf381202d,2019-11-24 12:41:15+00:00,2019-11-24 12:41:15+00:00,1,['cart'],557346461,1,1,1,130.94,0.0,0,1,0,True,False,False,0,130.94,0.0,0,0,0,0,0.0,High Priority
0d96e89f-5cce-4bbe-915f-432c1036733f,2019-11-24 12:51:42+00:00,2019-11-24 12:51:42+00:00,1,['cart'],541179644,1,1,1,198.36,0.0,0,1,0,True,False,False,0,198.36,0.0,0,0,0,0,0.0,High Priority
4972f465-0bd5-4d4a-88db-42d6c1587b23,2019-11-24 12:54:40+00:00,2019-11-24 12:54:40+00:00,1,['cart'],561605204,1,1,0,44.79,0.0,0,1,0,True,False,False,0,44.79,0.0,0,0,0,0,0.0,High Priority
aeb5f870-b249-4f81-a76e-b15b7b69637a,2019-11-24 12:57:57+00:00,2019-11-24 12:57:57+00:00,1,['cart'],543052974,1,1,1,62.81,0.0,0,1,0,True,False,False,0,62.81,0.0,0,0,0,0,0.0,High Priority
c8a82e10-9e32-4e9c-a790-9c38605c4d53,2019-11-24 13:00:03+00:00,2019-11-24 13:00:03+00:00,1,['cart'],574354147,1,1,1,130.58,0.0,0,1,0,True,False,False,0,130.58,0.0,0,0,0,0,0.0,High Priority
79496240-7a65-4e31-a5c7-ae32c1da84da,2019-11-24 13:06:30+00:00,2019-11-24 13:06:30+00:00,1,['cart'],525642826,1,1,1,283.05,0.0,0,1,0,True,False,False,0,283.05,0.0,0,0,0,0,0.0,High Priority
aa8838fc-9b78-49dd-8e59-bc1244559be4,2019-11-24 13:07:38+00:00,2019-11-24 13:07:38+00:00,1,['cart'],542842582,1,1,1,217.13,0.0,0,1,0,True,False,False,0,217.13,0.0,0,0,0,0,0.0,High Priority
b265f4f0-47a6-41ee-893e-d852d5030eca,2019-11-24 13:09:54+00:00,2019-11-24 13:09:54+00:00,1,['cart'],544816824,1,1,1,229.71,0.0,0,1,0,True,False,False,0,229.71,0.0,0,0,0,0,0.0,High Priority
640aef96-3dd5-4d12-aca1-9b49328a5b78,2019-11-24 13:11:25+00:00,2019-11-24 13:29:11+00:00,2,"['cart', 'purchase']",538496696,1,1,1,165.26,17.766666666666666,0,1,1,True,True,False,0,165.26,0.0,0,0,0,0,0.27,High Priority
d0738e30-31ec-4bbd-929c-431ee2b32d5e,2019-11-24 13:12:16+00:00,2019-11-24 13:12:16+00:00,1,['cart'],517131848,1,1,1,137.31,0.0,0,1,0,True,False,False,0,137.31,0.0,0,0,0,0,0.0,High Priority
7c4f4971-e3dc-4caf-a7d0-01a31b9ccbda,2019-11-24 13:14:05+00:00,2019-11-24 13:14:05+00:00,1,['cart'],566939830,1,1,1,411.85,0.0,0,1,0,True,False,False,0,411.85,0.0,0,0,0,0,0.0,High Priority
c5cae855-5618-40ce-a6ac-be60b30bbfdd,2019-11-24 13:22:32+00:00,2019-11-24 13:22:32+00:00,1,['cart'],567592956,1,1,1,164.7,0.0,0,1,0,True,False,False,0,164.7,0.0,0,0,0,0,0.0,High Priority
54f5b42e-ef9f-4650-9281-3951633526d3,2019-11-24 13:27:39+00:00,2019-11-24 13:27:39+00:00,1,['cart'],575959124,1,1,1,33.21,0.0,0,1,0,True,False,False,0,33.21,0.0,0,0,0,0,0.0,High Priority
114b2e3e-ffad-478c-9cf0-bd3981cc5f63,2019-11-24 13:31:32+00:00,2019-11-24 13:31:32+00:00,1,['cart'],575940689,1,1,1,105.01,0.0,0,1,0,True,False,False,0,105.01,0.0,0,0,0,0,0.0,High Priority
ff5fc51a-0d24-4615-9219-ff014d6c206f,2019-11-24 13:32:05+00:00,2019-11-24 13:32:05+00:00,1,['cart'],574380096,1,1,1,169.88,0.0,0,1,0,True,False,False,0,169.88,0.0,0,0,0,0,0.0,High Priority
212f9fb9-b685-4e9d-8146-270b6c5b1018,2019-11-24 13:35:46+00:00,2019-11-24 13:35:46+00:00,1,['cart'],523593330,1,1,1,169.88,0.0,0,1,0,True,False,False,0,169.88,0.0,0,0,0,0,0.0,High Priority
e9ea8983-7c22-41ce-821d-da40108d9594,2019-11-24 13:38:26+00:00,2019-11-24 13:38:26+00:00,1,['cart'],536811706,1,1,1,164.45,0.0,0,1,0,True,False,False,0,164.45,0.0,0,0,0,0,0.0,High Priority
5daae809-89d3-4297-aa54-73e46ca584ff,2019-11-24 13:40:07+00:00,2019-11-24 13:40:07+00:00,1,['cart'],545090159,1,1,1,152.82,0.0,0,1,0,True,False,False,0,152.82,0.0,0,0,0,0,0.0,High Priority
e71762e0-791e-4bb7-abb6-8d0cdd4f8a4c,2019-11-24 13:40:18+00:00,2019-11-24 13:40:18+00:00,1,['cart'],575948622,1,1,0,97.3,0.0,0,1,0,True,False,False,0,97.3,0.0,0,0,0,0,0.0,High Priority
dcbf3678-9aa0-46f2-8da7-38cc17217700,2019-11-24 13:42:30+00:00,2019-11-24 13:42:30+00:00,1,['cart'],555491739,1,1,1,84.45,0.0,0,1,0,True,False,False,0,84.45,0.0,0,0,0,0,0.0,High Priority
c4c129a6-f726-4d50-a421-e280cc8645e8,2019-11-24 13:42:38+00:00,2019-11-24 13:42:38+00:00,1,['cart'],548095013,1,1,1,246.96,0.0,0,1,0,True,False,False,0,246.96,0.0,0,0,0,0,0.0,High Priority
04bfef3d-fe6e-4315-8450-14095025b970,2019-11-24 13:48:13+00:00,2019-11-24 13:48:30+00:00,2,"['cart', 'view']",515715331,2,1,1,1963.68,0.2833333333333333,1,1,0,True,False,True,0,981.84,1.0,0,1,1,1,0.0,High Priority
1a57dc4a-563e-47a8-8006-7f28044cd996,2019-11-24 13:48:56+00:00,2019-11-24 13:48:56+00:00,1,['cart'],569773756,1,1,1,79.15,0.0,0,1,0,True,False,False,0,79.15,0.0,0,0,0,0,0.0,High Priority
722c2abb-1cab-47b0-9073-8eb848b6e0da,2019-11-24 13:50:49+00:00,2019-11-24 13:50:49+00:00,1,['cart'],521694326,1,1,1,452.78,0.0,0,1,0,True,False,False,0,452.78,0.0,0,0,0,0,0.0,High Priority
67a89555-43eb-4302-a608-29299fcf714d,2019-11-24 13:53:00+00:00,2019-11-24 13:53:00+00:00,1,['cart'],527972150,1,1,1,38.35,0.0,0,1,0,True,False,False,0,38.35,0.0,0,0,0,0,0.0,High Priority
074ae22a-0e5f-44e4-8e8c-3ccf7112f4db,2019-11-24 13:57:02+00:00,2019-11-24 13:57:02+00:00,1,['cart'],539939509,1,1,1,57.4,0.0,0,1,0,True,False,False,0,57.4,0.0,0,0,0,0,0.0,High Priority
1362e549-c7d1-4397-b3a8-8dcd407de2be,2019-11-24 13:57:12+00:00,2019-11-24 13:57:12+00:00,1,['cart'],551019908,1,1,1,198.38,0.0,0,1,0,True,False,False,0,198.38,0.0,0,0,0,0,0.0,High Priority
f71bcf31-1ba7-4b00-9a25-652c183bcef6,2019-11-24 13:57:27+00:00,2019-11-24 14:02:35+00:00,2,"['cart', 'view']",515876217,1,1,1,339.26,5.133333333333334,1,1,0,True,False,True,0,339.26,1.0,0,0,0,0,0.0,High Priority
266f0a21-d35f-40f2-9a47-4d87bd122d7a,2019-11-24 14:01:27+00:00,2019-11-24 14:01:27+00:00,1,['cart'],531295090,1,1,1,28.29,0.0,0,1,0,True,False,False,0,28.29,0.0,0,0,0,0,0.0,High Priority
ef1211ac-32d2-4cc8-a1c1-99cc1f7b6cb4,2019-11-24 14:04:26+00:00,2019-11-24 14:04:26+00:00,1,['cart'],548460033,1,1,1,28.31,0.0,0,1,0,True,False,False,0,28.31,0.0,0,0,0,0,0.0,High Priority
c4dcc950-39be-4f63-ac4a-46ec11bc075c,2019-11-24 14:05:12+00:00,2019-11-24 14:05:12+00:00,1,['cart'],516276411,1,1,1,43.73,0.0,0,1,0,True,False,False,0,43.73,0.0,0,0,0,0,0.0,High Priority
9d1be749-2dc9-4e6c-b94e-96e13095aa7d,2019-11-24 14:06:32+00:00,2019-11-24 14:06:32+00:00,1,['cart'],574439649,1,1,1,380.94,0.0,0,1,0,True,False,False,0,380.94,0.0,0,0,0,0,0.0,High Priority
ec374671-bf42-470b-927d-6538264da853,2019-11-24 14:07:03+00:00,2019-11-24 14:07:03+00:00,1,['cart'],564620805,1,1,1,58.95,0.0,0,1,0,True,False,False,0,58.95,0.0,0,0,0,0,0.0,High Priority
99c815f0-ce1f-40f6-a4f8-ac738da7fe24,2019-11-24 14:07:10+00:00,2019-11-24 14:07:10+00:00,1,['cart'],571707269,1,1,1,93.18,0.0,0,1,0,True,False,False,0,93.18,0.0,0,0,0,0,0.0,High Priority
1336e17c-4bd9-4ae9-822d-cb1dad9e982d,2019-11-24 14:08:45+00:00,2019-11-24 14:08:45+00:00,1,['cart'],518469615,1,1,1,46.31,0.0,0,1,0,True,False,False,0,46.31,0.0,0,0,0,0,0.0,High Priority
2c522a32-66de-4e51-b4d5-7c3fd8b3e3b7,2019-11-24 14:09:10+00:00,2019-11-24 14:09:10+00:00,1,['cart'],519045254,1,1,1,139.64,0.0,0,1,0,True,False,False,0,139.64,0.0,0,0,0,0,0.0,High Priority
ea7b6e3f-8cbd-45a8-b70e-dc53848d3349,2019-11-24 14:09:45+00:00,2019-11-24 14:09:45+00:00,1,['cart'],575979492,1,1,1,916.37,0.0,0,1,0,True,False,False,0,916.37,0.0,0,0,0,0,0.0,High Priority
490367c7-bd10-481c-a1fe-112bd782b9ee,2019-11-24 14:10:07+00:00,2019-11-24 14:10:07+00:00,1,['cart'],575971721,1,1,0,152.9,0.0,0,1,0,True,False,False,0,152.9,0.0,0,0,0,0,0.0,High Priority
62154177-98a0-4b26-9c43-a39bdc966b87,2019-11-24 14:11:10+00:00,2019-11-24 14:11:10+00:00,1,['cart'],544799813,1,1,1,25.66,0.0,0,1,0,True,False,False,0,25.66,0.0,0,0,0,0,0.0,High Priority
90e90621-b95a-40b7-8d1a-ece30cb52ec6,2019-11-24 14:16:14+00:00,2019-11-24 14:16:14+00:00,1,['cart'],574864239,1,1,1,136.4,0.0,0,1,0,True,False,False,0,136.4,0.0,0,0,0,0,0.0,High Priority
f89aa253-fb04-4764-b588-38e84e8fd522,2019-11-24 14:18:29+00:00,2019-11-24 14:18:29+00:00,1,['cart'],513588569,1,1,1,23.17,0.0,0,1,0,True,False,False,0,23.17,0.0,0,0,0,0,0.0,High Priority
99c49059-a872-4eb2-8c40-e8594a6fadbd,2019-11-24 14:21:12+00:00,2019-11-24 14:21:12+00:00,1,['cart'],575984533,1,1,1,1003.24,0.0,0,1,0,True,False,False,0,1003.24,0.0,0,0,0,0,0.0,High Priority
ea83414c-0e0b-45aa-bedf-83f0ae41fcf3,2019-11-24 14:25:43+00:00,2019-11-24 14:25:43+00:00,1,['cart'],575985633,1,1,1,486.47,0.0,0,1,0,True,False,False,0,486.47,0.0,0,0,0,0,0.0,High Priority
65ac5706-7c27-4e47-a7ce-64594c9fe144,2019-11-24 14:32:23+00:00,2019-11-24 14:32:23+00:00,1,['cart'],520450700,1,1,1,916.37,0.0,0,1,0,True,False,False,0,916.37,0.0,0,0,0,0,0.0,High Priority
52427032-f23a-467d-8d3a-48bcab26c305,2019-11-24 14:33:58+00:00,2019-11-24 14:33:58+00:00,1,['cart'],525852011,1,1,1,244.46,0.0,0,1,0,True,False,False,0,244.46,0.0,0,0,0,0,0.0,High Priority
a9fe5315-05a6-41b3-affe-390cb3aa2436,2019-11-24 14:35:48+00:00,2019-11-24 14:44:37+00:00,2,"['cart', 'view']",518469615,2,2,2,35.47,8.816666666666666,1,1,0,True,False,True,0,17.735,1.0,0,1,1,1,0.0,High Priority
3d81cad5-6331-4e28-899c-8fd351b56d93,2019-11-24 14:38:22+00:00,2019-11-24 14:38:22+00:00,1,['cart'],555212935,1,1,1,43.55,0.0,0,1,0,True,False,False,0,43.55,0.0,0,0,0,0,0.0,High Priority
515d6fa7-4513-435a-87dc-c8a8621cfacc,2019-11-24 14:45:24+00:00,2019-11-24 14:45:24+00:00,1,['cart'],561891368,1,1,1,164.43,0.0,0,1,0,True,False,False,0,164.43,0.0,0,0,0,0,0.0,High Priority
4847c250-37bc-43f9-a6c5-74f37d4a475b,2019-11-24 14:49:51+00:00,2019-11-24 14:49:51+00:00,1,['cart'],567872985,1,1,1,1312.23,0.0,0,1,0,True,False,False,0,1312.23,0.0,0,0,0,0,0.0,High Priority
8804c481-cb2d-4027-9e51-2112754ad749,2019-11-24 14:51:01+00:00,2019-11-24 14:58:22+00:00,2,"['cart', 'view']",530458663,1,1,1,478.22,7.35,1,1,0,True,False,True,0,478.22,1.0,0,0,0,0,0.0,High Priority
7030979c-a9da-4681-914d-9ee3bc99a47c,2019-11-24 14:52:02+00:00,2019-11-24 14:52:02+00:00,1,['cart'],559689903,1,1,0,63.78,0.0,0,1,0,True,False,False,0,63.78,0.0,0,0,0,0,0.0,High Priority
4fa1addb-0b34-41b6-bd2c-ab6e5afc6357,2019-11-24 14:52:46+00:00,2019-11-24 14:52:46+00:00,1,['cart'],575999023,1,1,1,189.68,0.0,0,1,0,True,False,False,0,189.68,0.0,0,0,0,0,0.0,High Priority
2a365b3a-12b0-40ad-9f43-6b8558180e35,2019-11-24 14:55:35+00:00,2019-11-24 14:55:35+00:00,1,['cart'],556778180,1,1,1,258.57,0.0,0,1,0,True,False,False,0,258.57,0.0,0,0,0,0,0.0,High Priority
dc909248-967d-4e60-b8ff-db615d09805e,2019-11-24 14:55:36+00:00,2019-11-24 14:55:36+00:00,1,['cart'],518633857,1,1,1,70.4,0.0,0,1,0,True,False,False,0,70.4,0.0,0,0,0,0,0.0,High Priority
18a2e674-31f1-4421-9cc5-3f93464284a8,2019-11-24 15:00:05+00:00,2019-11-24 15:00:05+00:00,1,['cart'],550146249,1,1,1,229.71,0.0,0,1,0,True,False,False,0,229.71,0.0,0,0,0,0,0.0,High Priority
7ad6342a-466d-4886-80ee-8cfa62a69cdc,2019-11-24 15:01:11+00:00,2019-11-24 15:01:11+00:00,1,['cart'],526984127,1,1,1,715.33,0.0,0,1,0,True,False,False,0,715.33,0.0,0,0,0,0,0.0,High Priority
6bbeef57-1800-40eb-b666-13b6857677be,2019-11-24 15:03:49+00:00,2019-11-24 15:03:49+00:00,1,['cart'],515099274,1,1,1,27.54,0.0,0,1,0,True,False,False,0,27.54,0.0,0,1,1,1,0.0,High Priority
a23e8b9b-8af5-4bc0-9a6f-d3d36b6f7954,2019-11-24 15:05:33+00:00,2019-11-24 15:05:33+00:00,1,['cart'],575746455,1,1,1,292.04,0.0,0,1,0,True,False,False,0,292.04,0.0,0,0,0,0,0.0,High Priority
1e0b33db-0dc1-4fbf-9a53-dbf27cd700c4,2019-11-24 15:09:22+00:00,2019-11-24 15:09:22+00:00,1,['cart'],562626888,1,1,1,126.17,0.0,0,1,0,True,False,False,0,126.17,0.0,0,0,0,0,0.0,High Priority
1a1d401e-69bb-47a4-8ea1-655b937fd7b1,2019-11-24 15:10:04+00:00,2019-11-24 15:10:04+00:00,1,['cart'],531581500,1,1,1,51.48,0.0,0,1,0,True,False,False,0,51.48,0.0,0,0,0,0,0.0,High Priority
3e713562-dadc-48ff-a857-507ffe486e5b,2019-11-24 15:13:45+00:00,2019-11-24 15:13:45+00:00,1,['cart'],566214103,1,1,1,392.49,0.0,0,1,0,True,False,False,0,392.49,0.0,0,0,0,0,0.0,High Priority
61660990-7a94-4e71-9ebd-017338973769,2019-11-24 15:17:51+00:00,2019-11-24 15:17:51+00:00,1,['cart'],522879488,1,1,1,194.47,0.0,0,1,0,True,False,False,0,194.47,0.0,0,0,0,0,0.0,High Priority
ade259dc-9c0c-49ff-b3ae-ba8874bf1948,2019-11-24 15:18:40+00:00,2019-11-24 15:18:40+00:00,1,['cart'],575276367,1,1,1,185.31,0.0,0,1,0,True,False,False,0,185.31,0.0,0,0,0,0,0.0,High Priority
6ab9197f-0c67-466d-a05e-e4fa4bccc3df,2019-11-24 15:21:58+00:00,2019-11-24 15:21:58+00:00,1,['cart'],535377940,1,1,1,35.78,0.0,0,1,0,True,False,False,0,35.78,0.0,0,0,0,0,0.0,High Priority
e7be7767-f7c7-46d8-a4ea-3327e2c1aba0,2019-11-24 15:25:25+00:00,2019-11-24 15:25:25+00:00,1,['cart'],563548667,1,1,1,22.39,0.0,0,1,0,True,False,False,0,22.39,0.0,0,0,0,0,0.0,High Priority
435a0b67-3ff2-49c4-9394-38c57a211104,2019-11-24 15:25:34+00:00,2019-11-24 15:25:34+00:00,1,['cart'],512711608,1,1,1,487.14,0.0,0,1,0,True,False,False,0,487.14,0.0,0,0,0,0,0.0,High Priority
73db7461-33e6-4c19-9b2a-799f3392220c,2019-11-24 15:28:29+00:00,2019-11-24 15:28:29+00:00,1,['cart'],576014696,1,1,1,164.7,0.0,0,1,0,True,False,False,0,164.7,0.0,0,0,0,0,0.0,High Priority
b3038553-7ea0-48ef-97bf-a7f76b11607f,2019-11-24 15:31:43+00:00,2019-11-24 15:31:43+00:00,1,['cart'],576018163,1,1,1,164.88,0.0,0,1,0,True,False,False,0,164.88,0.0,0,0,0,0,0.0,High Priority
afafe510-b90d-41b7-827d-c189add5aca0,2019-11-24 15:32:14+00:00,2019-11-24 15:40:39+00:00,2,"['cart', 'view']",576019361,1,1,1,566.8,8.416666666666666,1,1,0,True,False,True,0,566.8,1.0,0,0,0,0,0.0,High Priority
84dab9f4-cf4e-4326-a117-9a3a9ebb15a5,2019-11-24 15:34:56+00:00,2019-11-24 15:34:56+00:00,1,['cart'],571965782,1,1,0,74.65,0.0,0,1,0,True,False,False,0,74.65,0.0,0,0,0,0,0.0,High Priority
582545db-7fec-4f05-b94d-a02888b3073b,2019-11-24 15:37:26+00:00,2019-11-24 15:37:26+00:00,1,['cart'],572980663,1,1,1,198.28,0.0,0,1,0,True,False,False,0,198.28,0.0,0,0,0,0,0.0,High Priority
1527d4b5-51e6-463e-86ad-9688fd2a81b0,2019-11-24 15:40:03+00:00,2019-11-24 15:40:03+00:00,1,['cart'],529249519,1,1,1,59.62,0.0,0,1,0,True,False,False,0,59.62,0.0,0,0,0,0,0.0,High Priority
ceaac1bd-b03f-4f85-8399-f2b83e295ca6,2019-11-24 15:44:24+00:00,2019-11-24 15:45:21+00:00,2,"['cart', 'view']",514243433,1,1,1,419.06,0.95,1,1,0,True,False,True,0,419.06,1.0,0,0,0,0,0.0,High Priority
78a00232-56cf-4ac9-a7dc-fbaaa7c2b1cf,2019-11-24 15:44:57+00:00,2019-11-24 15:44:57+00:00,1,['cart'],568403776,1,1,1,130.51,0.0,0,1,0,True,False,False,0,130.51,0.0,0,0,0,0,0.0,High Priority
c842ed69-3b56-45aa-bdf1-b089d30c8201,2019-11-24 15:45:31+00:00,2019-11-24 15:45:31+00:00,1,['cart'],571548491,1,1,1,126.17,0.0,0,1,0,True,False,False,0,126.17,0.0,0,0,0,0,0.0,High Priority
4a2ef9a7-e87a-4248-bfb2-9286ac266e6f,2019-11-24 15:46:53+00:00,2019-11-24 15:46:53+00:00,1,['cart'],575325366,1,1,1,23.68,0.0,0,1,0,True,False,False,0,23.68,0.0,0,0,0,0,0.0,High Priority
f0002edd-af9f-4acf-86a0-33caf1e17722,2019-11-24 15:52:27+00:00,2019-11-24 15:52:27+00:00,1,['cart'],545597943,1,1,1,126.17,0.0,0,1,0,True,False,False,0,126.17,0.0,0,0,0,0,0.0,High Priority
7e82de5b-bc8b-426d-96bc-bfb6a99120cc,2019-11-24 15:54:35+00:00,2019-11-24 15:54:35+00:00,1,['cart'],540009658,1,1,1,17.99,0.0,0,1,0,True,False,False,0,17.99,0.0,0,0,0,0,0.0,High Priority
d1cf0031-b2f0-4312-a28f-f459aff79cd5,2019-11-24 15:54:45+00:00,2019-11-24 15:54:45+00:00,1,['cart'],547678256,1,1,0,160.62,0.0,0,1,0,True,False,False,0,160.62,0.0,0,0,0,0,0.0,High Priority
057478e6-e6b1-45ef-bae1-fa27259e3eed,2019-11-24 15:57:22+00:00,2019-11-24 15:57:22+00:00,1,['cart'],512471227,1,1,1,219.88,0.0,0,1,0,True,False,False,0,219.88,0.0,0,0,0,0,0.0,High Priority
4da3a6a4-1158-44d3-8734-06116ae7d113,2019-11-24 15:59:47+00:00,2019-11-24 15:59:47+00:00,1,['cart'],529148355,1,1,1,32.18,0.0,0,1,0,True,False,False,0,32.18,0.0,0,0,0,0,0.0,High Priority
a8c25c3a-6fc1-4f45-8578-396fcdaab2c4,2019-11-24 16:01:29+00:00,2019-11-24 16:01:29+00:00,1,['cart'],576030033,1,1,1,169.88,0.0,0,1,0,True,False,False,0,169.88,0.0,0,0,0,0,0.0,High Priority
ec8c6fad-d337-4b94-ab8d-9dac5d572da2,2019-11-24 16:01:34+00:00,2019-11-24 16:01:34+00:00,1,['cart'],514456907,1,1,1,200.6,0.0,0,1,0,True,False,False,0,200.6,0.0,0,0,0,0,0.0,High Priority
a16718d8-5cba-413e-96a4-e74d0200d193,2019-11-24 16:03:10+00:00,2019-11-24 16:03:46+00:00,2,"['cart', 'view']",512700520,2,1,1,257.41,0.6,1,1,0,True,False,True,0,128.705,1.0,0,0,0,0,0.01,High Priority
27dbee88-a13b-4a0a-80c4-6c8d77b50a25,2019-11-24 16:03:29+00:00,2019-11-24 16:03:29+00:00,1,['cart'],513647832,1,1,1,36.01,0.0,0,1,0,True,False,False,0,36.01,0.0,0,0,0,0,0.0,High Priority
882991d4-1758-46d8-9e5b-5ac487b1fd84,2019-11-24 16:09:32+00:00,2019-11-24 16:09:32+00:00,1,['cart'],566666197,1,1,1,92.67,0.0,0,1,0,True,False,False,0,92.67,0.0,0,0,0,0,0.0,High Priority
6bd18fba-6995-4776-bf57-4060a4648895,2019-11-24 16:10:15+00:00,2019-11-24 16:46:10+00:00,3,"['cart', 'view', 'view']",576000821,3,1,2,353.66,35.916666666666664,2,1,0,True,False,True,0,117.88666666666668,2.0,0,0,0,0,0.03,High Priority
c437d86a-4ea5-4646-9767-8ae899345718,2019-11-24 16:15:36+00:00,2019-11-24 16:15:36+00:00,1,['cart'],564430434,1,1,0,14.16,0.0,0,1,0,True,False,False,0,14.16,0.0,0,0,0,0,0.0,High Priority
23a81979-5284-45d6-b4f8-b5df983b98a7,2019-11-24 16:17:13+00:00,2019-11-24 16:17:13+00:00,1,['cart'],552101624,1,1,1,44.02,0.0,0,1,0,True,False,False,0,44.02,0.0,0,0,0,0,0.0,High Priority
c058164a-0268-41f1-8919-c33f6ecc3f4f,2019-11-24 16:17:52+00:00,2019-11-24 16:17:52+00:00,1,['cart'],572444891,1,1,1,47.62,0.0,0,1,0,True,False,False,0,47.62,0.0,0,0,0,0,0.0,High Priority
d04d4f98-f449-4222-84e2-23af5d2fa9b8,2019-11-24 16:22:27+00:00,2019-11-24 16:22:27+00:00,1,['cart'],574234048,1,1,1,334.6,0.0,0,1,0,True,False,False,0,334.6,0.0,0,0,0,0,0.0,High Priority
46c9ef22-f9d7-48cd-98b5-f8b09ee3e968,2019-11-24 16:23:40+00:00,2019-11-24 16:23:40+00:00,1,['cart'],519299158,1,1,1,97.81,0.0,0,1,0,True,False,False,0,97.81,0.0,0,0,0,0,0.0,High Priority
b2d4b47f-0946-4022-acf1-7e0f2d286a9b,2019-11-24 16:24:22+00:00,2019-11-24 16:24:22+00:00,1,['cart'],513845325,1,1,1,220.92,0.0,0,1,0,True,False,False,0,220.92,0.0,0,0,0,0,0.0,High Priority
2a974a27-f2c0-4c25-a402-9e1d02e4a169,2019-11-24 16:26:44+00:00,2019-11-24 16:26:44+00:00,1,['cart'],574211660,1,1,1,28.29,0.0,0,1,0,True,False,False,0,28.29,0.0,0,0,0,0,0.0,High Priority
fecde8c8-64a7-4cbf-8f95-b1e98704f47a,2019-11-24 16:27:11+00:00,2019-11-24 16:27:11+00:00,1,['cart'],576045734,1,1,1,41.19,0.0,0,1,0,True,False,False,0,41.19,0.0,0,0,0,0,0.0,High Priority
221ea81a-8f69-49b0-8fb3-b2b17507aa94,2019-11-24 16:30:42+00:00,2019-11-24 16:30:42+00:00,1,['cart'],575868627,1,1,1,126.14,0.0,0,1,0,True,False,False,0,126.14,0.0,0,0,0,0,0.0,High Priority
48420a62-9ca7-457a-9c1a-b23866687abf,2019-11-24 16:31:00+00:00,2019-11-24 16:31:00+00:00,1,['cart'],518714941,1,1,1,509.67,0.0,0,1,0,True,False,False,0,509.67,0.0,0,0,0,0,0.0,High Priority
146b59a2-ce27-4ad1-ab1b-2a0e681e3b75,2019-11-24 16:31:38+00:00,2019-11-24 16:31:38+00:00,1,['cart'],523395075,1,1,1,328.35,0.0,0,1,0,True,False,False,0,328.35,0.0,0,0,0,0,0.0,High Priority
b65aa070-5176-4897-a0c2-6c2b1026be0b,2019-11-24 16:36:51+00:00,2019-11-24 16:36:51+00:00,1,['cart'],515209588,1,1,1,42.99,0.0,0,1,0,True,False,False,0,42.99,0.0,0,0,0,0,0.0,High Priority
54037a04-ddcc-43f2-8626-a05edeebc648,2019-11-24 16:37:23+00:00,2019-11-24 16:37:23+00:00,1,['cart'],513275320,1,1,1,229.71,0.0,0,1,0,True,False,False,0,229.71,0.0,0,0,0,0,0.0,High Priority
0ebf137c-b811-4280-90f7-3a97ffde61b2,2019-11-24 16:42:32+00:00,2019-11-24 16:42:32+00:00,1,['cart'],542178576,1,1,1,254.32,0.0,0,1,0,True,False,False,0,254.32,0.0,0,0,0,0,0.0,High Priority
b4036683-5af2-46bb-a858-09826c4b8227,2019-11-24 16:42:56+00:00,2019-11-24 16:42:56+00:00,1,['cart'],516751794,1,1,1,1465.42,0.0,0,1,0,True,False,False,0,1465.42,0.0,0,0,0,0,0.0,High Priority
7b66805b-9a02-403a-a933-9839abe16ac9,2019-11-24 16:43:40+00:00,2019-11-24 16:43:40+00:00,1,['cart'],567547474,1,1,1,42.99,0.0,0,1,0,True,False,False,0,42.99,0.0,0,0,0,0,0.0,High Priority
9c441d88-b76f-4356-a352-2e6ea99e5ec8,2019-11-24 16:44:39+00:00,2019-11-24 16:44:39+00:00,1,['cart'],548704205,1,1,1,40.93,0.0,0,1,0,True,False,False,0,40.93,0.0,0,0,0,0,0.0,High Priority
a1d4ca0a-bacb-4662-aa2f-668a9d696b95,2019-11-24 16:49:21+00:00,2019-11-24 16:49:21+00:00,1,['cart'],540803392,1,1,1,532.83,0.0,0,1,0,True,False,False,0,532.83,0.0,0,0,0,0,0.0,High Priority
91092e80-646d-4433-8272-d83fdb4e44de,2019-11-24 16:50:17+00:00,2019-11-24 16:50:17+00:00,1,['cart'],537844444,1,1,1,126.17,0.0,0,1,0,True,False,False,0,126.17,0.0,0,0,0,0,0.0,High Priority
4c87f748-e3d6-402a-9b5b-b334acdc557b,2019-11-24 16:51:04+00:00,2019-11-24 16:51:04+00:00,1,['cart'],540613453,1,1,1,126.04,0.0,0,1,0,True,False,False,0,126.04,0.0,0,0,0,0,0.0,High Priority
0ba70c2c-43f5-4063-b506-5084da67e997,2019-11-24 16:55:32+00:00,2019-11-24 17:01:07+00:00,2,"['cart', 'view']",572130544,1,1,1,132.5,5.583333333333333,1,1,0,True,False,True,0,132.5,1.0,0,0,0,0,0.0,High Priority
1b2e8211-f1a4-447a-98d9-3e8e3e6ac5a9,2019-11-24 16:56:43+00:00,2019-11-24 16:56:43+00:00,1,['cart'],571124318,1,1,1,14.16,0.0,0,1,0,True,False,False,0,14.16,0.0,0,0,0,0,0.0,High Priority
cf2646e5-0d12-4b46-8c38-3f63a3e4b37a,2019-11-24 16:58:23+00:00,2019-11-24 17:01:21+00:00,2,"['cart', 'view']",514083230,1,1,1,163.72,2.966666666666667,1,1,0,True,False,True,0,163.72,1.0,0,1,1,1,0.0,High Priority
bfd29759-ce04-487d-8fbb-98ae9698ecdf,2019-11-24 16:58:45+00:00,2019-11-24 16:58:45+00:00,1,['cart'],523401988,1,1,1,126.17,0.0,0,1,0,True,False,False,0,126.17,0.0,0,0,0,0,0.0,High Priority
3339a53e-04ff-4350-987e-98189e25e173,2019-11-24 16:59:22+00:00,2019-11-24 16:59:22+00:00,1,['cart'],516864698,1,1,1,1454.35,0.0,0,1,0,True,False,False,0,1454.35,0.0,0,0,0,0,0.0,High Priority
bf810821-4432-46a3-82ec-6197e1b97e2e,2019-11-24 17:02:23+00:00,2019-11-24 17:02:23+00:00,1,['cart'],564952182,1,1,1,25.48,0.0,0,1,0,True,False,False,0,25.48,0.0,0,0,0,0,0.0,High Priority
ef63156c-a346-4403-a988-59444a7e85d3,2019-11-24 17:03:26+00:00,2019-11-24 17:03:26+00:00,1,['cart'],557115214,1,1,1,396.15,0.0,0,1,0,True,False,False,0,396.15,0.0,0,0,0,0,0.0,High Priority
98a6e941-f9df-4f5f-ba00-ccd14f6ecadc,2019-11-24 17:04:14+00:00,2019-11-24 17:04:14+00:00,1,['cart'],517830563,1,1,1,83.14,0.0,0,1,0,True,False,False,0,83.14,0.0,0,0,0,0,0.0,High Priority
abaad3ae-edc7-468d-9568-e9f706c1cb91,2019-11-24 17:06:37+00:00,2019-11-24 17:06:37+00:00,1,['cart'],550843646,1,1,1,55.32,0.0,0,1,0,True,False,False,0,55.32,0.0,0,0,0,0,0.0,High Priority
4c48e02f-97d2-4c47-a8b1-e12664824b74,2019-11-24 17:10:10+00:00,2019-11-24 17:10:10+00:00,1,['cart'],550095217,1,1,1,348.97,0.0,0,1,0,True,False,False,0,348.97,0.0,0,0,0,0,0.0,High Priority
20546dcb-a667-4562-a9ea-b3fd6139299f,2019-11-24 17:10:53+00:00,2019-11-24 17:10:53+00:00,1,['cart'],564962261,1,1,1,152.82,0.0,0,1,0,True,False,False,0,152.82,0.0,0,0,0,0,0.0,High Priority
78f4651b-5f10-4028-aaf5-f0a323304f01,2019-11-24 17:11:54+00:00,2019-11-24 17:11:54+00:00,1,['cart'],570279367,1,1,1,291.51,0.0,0,1,0,True,False,False,0,291.51,0.0,0,0,0,0,0.01,High Priority
a8850817-b571-4fe8-ac90-0729f200599a,2019-11-24 17:12:21+00:00,2019-11-24 17:12:53+00:00,2,"['cart', 'view']",549881216,1,1,1,597.18,0.5333333333333333,1,1,0,True,False,True,0,597.18,1.0,0,0,0,0,0.0,High Priority
cdee15d7-8934-4972-b146-e4eb330dae52,2019-11-24 17:12:48+00:00,2019-11-24 17:12:48+00:00,1,['cart'],515031737,1,1,1,97.79,0.0,0,1,0,True,False,False,0,97.79,0.0,0,0,0,0,0.0,High Priority
99098002-4d1a-486a-94d5-1a93419fd738,2019-11-24 17:13:01+00:00,2019-11-24 17:13:01+00:00,1,['cart'],535632148,1,1,1,308.63,0.0,0,1,0,True,False,False,0,308.63,0.0,0,0,0,0,0.0,High Priority
610f7c87-22dc-441a-bbd0-024bae1f400e,2019-11-24 17:17:50+00:00,2019-11-24 17:17:50+00:00,1,['cart'],531968592,1,1,1,42.99,0.0,0,1,0,True,False,False,0,42.99,0.0,0,0,0,0,0.0,High Priority
c33098fe-b109-4056-a9c1-c236825ec602,2019-11-24 17:20:53+00:00,2019-11-24 17:20:53+00:00,1,['cart'],572547393,1,1,1,488.82,0.0,0,1,0,True,False,False,0,488.82,0.0,0,0,0,0,0.0,High Priority
494cf843-6ce8-4f20-8ff1-2f76654173a9,2019-11-24 17:21:15+00:00,2019-11-24 17:21:15+00:00,1,['cart'],538042284,1,1,1,1466.94,0.0,0,1,0,True,False,False,0,1466.94,0.0,0,0,0,0,0.0,High Priority
bbb5c8fc-c52a-4c38-8880-94e7edd24e19,2019-11-24 17:25:48+00:00,2019-11-24 17:25:48+00:00,1,['cart'],576074029,1,1,1,7.7,0.0,0,1,0,True,False,False,0,7.7,0.0,0,0,0,0,0.0,High Priority
84e18601-3833-4701-8df7-605e3ba7feab,2019-11-24 17:27:54+00:00,2019-11-24 17:27:54+00:00,1,['cart'],524373143,1,1,1,28.83,0.0,0,1,0,True,False,False,0,28.83,0.0,0,0,0,0,0.0,High Priority
887b1a1f-ccde-427d-8dc9-438f0deb8f4b,2019-11-24 17:28:25+00:00,2019-11-24 17:28:25+00:00,1,['cart'],543050316,1,1,1,198.31,0.0,0,1,0,True,False,False,0,198.31,0.0,0,0,0,0,0.0,High Priority
c3cfc595-585d-4b04-9af0-064bf73b33ad,2019-11-24 17:32:47+00:00,2019-11-24 17:32:47+00:00,1,['cart'],532358341,1,1,0,75.68,0.0,0,1,0,True,False,False,0,75.68,0.0,0,0,0,0,0.0,High Priority
ec4153d9-6ceb-4a3b-8d65-7dd13d52637c,2019-11-24 17:33:28+00:00,2019-11-24 17:33:28+00:00,1,['cart'],515954723,1,1,1,82.63,0.0,0,1,0,True,False,False,0,82.63,0.0,0,0,0,0,0.0,High Priority
18a04d6e-5303-4dee-8145-99044476e04d,2019-11-24 17:40:55+00:00,2019-11-24 17:40:55+00:00,1,['cart'],532538473,1,1,1,246.96,0.0,0,1,0,True,False,False,0,246.96,0.0,0,0,0,0,0.0,High Priority
45b52d61-70f9-49c2-b740-2f1cf6356d7f,2019-11-24 17:43:47+00:00,2019-11-24 17:43:47+00:00,1,['cart'],514518050,1,1,1,40.16,0.0,0,1,0,True,False,False,0,40.16,0.0,0,0,0,0,0.0,High Priority
4ec1d5c8-e5ce-489b-9000-bb2957884b8b,2019-11-24 17:45:34+00:00,2019-11-24 17:45:34+00:00,1,['cart'],572227572,1,1,1,25.69,0.0,0,1,0,True,False,False,0,25.69,0.0,0,0,0,0,0.0,High Priority
ea261c2a-ffe8-4688-ae64-655b27567da3,2019-11-24 17:48:26+00:00,2019-11-24 17:48:26+00:00,1,['cart'],571564125,1,1,1,108.01,0.0,0,1,0,True,False,False,0,108.01,0.0,0,0,0,0,0.0,High Priority
0c32a302-3102-4eb3-b565-04592e785383,2019-11-24 17:50:24+00:00,2019-11-24 17:50:24+00:00,1,['cart'],559006468,1,1,1,229.71,0.0,0,1,0,True,False,False,0,229.71,0.0,0,0,0,0,0.0,High Priority
fe45624c-0258-488d-8218-6b1ae853ee5b,2019-11-24 17:51:06+00:00,2019-11-24 17:51:06+00:00,1,['cart'],566552207,1,1,1,18.28,0.0,0,1,0,True,False,False,0,18.28,0.0,0,0,0,0,0.0,High Priority
5b74cfad-bcb9-4cc2-92a2-83e477354424,2019-11-24 17:52:35+00:00,2019-11-24 17:52:35+00:00,1,['cart'],556035196,1,1,1,291.51,0.0,0,1,0,True,False,False,0,291.51,0.0,0,0,0,0,0.01,High Priority
0bcc75eb-ce55-4d2b-a4dc-8695e3454914,2019-11-24 17:54:54+00:00,2019-11-24 17:54:54+00:00,1,['cart'],545079994,1,1,1,487.14,0.0,0,1,0,True,False,False,0,487.14,0.0,0,0,0,0,0.0,High Priority
7ae37465-bd67-4887-80da-35dce27216b5,2019-11-24 17:57:24+00:00,2019-11-24 17:57:24+00:00,1,['cart'],548040472,1,1,1,169.88,0.0,0,1,0,True,False,False,0,169.88,0.0,0,0,0,0,0.0,High Priority
c3f3e94b-ab52-492e-ab3a-6be104109b49,2019-11-24 18:11:51+00:00,2019-11-24 18:12:20+00:00,2,"['cart', 'purchase']",512842822,1,1,1,2831.32,0.4833333333333333,0,1,1,True,True,False,1,2831.32,0.0,0,0,0,0,0.78,Monitor Only
379ede42-343e-446d-824b-6f7c4142a7d8,2019-11-24 18:23:22+00:00,2019-11-24 18:23:22+00:00,1,['cart'],515662463,1,1,1,267.68,0.0,0,1,0,True,False,False,0,267.68,0.0,0,0,0,0,0.0,High Priority
ce4ddf81-7de6-4220-8996-6b7b398c3973,2019-11-24 18:25:17+00:00,2019-11-24 18:25:17+00:00,1,['cart'],527238536,1,1,1,488.82,0.0,0,1,0,True,False,False,0,488.82,0.0,0,0,0,0,0.0,High Priority
4c39c67c-db60-459a-87aa-f9cef0c40169,2019-11-24 18:30:16+00:00,2019-11-24 18:30:16+00:00,1,['cart'],559884710,1,1,1,916.37,0.0,0,1,0,True,False,False,0,916.37,0.0,0,0,0,0,0.0,High Priority
d39a7d13-8009-4faf-89d6-510f6a553571,2019-11-24 18:44:49+00:00,2019-11-24 18:44:49+00:00,1,['cart'],513117637,1,1,1,334.6,0.0,0,1,0,True,False,False,0,334.6,0.0,0,1,1,1,0.0,High Priority
92ba2627-e22e-47d3-8e5e-23f93001e268,2019-11-24 18:48:38+00:00,2019-11-24 18:48:38+00:00,1,['cart'],565497458,1,1,0,24.97,0.0,0,1,0,True,False,False,0,24.97,0.0,0,1,1,1,0.0,High Priority
44062cf2-b9a2-4ab8-8b71-5bfccc6908e8,2019-11-24 18:51:41+00:00,2019-11-24 18:51:41+00:00,1,['cart'],512565306,1,1,1,229.71,0.0,0,1,0,True,False,False,0,229.71,0.0,0,0,0,0,0.0,High Priority
482c5ae0-0e13-4898-9dbb-28ca321b33dd,2019-11-24 18:54:11+00:00,2019-11-24 18:54:11+00:00,1,['cart'],547468679,1,1,1,11.98,0.0,0,1,0,True,False,False,0,11.98,0.0,0,0,0,0,0.0,High Priority
622ebaf7-87e0-46bd-94b4-da15de14e8d1,2019-11-24 18:58:25+00:00,2019-11-24 18:58:25+00:00,1,['cart'],533076626,1,1,1,67.44,0.0,0,1,0,True,False,False,0,67.44,0.0,0,0,0,0,0.0,High Priority
1c75bafe-544c-491d-8748-99a5e2428851,2019-11-24 19:00:40+00:00,2019-11-24 19:00:40+00:00,1,['cart'],529790708,1,1,1,146.7,0.0,0,1,0,True,False,False,0,146.7,0.0,0,0,0,0,0.0,High Priority
4a6014b5-bd47-46fb-a6b4-60b04056b50f,2019-11-24 19:02:56+00:00,2019-11-24 19:02:56+00:00,1,['cart'],521203556,1,1,1,30.63,0.0,0,1,0,True,False,False,0,30.63,0.0,0,0,0,0,0.0,High Priority
108afa83-e20e-4401-b738-4a50d86693a1,2019-11-24 19:04:22+00:00,2019-11-24 19:04:22+00:00,1,['cart'],513747344,1,1,0,332.05,0.0,0,1,0,True,False,False,0,332.05,0.0,0,0,0,0,0.0,High Priority
4ddf4b33-2521-45ce-9a6d-9d7570dc2a0a,2019-11-24 19:05:55+00:00,2019-11-24 19:05:55+00:00,1,['cart'],521203556,1,1,1,30.63,0.0,0,1,0,True,False,False,0,30.63,0.0,0,1,1,1,0.0,High Priority
b10cef29-51a3-4272-ad30-becd2c1bc260,2019-11-24 19:07:44+00:00,2019-11-24 19:07:44+00:00,1,['cart'],524475567,1,1,1,487.14,0.0,0,1,0,True,False,False,0,487.14,0.0,0,0,0,0,0.0,High Priority
c6993b67-6952-4d63-9c90-2e76f909841c,2019-11-24 19:08:36+00:00,2019-11-24 19:08:36+00:00,1,['cart'],572323721,1,1,1,386.08,0.0,0,1,0,True,False,False,0,386.08,0.0,0,0,0,0,0.0,High Priority
03a95f9a-1031-42e9-847b-391a4494068c,2019-11-24 19:15:56+00:00,2019-11-24 19:15:56+00:00,1,['cart'],576125948,1,1,1,110.53,0.0,0,1,0,True,False,False,0,110.53,0.0,0,0,0,0,0.0,High Priority
0d4cbefd-78af-4c9b-ad89-7393857b941f,2019-11-24 19:16:18+00:00,2019-11-24 19:16:36+00:00,2,"['cart', 'cart']",576088261,1,1,1,131.8,0.3,0,2,0,True,False,False,0,131.8,0.0,0,0,0,0,0.06,High Priority
536cd5c9-cd2d-4947-952c-985fdf9f2415,2019-11-24 19:20:17+00:00,2019-11-24 19:20:17+00:00,1,['cart'],513389393,1,1,1,977.86,0.0,0,1,0,True,False,False,0,977.86,0.0,0,0,0,0,0.0,High Priority
2c856c77-9e0b-42f5-937f-c24d4ada792c,2019-11-24 19:24:39+00:00,2019-11-24 19:24:39+00:00,1,['cart'],550644578,1,1,1,315.56,0.0,0,1,0,True,False,False,0,315.56,0.0,0,0,0,0,0.0,High Priority
6dd36966-f6d9-4b3c-b5a5-9cea191c4689,2019-11-24 19:25:10+00:00,2019-11-24 19:25:10+00:00,1,['cart'],552059722,1,1,0,39.61,0.0,0,1,0,True,False,False,0,39.61,0.0,0,0,0,0,0.0,High Priority
70832069-7ef6-4d92-9659-efea49440f95,2019-11-24 19:30:44+00:00,2019-11-24 19:30:44+00:00,1,['cart'],551585907,1,1,1,1003.6,0.0,0,1,0,True,False,False,0,1003.6,0.0,0,0,0,0,0.0,High Priority
5351ad13-c860-430a-b3a6-3c6c39ad4efb,2019-11-24 19:35:18+00:00,2019-11-24 19:35:18+00:00,1,['cart'],576129456,1,1,1,53.54,0.0,0,1,0,True,False,False,0,53.54,0.0,0,0,0,0,0.0,High Priority
4ab75f7a-49e2-4f48-a7f4-454d78957ea8,2019-11-24 19:59:37+00:00,2019-11-24 19:59:37+00:00,1,['cart'],519166409,1,1,1,315.56,0.0,0,1,0,True,False,False,0,315.56,0.0,0,0,0,0,0.0,High Priority
29607988-5968-4fde-84cf-cf6907ea4641,2019-11-24 20:08:30+00:00,2019-11-24 20:08:30+00:00,1,['cart'],540133079,1,1,0,77.22,0.0,0,1,0,True,False,False,0,77.22,0.0,0,0,0,0,0.0,High Priority
da0689c8-f930-4c5d-8c9e-164cceb18138,2019-11-24 20:10:13+00:00,2019-11-24 20:10:13+00:00,1,['cart'],540068586,1,1,0,8.66,0.0,0,1,0,True,False,False,0,8.66,0.0,0,0,0,0,0.0,High Priority
492333a4-90a9-4b5a-b2a2-df7a37dc3232,2019-11-24 20:47:53+00:00,2019-11-24 20:47:53+00:00,1,['cart'],519126709,1,1,1,916.37,0.0,0,1,0,True,False,False,0,916.37,0.0,0,0,0,0,0.0,High Priority
36324b55-32e1-4bcc-ad9d-a4f992055d91,2019-11-24 21:15:36+00:00,2019-11-24 21:15:36+00:00,1,['cart'],571728864,1,1,1,126.17,0.0,0,1,0,True,False,False,0,126.17,0.0,0,2,2,2,0.0,High Priority
e105d4dc-7a39-4e3c-b445-5af8a1cafaa6,2019-11-24 21:23:20+00:00,2019-11-24 21:23:20+00:00,1,['cart'],512454644,1,1,1,282.89,0.0,0,1,0,True,False,False,0,282.89,0.0,0,1,1,1,0.0,High Priority
0018dc0b-ca11-4b6a-84b2-439772eaabab,2019-11-24 21:24:35+00:00,2019-11-24 21:24:35+00:00,1,['cart'],576073896,1,1,1,80.04,0.0,0,1,0,True,False,False,0,80.04,0.0,0,0,0,0,0.0,High Priority
62e6aad2-b257-4437-bcf5-8fa3982da826,2019-11-24 21:25:06+00:00,2019-11-24 21:25:06+00:00,1,['cart'],576173318,1,1,1,1362.69,0.0,0,1,0,True,False,False,0,1362.69,0.0,0,0,0,0,0.0,High Priority
733f5557-77ce-431a-88a4-7c61d4f258f5,2019-11-24 21:25:42+00:00,2019-11-24 21:25:42+00:00,1,['cart'],557963090,1,1,1,487.14,0.0,0,1,0,True,False,False,0,487.14,0.0,0,0,0,0,0.0,High Priority
a01f3cea-3319-4617-9ac8-16b3834aeae2,2019-11-24 21:41:52+00:00,2019-11-24 21:41:52+00:00,1,['cart'],557963090,1,1,1,514.27,0.0,0,1,0,True,False,False,0,514.27,0.0,0,1,1,1,0.0,High Priority
b7dc88f2-415c-4c76-9c9b-71a9e8867368,2019-11-24 21:55:38+00:00,2019-11-24 21:55:38+00:00,1,['cart'],550899213,1,1,1,208.5,0.0,0,1,0,True,False,False,0,208.5,0.0,0,0,0,0,0.0,High Priority
2faa9e5b-bae2-4ccc-b2e1-f84ba6f2ef1f,2019-11-24 22:03:19+00:00,2019-11-24 22:03:19+00:00,1,['cart'],513613713,1,1,0,40.13,0.0,0,1,0,True,False,False,0,40.13,0.0,0,0,0,0,0.0,High Priority
61287ae7-c3bb-4a5e-b9d7-bc9dde26a59b,2019-11-24 23:04:43+00:00,2019-11-24 23:04:43+00:00,1,['cart'],549599823,1,1,1,246.96,0.0,0,1,0,True,False,False,0,246.96,0.0,0,0,0,0,0.0,High Priority
c520d81a-10df-49b6-865f-0613dfbd7296,2019-11-24 23:15:38+00:00,2019-11-24 23:16:24+00:00,2,"['cart', 'view']",551757049,1,1,1,875.14,0.7666666666666667,1,1,0,True,False,True,0,875.14,1.0,0,0,0,0,0.0,High Priority
fa424a52-c035-4ee1-9eea-43e8c97f76dd,2019-11-24 23:19:19+00:00,2019-11-24 23:19:19+00:00,1,['cart'],530223708,1,1,1,487.14,0.0,0,1,0,True,False,False,0,487.14,0.0,0,0,0,0,0.0,High Priority
3c15f158-31e3-450e-aa54-1d971d7354b6,2019-11-24 23:25:31+00:00,2019-11-24 23:25:31+00:00,1,['cart'],522899859,1,1,1,334.6,0.0,0,1,0,True,False,False,0,334.6,0.0,0,0,0,0,0.0,High Priority
c4d72268-ce64-43c4-94ac-0e6f05b20040,2019-11-25 00:47:33+00:00,2019-11-25 00:47:33+00:00,1,['cart'],513170847,1,1,1,334.6,0.0,0,1,0,True,False,False,0,334.6,0.0,0,0,0,0,0.0,High Priority
e01ad83e-b4eb-402f-a614-f36861e368c6,2019-11-25 00:47:46+00:00,2019-11-25 00:47:46+00:00,1,['cart'],572573856,1,1,1,134.37,0.0,0,1,0,True,False,False,0,134.37,0.0,0,0,0,0,0.0,High Priority
dbaa0710-17a2-42db-9392-f31b0e6bb759,2019-11-25 01:29:11+00:00,2019-11-25 01:29:11+00:00,1,['cart'],575930828,1,1,1,35.75,0.0,0,1,0,True,False,False,0,35.75,0.0,0,0,0,0,0.0,High Priority
06bea04b-e842-4cef-a1d7-c28b6226dcc5,2019-11-25 01:36:15+00:00,2019-11-25 01:36:15+00:00,1,['cart'],576227943,1,1,1,64.58,0.0,0,1,0,True,False,False,0,64.58,0.0,0,0,0,0,0.0,High Priority
fbb5d46f-e524-4a8f-b060-897df0f38cc2,2019-11-25 01:36:33+00:00,2019-11-25 01:36:33+00:00,1,['cart'],559388561,1,1,1,423.18,0.0,0,1,0,True,False,False,0,423.18,0.0,0,0,0,0,0.0,High Priority
cc920029-6284-4ff7-8fc8-e3563e4a25cd,2019-11-25 01:42:19+00:00,2019-11-25 01:42:19+00:00,1,['cart'],567391421,1,1,1,217.36,0.0,0,1,0,True,False,False,0,217.36,0.0,0,0,0,0,0.0,High Priority
1b4bcf81-17d0-4d0b-9ac2-e3864a11a3e5,2019-11-25 01:57:26+00:00,2019-11-25 01:57:26+00:00,1,['cart'],540047626,1,1,1,45.05,0.0,0,1,0,True,False,False,0,45.05,0.0,0,0,0,0,0.0,High Priority
117a5275-7194-443c-bcf7-866d539b2420,2019-11-25 01:57:35+00:00,2019-11-25 01:57:35+00:00,1,['cart'],575055277,1,1,1,154.41,0.0,0,1,0,True,False,False,0,154.41,0.0,0,0,0,0,0.0,High Priority
9f3b91b5-4275-4942-a314-8dd141cc7ec4,2019-11-25 02:01:00+00:00,2019-11-25 02:01:00+00:00,1,['cart'],576231787,1,1,1,32.18,0.0,0,1,0,True,False,False,0,32.18,0.0,0,0,0,0,0.0,High Priority
92befe9f-de87-4eeb-9584-cf08dad77609,2019-11-25 02:08:33+00:00,2019-11-25 02:08:33+00:00,1,['cart'],571891847,1,1,1,154.41,0.0,0,1,0,True,False,False,0,154.41,0.0,0,0,0,0,0.0,High Priority
2fb630ce-1d93-47f1-bc27-048a0da8ab4e,2019-11-25 02:31:07+00:00,2019-11-25 02:31:07+00:00,1,['cart'],538331905,1,1,1,84.92,0.0,0,1,0,True,False,False,0,84.92,0.0,0,0,0,0,0.0,High Priority
cd4c899a-ccfe-421e-9849-87422e16c539,2019-11-25 02:39:39+00:00,2019-11-25 02:39:39+00:00,1,['cart'],560862864,1,1,1,334.6,0.0,0,1,0,True,False,False,0,334.6,0.0,0,0,0,0,0.0,High Priority
e752e5d3-1aae-40fe-8291-893d45a13b58,2019-11-25 02:42:00+00:00,2019-11-25 02:42:00+00:00,1,['cart'],575882779,1,1,1,126.17,0.0,0,1,0,True,False,False,0,126.17,0.0,0,0,0,0,0.0,High Priority
90a63b28-58f2-40e4-88dc-b473f07a5f4c,2019-11-25 02:44:15+00:00,2019-11-25 02:44:15+00:00,1,['cart'],544120811,1,1,0,48.39,0.0,0,1,0,True,False,False,0,48.39,0.0,0,0,0,0,0.0,High Priority
bc881dae-6aa8-4eec-8ddc-63275dde3b9a,2019-11-25 02:50:42+00:00,2019-11-25 02:50:42+00:00,1,['cart'],564557752,1,1,1,36.81,0.0,0,1,0,True,False,False,0,36.81,0.0,0,0,0,0,0.0,High Priority
8e5ab83d-cba9-4d61-9e4c-57acd9b4b946,2019-11-25 03:04:43+00:00,2019-11-25 03:04:43+00:00,1,['cart'],562260298,1,1,1,41.16,0.0,0,1,0,True,False,False,0,41.16,0.0,0,1,1,1,0.0,High Priority
94c6f4bd-dca2-4f07-ab4c-fcc1e2d1f66b,2019-11-25 03:08:08+00:00,2019-11-25 03:08:08+00:00,1,['cart'],546789666,1,1,1,255.01,0.0,0,1,0,True,False,False,0,255.01,0.0,0,0,0,0,0.0,High Priority
51608e46-dbaa-4356-b99e-6604db0a70b1,2019-11-25 03:09:51+00:00,2019-11-25 03:09:51+00:00,1,['cart'],512478858,1,1,0,96.77,0.0,0,1,0,True,False,False,0,96.77,0.0,0,0,0,0,0.0,High Priority
96762237-83ee-4ea1-be4a-9ba48541c37e,2019-11-25 03:11:43+00:00,2019-11-25 03:11:43+00:00,1,['cart'],576248647,1,1,1,169.88,0.0,0,1,0,True,False,False,0,169.88,0.0,0,0,0,0,0.0,High Priority
da9e5fd1-8b6a-440b-8a93-34432ae8793f,2019-11-25 03:25:52+00:00,2019-11-25 03:25:52+00:00,1,['cart'],529681883,1,1,1,1362.69,0.0,0,1,0,True,False,False,0,1362.69,0.0,0,0,0,0,0.0,High Priority
3b5a5638-ca7b-4775-94f6-2f1b3e2ac094,2019-11-25 03:26:03+00:00,2019-11-25 03:32:04+00:00,2,"['cart', 'view']",512680355,2,1,2,74.37,6.016666666666667,1,1,0,True,False,True,0,37.185,1.0,0,0,0,0,0.0,High Priority
5d7c5470-0947-475a-877b-1d8cebb93e26,2019-11-25 03:27:16+00:00,2019-11-25 03:27:16+00:00,1,['cart'],520997323,1,1,1,553.4,0.0,0,1,0,True,False,False,0,553.4,0.0,0,0,0,0,0.0,High Priority
4bff5fef-be25-4295-b54f-3c94b3289c36,2019-11-25 03:27:46+00:00,2019-11-25 03:27:46+00:00,1,['cart'],576242819,1,1,0,380.94,0.0,0,1,0,True,False,False,0,380.94,0.0,0,0,0,0,0.0,High Priority
916ba127-60c5-4550-a587-a047f7e92c9c,2019-11-25 03:34:17+00:00,2019-11-25 03:34:17+00:00,1,['cart'],567810566,1,1,1,149.91,0.0,0,1,0,True,False,False,0,149.91,0.0,0,0,0,0,0.0,High Priority
96262fc4-0c96-46ae-ad27-569bda46925b,2019-11-25 03:47:24+00:00,2019-11-25 03:47:24+00:00,1,['cart'],521689654,1,1,1,437.57,0.0,0,1,0,True,False,False,0,437.57,0.0,0,0,0,0,0.0,High Priority
3978dbdd-6348-4a3c-b26a-e45ae340fab0,2019-11-25 03:54:56+00:00,2019-11-25 03:54:56+00:00,1,['cart'],576259541,1,1,1,360.11,0.0,0,1,0,True,False,False,0,360.11,0.0,0,0,0,0,0.0,High Priority
05bc1b62-2ecc-45fc-85bb-4abee7163ab4,2019-11-25 03:57:28+00:00,2019-11-25 03:57:28+00:00,1,['cart'],575334486,1,1,1,231.67,0.0,0,1,0,True,False,False,0,231.67,0.0,0,0,0,0,0.0,High Priority
5381407d-eb18-4330-a327-1bc51a63118a,2019-11-25 04:00:53+00:00,2019-11-25 04:00:53+00:00,1,['cart'],576055547,1,1,1,228.81,0.0,0,1,0,True,False,False,0,228.81,0.0,0,0,0,0,0.0,High Priority
9e22c2b5-bf1a-4565-96da-319178d521da,2019-11-25 04:01:21+00:00,2019-11-25 04:01:21+00:00,1,['cart'],576257534,1,1,1,23.68,0.0,0,1,0,True,False,False,0,23.68,0.0,0,0,0,0,0.0,High Priority
8a2441aa-61a8-47f7-a3bd-2040261785a8,2019-11-25 04:02:32+00:00,2019-11-25 04:03:20+00:00,2,"['cart', 'view']",559189195,1,1,1,157.02,0.8,1,1,0,True,False,True,0,157.02,1.0,0,0,0,0,0.0,High Priority
f98ccdb2-f19f-4c30-9d32-b412887e66cb,2019-11-25 04:05:28+00:00,2019-11-25 04:05:28+00:00,1,['cart'],513698131,1,1,1,200.57,0.0,0,1,0,True,False,False,0,200.57,0.0,0,0,0,0,0.0,High Priority
5d3426cd-b609-4594-bc14-749ff11e8031,2019-11-25 04:08:25+00:00,2019-11-25 04:08:25+00:00,1,['cart'],575897508,1,1,1,237.46,0.0,0,1,0,True,False,False,0,237.46,0.0,0,0,0,0,0.0,High Priority
1df7bb77-9a51-4c49-843d-114cbb56bb8f,2019-11-25 04:09:25+00:00,2019-11-25 04:09:25+00:00,1,['cart'],573679267,1,1,1,308.63,0.0,0,1,0,True,False,False,0,308.63,0.0,0,1,1,1,0.0,High Priority
adc19fe0-830b-408f-ac9b-8560a1f9d84e,2019-11-25 04:11:12+00:00,2019-11-25 04:11:12+00:00,1,['cart'],536323202,1,1,1,141.55,0.0,0,1,0,True,False,False,0,141.55,0.0,0,0,0,0,0.0,High Priority
529323d0-bc21-421c-afac-406350093ef5,2019-11-25 04:11:19+00:00,2019-11-25 04:11:19+00:00,1,['cart'],576260313,1,1,1,126.17,0.0,0,1,0,True,False,False,0,126.17,0.0,0,0,0,0,0.0,High Priority
6d274c65-9ea9-458b-b507-4e50523b8824,2019-11-25 04:13:34+00:00,2019-11-25 04:13:34+00:00,1,['cart'],573512010,1,1,1,743.39,0.0,0,1,0,True,False,False,0,743.39,0.0,0,0,0,0,0.0,High Priority
ab1960b2-8e26-4db1-b4b8-6a2443bf6802,2019-11-25 04:16:05+00:00,2019-11-25 04:16:05+00:00,1,['cart'],562481704,1,1,1,234.21,0.0,0,1,0,True,False,False,0,234.21,0.0,0,0,0,0,0.0,High Priority
b9e9b17c-eec8-4259-ac9f-2938f222a0bc,2019-11-25 04:22:21+00:00,2019-11-25 04:22:21+00:00,1,['cart'],523617875,1,1,1,234.21,0.0,0,1,0,True,False,False,0,234.21,0.0,0,0,0,0,0.0,High Priority
54eaa7c0-0938-49e4-b5f6-8b18ebdbab83,2019-11-25 04:24:18+00:00,2019-11-25 04:24:18+00:00,1,['cart'],512969164,1,1,1,23.14,0.0,0,1,0,True,False,False,0,23.14,0.0,0,0,0,0,0.0,High Priority
97f16b88-bd5f-46c2-83b6-5355e1368f47,2019-11-25 04:25:03+00:00,2019-11-25 04:25:03+00:00,1,['cart'],512749802,1,1,1,126.17,0.0,0,1,0,True,False,False,0,126.17,0.0,0,1,1,1,0.0,High Priority
9df79745-5839-4b73-9f5c-861e8d1a4b69,2019-11-25 04:25:24+00:00,2019-11-25 04:25:24+00:00,1,['cart'],514044561,1,1,1,385.83,0.0,0,1,0,True,False,False,0,385.83,0.0,0,0,0,0,0.0,High Priority
e18fb061-9b26-4891-b352-bc14459de49d,2019-11-25 04:27:06+00:00,2019-11-25 04:27:06+00:00,1,['cart'],515487100,1,1,0,32.18,0.0,0,1,0,True,False,False,0,32.18,0.0,0,0,0,0,0.0,High Priority
9c11b5fb-e03d-43bb-baf1-359f528111ee,2019-11-25 04:29:15+00:00,2019-11-25 04:29:15+00:00,1,['cart'],517449560,1,1,1,153.15,0.0,0,1,0,True,False,False,0,153.15,0.0,0,0,0,0,0.0,High Priority
671538ad-d50f-47f5-9ab8-77415beac3c1,2019-11-25 04:29:45+00:00,2019-11-25 04:29:45+00:00,1,['cart'],512717252,1,1,1,90.09,0.0,0,1,0,True,False,False,0,90.09,0.0,0,0,0,0,0.0,High Priority
ab4587b9-e7e2-42d4-b86a-1cf24336c36c,2019-11-25 04:30:34+00:00,2019-11-25 04:30:34+00:00,1,['cart'],560816379,1,1,1,36.78,0.0,0,1,0,True,False,False,0,36.78,0.0,0,0,0,0,0.0,High Priority
acfe43cf-f887-4626-8a57-5f43600fcd57,2019-11-25 04:32:16+00:00,2019-11-25 04:32:16+00:00,1,['cart'],576268687,1,1,1,87.2,0.0,0,1,0,True,False,False,0,87.2,0.0,0,0,0,0,0.0,High Priority
11d5daff-2125-4cd0-b20e-d1f4ecc3cf6c,2019-11-25 04:32:51+00:00,2019-11-25 04:32:51+00:00,1,['cart'],572650719,1,1,1,7.95,0.0,0,1,0,True,False,False,0,7.95,0.0,0,0,0,0,0.0,High Priority
a3cb843d-55ec-45ce-9b73-1b15db8de7c2,2019-11-25 04:32:52+00:00,2019-11-25 04:32:52+00:00,1,['cart'],530963104,1,1,1,105.01,0.0,0,1,0,True,False,False,0,105.01,0.0,0,0,0,0,0.0,High Priority
f52c75ac-1da9-4ee9-9625-2d8be4d2d9e4,2019-11-25 04:35:22+00:00,2019-11-25 04:35:22+00:00,1,['cart'],569405042,1,1,1,102.47,0.0,0,1,0,True,False,False,0,102.47,0.0,0,0,0,0,0.0,High Priority
00b1c2cb-2fe4-4d20-87cb-e0dadd99b52b,2019-11-25 04:35:39+00:00,2019-11-25 04:35:39+00:00,1,['cart'],572129107,1,1,1,532.83,0.0,0,1,0,True,False,False,0,532.83,0.0,0,0,0,0,0.0,High Priority
554919b8-7483-45d8-898e-1b46c1ee533d,2019-11-25 04:35:51+00:00,2019-11-25 04:35:51+00:00,1,['cart'],571868431,1,1,1,6.18,0.0,0,1,0,True,False,False,0,6.18,0.0,0,0,0,0,0.0,High Priority
c7df35f8-29bb-4bc2-a429-25c87ebbf7f7,2019-11-25 04:37:58+00:00,2019-11-25 04:37:58+00:00,1,['cart'],573718150,1,1,1,223.92,0.0,0,1,0,True,False,False,0,223.92,0.0,0,0,0,0,0.0,High Priority
b52a8115-0e11-41c7-a5af-1db2c2566508,2019-11-25 04:40:14+00:00,2019-11-25 04:40:14+00:00,1,['cart'],519252700,1,1,1,1362.69,0.0,0,1,0,True,False,False,0,1362.69,0.0,0,0,0,0,0.0,High Priority
7e660e2c-a90e-4383-a3c1-9210a159cafc,2019-11-25 04:44:20+00:00,2019-11-25 04:44:20+00:00,1,['cart'],552191281,1,1,1,126.17,0.0,0,1,0,True,False,False,0,126.17,0.0,0,0,0,0,0.0,High Priority
1193954b-b286-4a8f-ac98-af36f1935a35,2019-11-25 04:47:43+00:00,2019-11-25 04:47:43+00:00,1,['cart'],522528646,1,1,1,48.88,0.0,0,1,0,True,False,False,0,48.88,0.0,0,0,0,0,0.0,High Priority
cb3d3464-7382-41ff-b3a6-576dbe09be04,2019-11-25 04:49:01+00:00,2019-11-25 04:49:01+00:00,1,['cart'],516035725,1,1,1,198.3,0.0,0,1,0,True,False,False,0,198.3,0.0,0,0,0,0,0.0,High Priority
ca0d2d21-ceba-492b-bc7a-f482e92c21fd,2019-11-25 04:49:27+00:00,2019-11-25 04:49:27+00:00,1,['cart'],543518438,1,1,1,45.11,0.0,0,1,0,True,False,False,0,45.11,0.0,0,0,0,0,0.0,High Priority
cb81a458-8213-4ef2-8071-1162f1ac0b58,2019-11-25 04:59:06+00:00,2019-11-25 04:59:06+00:00,1,['cart'],512845900,1,1,1,80.04,0.0,0,1,0,True,False,False,0,80.04,0.0,0,0,0,0,0.0,High Priority
a6e3abf0-31b4-4512-96f3-e62e0bfd148a,2019-11-25 04:59:54+00:00,2019-11-25 04:59:54+00:00,1,['cart'],566293627,1,1,1,82.37,0.0,0,1,0,True,False,False,0,82.37,0.0,0,0,0,0,0.0,High Priority
a1e1f0de-4388-481e-8996-bdef64252b75,2019-11-25 05:00:29+00:00,2019-11-25 05:00:29+00:00,1,['cart'],566137465,1,1,1,109.01,0.0,0,1,0,True,False,False,0,109.01,0.0,0,0,0,0,0.0,High Priority
54bddb83-1b1c-4900-bc76-495d07489ab4,2019-11-25 05:01:09+00:00,2019-11-25 05:01:09+00:00,1,['cart'],576275592,1,1,1,56.18,0.0,0,1,0,True,False,False,0,56.18,0.0,0,0,0,0,0.0,High Priority
2f9e437b-106e-4c2b-9811-21d0925edaa1,2019-11-25 05:08:51+00:00,2019-11-25 05:08:51+00:00,1,['cart'],516612892,1,1,1,41.13,0.0,0,1,0,True,False,False,0,41.13,0.0,0,0,0,0,0.0,High Priority
ff8bef55-12bb-4c62-99b8-a2c3ce9413b2,2019-11-25 05:10:02+00:00,2019-11-25 05:10:03+00:00,2,"['cart', 'cart']",576256224,1,1,1,82.38,0.0166666666666666,0,2,0,True,False,False,0,82.38,0.0,0,0,0,0,0.0,High Priority
8bf19580-11d2-4c96-b241-f2e8c1815f30,2019-11-25 05:15:20+00:00,2019-11-25 05:15:20+00:00,1,['cart'],543368633,1,1,1,8.37,0.0,0,1,0,True,False,False,0,8.37,0.0,0,0,0,0,0.0,High Priority
8d8bda3c-2b78-4e42-9dc0-8690925e032d,2019-11-25 05:20:32+00:00,2019-11-25 05:20:32+00:00,1,['cart'],550305626,1,1,1,136.4,0.0,0,1,0,True,False,False,0,136.4,0.0,0,0,0,0,0.0,High Priority
120d5af6-35cd-41e2-9bdc-dcfc0edf7c6c,2019-11-25 05:25:04+00:00,2019-11-25 05:25:04+00:00,1,['cart'],563682337,1,1,1,254.81,0.0,0,1,0,True,False,False,0,254.81,0.0,0,0,0,0,0.0,High Priority
6c4c2f07-567e-4707-a422-3adfb556bfd0,2019-11-25 05:27:18+00:00,2019-11-25 05:27:18+00:00,1,['cart'],532979877,1,1,1,21.92,0.0,0,1,0,True,False,False,0,21.92,0.0,0,0,0,0,0.0,High Priority
751db801-bfeb-45a1-a761-607fea040d3f,2019-11-25 05:29:13+00:00,2019-11-25 05:29:13+00:00,1,['cart'],524670355,1,1,1,403.32,0.0,0,1,0,True,False,False,0,403.32,0.0,0,0,0,0,0.0,High Priority
3bcc873d-cb06-4364-9055-ba630a9b5aed,2019-11-25 05:31:53+00:00,2019-11-25 05:31:53+00:00,1,['cart'],560762877,1,1,1,74.88,0.0,0,1,0,True,False,False,0,74.88,0.0,0,0,0,0,0.0,High Priority
78860a4d-69aa-4717-808a-8902e4e789e8,2019-11-25 05:36:45+00:00,2019-11-25 05:36:58+00:00,2,"['cart', 'purchase']",528080002,1,1,1,1591.78,0.2166666666666666,0,1,1,True,True,False,1,1591.78,0.0,0,0,0,0,0.41,Standard
82c9531f-04bb-4671-8bae-7c9a94bca2aa,2019-11-25 05:38:58+00:00,2019-11-25 05:38:58+00:00,1,['cart'],527565010,1,1,1,229.71,0.0,0,1,0,True,False,False,0,229.71,0.0,0,0,0,0,0.0,High Priority
18839291-211a-4777-9747-7d76554ce513,2019-11-25 05:43:50+00:00,2019-11-25 05:43:50+00:00,1,['cart'],513495782,1,1,1,164.42,0.0,0,1,0,True,False,False,0,164.42,0.0,0,0,0,0,0.0,High Priority
ecefe334-b5d8-40ea-b6e7-ca54a6083e32,2019-11-25 05:46:08+00:00,2019-11-25 05:46:08+00:00,1,['cart'],517865935,1,1,1,21.83,0.0,0,1,0,True,False,False,0,21.83,0.0,0,0,0,0,0.0,High Priority
c4ee2ad9-7b06-4629-adc0-ae67b0e6998b,2019-11-25 05:48:56+00:00,2019-11-25 05:48:56+00:00,1,['cart'],576292284,1,1,1,17.99,0.0,0,1,0,True,False,False,0,17.99,0.0,0,0,0,0,0.0,High Priority
6ffdab4b-1609-4ec3-8df3-418bba43bd65,2019-11-25 05:55:49+00:00,2019-11-25 06:00:25+00:00,2,"['cart', 'view']",571811468,1,1,1,51.42,4.6,1,1,0,True,False,True,0,51.42,1.0,0,0,0,0,0.02,High Priority
855066b9-b1bc-4d1b-9e4b-9bd507bb0a4c,2019-11-25 05:57:53+00:00,2019-11-25 05:57:53+00:00,1,['cart'],520051803,1,1,1,82.63,0.0,0,1,0,True,False,False,0,82.63,0.0,0,0,0,0,0.0,High Priority
f127a676-bb0f-42f9-845c-a57410ded2a9,2019-11-25 05:58:41+00:00,2019-11-25 06:09:20+00:00,3,"['cart', 'view', 'view']",576238614,3,1,1,515.73,10.65,2,1,0,True,False,True,0,171.91,2.0,0,0,0,0,0.0,High Priority
06e846bd-e239-4ee2-a638-35b6fe9a0065,2019-11-25 06:00:44+00:00,2019-11-25 06:00:44+00:00,1,['cart'],513637414,1,1,1,348.81,0.0,0,1,0,True,False,False,0,348.81,0.0,0,0,0,0,0.0,High Priority
81a0e9f9-5a8b-4b9c-afd3-6ec6eff6f361,2019-11-25 06:02:18+00:00,2019-11-25 06:02:18+00:00,1,['cart'],546954693,1,1,1,48.91,0.0,0,1,0,True,False,False,0,48.91,0.0,0,0,0,0,0.0,High Priority
a78f4ddf-13d8-4daf-a559-f56ff3e09199,2019-11-25 06:05:09+00:00,2019-11-25 06:05:09+00:00,1,['cart'],529322716,1,1,1,175.01,0.0,0,1,0,True,False,False,0,175.01,0.0,0,0,0,0,0.0,High Priority
6f383af3-5747-4b59-9b27-03eb20b93c15,2019-11-25 06:05:19+00:00,2019-11-25 06:05:19+00:00,1,['cart'],540489974,1,1,1,130.25,0.0,0,1,0,True,False,False,0,130.25,0.0,0,0,0,0,0.0,High Priority
5b01ee7e-bb2f-4d18-9f70-61bcf0d4047e,2019-11-25 06:08:46+00:00,2019-11-25 06:08:46+00:00,1,['cart'],574226464,1,1,1,308.86,0.0,0,1,0,True,False,False,0,308.86,0.0,0,0,0,0,0.0,High Priority
3bf55ce6-6a1e-4a83-8817-8dc5468d0361,2019-11-25 06:09:25+00:00,2019-11-25 06:09:25+00:00,1,['cart'],560019125,1,1,1,154.42,0.0,0,1,0,True,False,False,0,154.42,0.0,0,0,0,0,0.0,High Priority
12b13f57-874c-4d46-a2fc-197f58fbe7b7,2019-11-25 06:15:10+00:00,2019-11-25 06:15:10+00:00,1,['cart'],518628120,1,1,1,115.83,0.0,0,1,0,True,False,False,0,115.83,0.0,0,0,0,0,0.0,High Priority
7835a370-6ed2-468a-9945-090c0be1147a,2019-11-25 06:15:56+00:00,2019-11-25 06:15:56+00:00,1,['cart'],570471016,1,1,1,31.89,0.0,0,1,0,True,False,False,0,31.89,0.0,0,0,0,0,0.0,High Priority
a24a6081-5a7b-4cea-93ae-0b621db3a57a,2019-11-25 06:16:54+00:00,2019-11-25 06:16:54+00:00,1,['cart'],551773710,1,1,0,32.69,0.0,0,1,0,True,False,False,0,32.69,0.0,0,0,0,0,0.0,High Priority
104469c2-4921-4285-a23d-c5a17f437077,2019-11-25 06:20:05+00:00,2019-11-25 06:20:05+00:00,1,['cart'],576304874,1,1,1,951.78,0.0,0,1,0,True,False,False,0,951.78,0.0,0,0,0,0,0.0,High Priority
e689ec0d-a133-4101-8a52-7d272d7b7fd8,2019-11-25 06:20:31+00:00,2019-11-25 06:20:31+00:00,1,['cart'],573903556,1,1,1,1930.29,0.0,0,1,0,True,False,False,0,1930.29,0.0,0,0,0,0,0.0,High Priority
676f99d7-b311-459d-91df-4d627eb58eb5,2019-11-25 06:20:45+00:00,2019-11-25 06:20:45+00:00,1,['cart'],513156168,1,1,1,8.75,0.0,0,1,0,True,False,False,0,8.75,0.0,0,0,0,0,0.0,High Priority
61c7a125-ac49-4a29-8394-39ff1ab2199c,2019-11-25 06:21:36+00:00,2019-11-25 06:22:39+00:00,2,"['cart', 'view']",576303861,2,2,1,136.05,1.05,1,1,0,True,False,True,0,68.025,1.0,0,0,0,0,0.0,High Priority
eb01f36f-faf1-415c-b467-c2aa62cbef7a,2019-11-25 06:21:52+00:00,2019-11-25 06:21:52+00:00,1,['cart'],547123969,1,1,1,1362.69,0.0,0,1,0,True,False,False,0,1362.69,0.0,0,0,0,0,0.0,High Priority
dd2ea97b-3ec9-401a-b65a-d675b2581122,2019-11-25 06:22:00+00:00,2019-11-25 06:22:00+00:00,1,['cart'],569966728,1,1,1,348.81,0.0,0,1,0,True,False,False,0,348.81,0.0,0,0,0,0,0.0,High Priority
748ee535-ea5a-435d-a63e-317a8dcd63a5,2019-11-25 06:23:01+00:00,2019-11-25 06:23:01+00:00,1,['cart'],572154876,1,1,1,274.4,0.0,0,1,0,True,False,False,0,274.4,0.0,0,1,1,1,0.0,High Priority
af37c6cd-f867-4079-aec8-aa67e57324e3,2019-11-25 06:23:40+00:00,2019-11-25 06:23:40+00:00,1,['cart'],525687957,1,1,1,74.78,0.0,0,1,0,True,False,False,0,74.78,0.0,0,0,0,0,0.0,High Priority
1b34f718-7e42-4395-8e4b-ab27f0389831,2019-11-25 06:25:27+00:00,2019-11-25 06:25:27+00:00,1,['cart'],513157784,1,1,1,66.05,0.0,0,1,0,True,False,False,0,66.05,0.0,0,0,0,0,0.0,High Priority
4a6d0c2b-9798-44f8-be3a-6416c910dbb2,2019-11-25 06:26:08+00:00,2019-11-25 06:26:08+00:00,1,['cart'],576304405,1,1,1,54.03,0.0,0,1,0,True,False,False,0,54.03,0.0,0,0,0,0,0.0,High Priority
b00bea3b-39a2-4b0b-b329-ac26223b3fbd,2019-11-25 06:28:07+00:00,2019-11-25 06:28:07+00:00,1,['cart'],518198291,1,1,1,53.15,0.0,0,1,0,True,False,False,0,53.15,0.0,0,0,0,0,0.0,High Priority
c7932da0-749c-4881-b717-208ce2089d2d,2019-11-25 06:28:44+00:00,2019-11-25 06:28:44+00:00,1,['cart'],544244399,1,1,1,411.83,0.0,0,1,0,True,False,False,0,411.83,0.0,0,0,0,0,0.0,High Priority
391981e9-8b4c-4303-8f52-99668363f1f4,2019-11-25 06:28:44+00:00,2019-11-25 06:28:44+00:00,1,['cart'],554801951,1,1,1,23.16,0.0,0,1,0,True,False,False,0,23.16,0.0,0,0,0,0,0.0,High Priority
02fccc70-225c-4a74-8a45-bb4c5a66cbc7,2019-11-25 06:28:51+00:00,2019-11-25 06:28:51+00:00,1,['cart'],560015746,1,1,0,128.45,0.0,0,1,0,True,False,False,0,128.45,0.0,0,0,0,0,0.0,High Priority
4ad50591-e122-4fe2-a5a8-cd6bdbbd2757,2019-11-25 06:30:13+00:00,2019-11-25 06:30:13+00:00,1,['cart'],515177633,1,1,1,916.37,0.0,0,1,0,True,False,False,0,916.37,0.0,0,0,0,0,0.0,High Priority
ff1238ea-c40e-496f-bef1-5a67d0213eb1,2019-11-25 06:32:11+00:00,2019-11-25 06:32:11+00:00,1,['cart'],539634680,1,1,1,88.52,0.0,0,1,0,True,False,False,0,88.52,0.0,0,0,0,0,0.0,High Priority
aa71b4ba-a237-43ce-9c31-3daaefd14752,2019-11-25 06:32:45+00:00,2019-11-25 06:34:25+00:00,2,"['cart', 'view']",513770500,1,1,1,252.34,1.6666666666666667,1,1,0,True,False,True,0,252.34,1.0,0,0,0,0,0.01,High Priority
04977cfb-c714-47e3-ac56-8d20a0378580,2019-11-25 06:34:20+00:00,2019-11-25 06:34:20+00:00,1,['cart'],576068671,1,1,1,7.18,0.0,0,1,0,True,False,False,0,7.18,0.0,0,0,0,0,0.0,High Priority
be41b313-9266-462e-b968-d665eab6f332,2019-11-25 06:34:58+00:00,2019-11-25 06:34:58+00:00,1,['cart'],570397259,1,1,1,6.69,0.0,0,1,0,True,False,False,0,6.69,0.0,0,0,0,0,0.0,High Priority
c868f79b-1a00-40ea-885b-2bffea41c5b6,2019-11-25 06:36:36+00:00,2019-11-25 06:36:36+00:00,1,['cart'],524208315,1,1,1,43.24,0.0,0,1,0,True,False,False,0,43.24,0.0,0,0,0,0,0.0,High Priority
c8aae45a-8ce8-4819-83b9-4c84ae781ae7,2019-11-25 06:39:56+00:00,2019-11-25 06:39:56+00:00,1,['cart'],575990174,1,1,1,34.4,0.0,0,1,0,True,False,False,0,34.4,0.0,0,0,0,0,0.0,High Priority
0140346b-6465-44c2-b387-a6073d5fd999,2019-11-25 06:42:09+00:00,2019-11-25 06:42:09+00:00,1,['cart'],527056645,1,1,1,41.96,0.0,0,1,0,True,False,False,0,41.96,0.0,0,0,0,0,0.0,High Priority
97d1b5c4-4c6a-438a-9326-52ba0724d812,2019-11-25 06:43:21+00:00,2019-11-25 06:43:21+00:00,1,['cart'],576288930,1,1,1,38.1,0.0,0,1,0,True,False,False,0,38.1,0.0,0,0,0,0,0.0,High Priority
9b7499ed-125c-4e11-b36e-c9830389e230,2019-11-25 06:43:52+00:00,2019-11-25 06:43:52+00:00,1,['cart'],546877181,1,1,0,232.41,0.0,0,1,0,True,False,False,0,232.41,0.0,0,0,0,0,0.0,High Priority
ad06ba17-7887-47da-9acc-e3b2c29ac190,2019-11-25 06:44:52+00:00,2019-11-25 06:44:52+00:00,1,['cart'],560348158,1,1,0,33.98,0.0,0,1,0,True,False,False,0,33.98,0.0,0,0,0,0,0.0,High Priority
e1f4267d-f867-41c3-8556-b1f917bbce1e,2019-11-25 06:47:13+00:00,2019-11-25 06:47:13+00:00,1,['cart'],569247403,1,1,1,40.93,0.0,0,1,0,True,False,False,0,40.93,0.0,0,0,0,0,0.0,High Priority
baceeea0-0071-4b79-aaff-c233185afe97,2019-11-25 06:48:53+00:00,2019-11-25 06:48:53+00:00,1,['cart'],542148313,1,1,1,25.69,0.0,0,1,0,True,False,False,0,25.69,0.0,0,0,0,0,0.0,High Priority
fe5900ac-5dda-4f4c-9f7a-91ac49117410,2019-11-25 06:48:56+00:00,2019-11-25 06:48:56+00:00,1,['cart'],569723189,1,1,1,32.18,0.0,0,1,0,True,False,False,0,32.18,0.0,0,0,0,0,0.0,High Priority
3f644cb1-b95c-4be7-aec4-34bba308f2b2,2019-11-25 06:49:23+00:00,2019-11-25 06:49:23+00:00,1,['cart'],562020303,1,1,1,33.21,0.0,0,1,0,True,False,False,0,33.21,0.0,0,0,0,0,0.0,High Priority
88ad1d96-ea15-41c2-956d-ac81258a3950,2019-11-25 06:50:38+00:00,2019-11-25 06:50:38+00:00,1,['cart'],568846709,1,1,1,85.41,0.0,0,1,0,True,False,False,0,85.41,0.0,0,0,0,0,0.0,High Priority
e71aef7f-b464-4823-bc9f-2cd3504bc452,2019-11-25 06:50:40+00:00,2019-11-25 06:50:40+00:00,1,['cart'],557243484,1,1,1,11.07,0.0,0,1,0,True,False,False,0,11.07,0.0,0,0,0,0,0.0,High Priority
ea2a724d-5b58-42ee-9fb3-1c9a80383d56,2019-11-25 06:51:16+00:00,2019-11-25 06:51:16+00:00,1,['cart'],546608003,1,1,1,19.05,0.0,0,1,0,True,False,False,0,19.05,0.0,0,0,0,0,0.0,High Priority
fc5459ee-fe4d-4f6c-a811-5dd61ab44f82,2019-11-25 06:51:38+00:00,2019-11-25 06:51:38+00:00,1,['cart'],558699066,1,1,1,566.27,0.0,0,1,0,True,False,False,0,566.27,0.0,0,0,0,0,0.0,High Priority
07d95acb-edb7-4950-b5e4-50e3c1feed6d,2019-11-25 06:53:46+00:00,2019-11-25 06:53:46+00:00,1,['cart'],549488601,1,1,1,130.04,0.0,0,1,0,True,False,False,0,130.04,0.0,0,0,0,0,0.0,High Priority
7e5cad01-4ab9-44fa-9eac-921b4611783f,2019-11-25 06:55:05+00:00,2019-11-25 06:56:32+00:00,2,"['cart', 'cart']",546456440,1,1,1,89.58,1.45,0,2,0,True,False,False,0,89.58,0.0,0,0,0,0,0.04,High Priority
82624ba6-ea05-44d6-9aff-ed6fa5bca7f5,2019-11-25 06:57:27+00:00,2019-11-25 06:57:27+00:00,1,['cart'],562235558,1,1,1,106.72,0.0,0,1,0,True,False,False,0,106.72,0.0,0,0,0,0,0.0,High Priority
aa0994de-cd9f-400d-b69f-46f58f2311f8,2019-11-25 07:00:04+00:00,2019-11-25 07:00:04+00:00,1,['cart'],564964753,1,1,1,566.01,0.0,0,1,0,True,False,False,0,566.01,0.0,0,1,1,1,0.0,High Priority
10cbe061-ee52-415f-a960-b330be6c28ef,2019-11-25 07:02:27+00:00,2019-11-25 07:02:27+00:00,1,['cart'],571285275,1,1,1,164.88,0.0,0,1,0,True,False,False,0,164.88,0.0,0,0,0,0,0.0,High Priority
debd49d2-200f-47b1-80ac-4638ae1e0938,2019-11-25 07:02:44+00:00,2019-11-25 07:02:44+00:00,1,['cart'],576325367,1,1,1,246.96,0.0,0,1,0,True,False,False,0,246.96,0.0,0,0,0,0,0.0,High Priority
6dbc30ed-a078-4913-a52d-176063483656,2019-11-25 07:03:22+00:00,2019-11-25 07:03:22+00:00,1,['cart'],553999420,1,1,0,282.89,0.0,0,1,0,True,False,False,0,282.89,0.0,0,0,0,0,0.0,High Priority
b856abc9-90c8-4812-af51-cd69e7396062,2019-11-25 07:06:20+00:00,2019-11-25 07:06:20+00:00,1,['cart'],512713533,1,1,1,201.86,0.0,0,1,0,True,False,False,0,201.86,0.0,0,0,0,0,0.0,High Priority
97812301-f717-41d2-8f5d-b3ce12d4a3f2,2019-11-25 07:08:17+00:00,2019-11-25 07:08:17+00:00,1,['cart'],512822927,1,1,1,41.57,0.0,0,1,0,True,False,False,0,41.57,0.0,0,0,0,0,0.0,High Priority
bac0af46-19da-418a-9025-f4ad28fa0a14,2019-11-25 07:10:41+00:00,2019-11-25 07:10:41+00:00,1,['cart'],572440920,1,1,1,9.76,0.0,0,1,0,True,False,False,0,9.76,0.0,0,0,0,0,0.0,High Priority
896e7f0b-2915-463c-986b-da92b8c8d57b,2019-11-25 07:12:54+00:00,2019-11-25 07:12:54+00:00,1,['cart'],512410120,1,1,1,361.4,0.0,0,1,0,True,False,False,0,361.4,0.0,0,0,0,0,0.0,High Priority
b1d88a51-ec97-4eb5-92e5-4a55d375beb2,2019-11-25 07:14:10+00:00,2019-11-25 07:14:10+00:00,1,['cart'],530084650,1,1,1,348.81,0.0,0,1,0,True,False,False,0,348.81,0.0,0,0,0,0,0.0,High Priority
f7bb6feb-c345-4c66-8cbe-bf79f0384b3c,2019-11-25 07:14:21+00:00,2019-11-25 07:14:21+00:00,1,['cart'],520666041,1,1,1,488.82,0.0,0,1,0,True,False,False,0,488.82,0.0,0,0,0,0,0.0,High Priority
21e2c7e2-68e5-4ca1-aaa7-f243027fa871,2019-11-25 07:14:48+00:00,2019-11-25 07:14:48+00:00,1,['cart'],556453764,1,1,1,487.14,0.0,0,1,0,True,False,False,0,487.14,0.0,0,0,0,0,0.0,High Priority
7722205a-ea34-41af-aa36-87ae6433d03a,2019-11-25 07:15:13+00:00,2019-11-25 07:15:13+00:00,1,['cart'],573692333,1,1,1,169.86,0.0,0,1,0,True,False,False,0,169.86,0.0,0,0,0,0,0.0,High Priority
7530c643-86b6-45b0-a045-cd3ea1af89b8,2019-11-25 07:15:30+00:00,2019-11-25 07:15:30+00:00,1,['cart'],576330600,1,1,1,334.6,0.0,0,1,0,True,False,False,0,334.6,0.0,0,0,0,0,0.0,High Priority
12d5c315-e73e-4559-b77c-028a898f3c9d,2019-11-25 07:23:03+00:00,2019-11-25 07:23:03+00:00,1,['cart'],576332218,1,1,1,42.47,0.0,0,1,0,True,False,False,0,42.47,0.0,0,0,0,0,0.0,High Priority
9bd89989-4a65-4152-9873-e8301fb9fdfa,2019-11-25 07:25:07+00:00,2019-11-25 07:25:07+00:00,1,['cart'],513882358,1,1,1,42.99,0.0,0,1,0,True,False,False,0,42.99,0.0,0,0,0,0,0.0,High Priority
8eac1d99-957a-4b2b-8363-da461490a122,2019-11-25 07:28:12+00:00,2019-11-25 07:28:12+00:00,1,['cart'],571705928,1,1,1,84.92,0.0,0,1,0,True,False,False,0,84.92,0.0,0,0,0,0,0.0,High Priority
920a3c6f-9065-48be-8711-ca21b559e83a,2019-11-25 07:28:55+00:00,2019-11-25 07:28:55+00:00,1,['cart'],574323424,1,1,1,231.41,0.0,0,1,0,True,False,False,0,231.41,0.0,0,0,0,0,0.0,High Priority
27c25e3b-7c61-4162-8a0c-d8ba0e71fb91,2019-11-25 07:29:40+00:00,2019-11-25 07:29:40+00:00,1,['cart'],541334468,1,1,1,916.37,0.0,0,1,0,True,False,False,0,916.37,0.0,0,0,0,0,0.0,High Priority
79423906-790b-46b6-80eb-bcb786894b18,2019-11-25 07:30:41+00:00,2019-11-25 07:30:41+00:00,1,['cart'],573798862,1,1,1,126.17,0.0,0,1,0,True,False,False,0,126.17,0.0,0,0,0,0,0.0,High Priority
ec835c7c-7f1c-49d1-a59e-b5cba28c60a6,2019-11-25 07:32:21+00:00,2019-11-25 07:33:11+00:00,2,"['cart', 'view']",575788008,2,1,2,77.61,0.8333333333333334,1,1,0,True,False,True,0,38.805,1.0,0,0,0,0,0.0,High Priority
b6775e0a-3007-4abe-8468-8812812fb1aa,2019-11-25 07:35:33+00:00,2019-11-25 07:35:33+00:00,1,['cart'],554128239,1,1,1,169.86,0.0,0,1,0,True,False,False,0,169.86,0.0,0,0,0,0,0.0,High Priority
f733bc0f-0e63-4fa1-8642-dc434192563f,2019-11-25 07:38:07+00:00,2019-11-25 07:38:07+00:00,1,['cart'],513909233,1,1,1,489.05,0.0,0,1,0,True,False,False,0,489.05,0.0,0,0,0,0,0.0,High Priority
9b284eab-7c07-4365-98a3-918d9dca178e,2019-11-25 07:40:09+00:00,2019-11-25 07:40:09+00:00,1,['cart'],554410541,1,1,1,795.36,0.0,0,1,0,True,False,False,0,795.36,0.0,0,0,0,0,0.0,High Priority
5dc156e2-e248-4323-9342-ba22bde9b49e,2019-11-25 07:42:37+00:00,2019-11-25 07:42:37+00:00,1,['cart'],513248936,1,1,1,42.73,0.0,0,1,0,True,False,False,0,42.73,0.0,0,0,0,0,0.0,High Priority
b8c60254-e273-473a-9ba9-c20ce9637816,2019-11-25 07:42:38+00:00,2019-11-25 07:42:38+00:00,1,['cart'],559538393,1,1,1,463.07,0.0,0,1,0,True,False,False,0,463.07,0.0,0,0,0,0,0.0,High Priority
bc2f508a-bac5-4b6e-b02d-304c52f76bda,2019-11-25 07:44:45+00:00,2019-11-25 07:44:45+00:00,1,['cart'],512540923,1,1,1,39.9,0.0,0,1,0,True,False,False,0,39.9,0.0,0,0,0,0,0.0,High Priority
3c7cbc88-0dbf-4649-b09c-466fabbdab58,2019-11-25 07:45:51+00:00,2019-11-25 07:45:51+00:00,1,['cart'],571925220,1,1,0,324.14,0.0,0,1,0,True,False,False,0,324.14,0.0,0,0,0,0,0.0,High Priority
659d8118-10f3-4263-9f61-feccb385401f,2019-11-25 07:46:38+00:00,2019-11-25 07:46:38+00:00,1,['cart'],553082449,1,1,1,38.35,0.0,0,1,0,True,False,False,0,38.35,0.0,0,0,0,0,0.0,High Priority
4ef1a3e7-6561-498c-ab42-f1ead867a8b2,2019-11-25 07:46:38+00:00,2019-11-25 07:46:38+00:00,1,['cart'],532045355,1,1,1,512.24,0.0,0,1,0,True,False,False,0,512.24,0.0,0,0,0,0,0.0,High Priority
dd988284-8ca9-43e9-9d7d-1bdbb606c64a,2019-11-25 07:52:57+00:00,2019-11-25 07:52:57+00:00,1,['cart'],517615278,1,1,1,125.34,0.0,0,1,0,True,False,False,0,125.34,0.0,0,0,0,0,0.0,High Priority
1935de1e-4964-425b-abea-8fc1ef4140ff,2019-11-25 07:53:25+00:00,2019-11-25 07:53:25+00:00,1,['cart'],526008959,1,1,1,17.5,0.0,0,1,0,True,False,False,0,17.5,0.0,0,0,0,0,0.0,High Priority
2dd07f82-d105-420f-a5b4-5d3c367e9fe2,2019-11-25 07:54:43+00:00,2019-11-25 07:54:43+00:00,1,['cart'],568907660,1,1,1,168.21,0.0,0,1,0,True,False,False,0,168.21,0.0,0,0,0,0,0.0,High Priority
44cd7150-d8b1-4e28-b66a-a23c6e3a279f,2019-11-25 07:54:59+00:00,2019-11-25 07:54:59+00:00,1,['cart'],514298104,1,1,1,57.4,0.0,0,1,0,True,False,False,0,57.4,0.0,0,0,0,0,0.0,High Priority
f1eb362f-854e-4298-bd62-d356c23e86f4,2019-11-25 07:55:19+00:00,2019-11-25 07:55:19+00:00,1,['cart'],572246827,1,1,1,41.96,0.0,0,1,0,True,False,False,0,41.96,0.0,0,0,0,0,0.0,High Priority
6504e42c-455f-4677-9090-4c8c035174a6,2019-11-25 07:56:02+00:00,2019-11-25 07:56:02+00:00,1,['cart'],531280905,1,1,1,55.34,0.0,0,1,0,True,False,False,0,55.34,0.0,0,0,0,0,0.0,High Priority
7a5c8c37-677d-418b-bb5a-cc3e4174687b,2019-11-25 07:56:12+00:00,2019-11-25 07:56:12+00:00,1,['cart'],527242847,1,1,1,61.24,0.0,0,1,0,True,False,False,0,61.24,0.0,0,0,0,0,0.0,High Priority
4a26fc61-b13a-4782-a2aa-09b4ecc86dbb,2019-11-25 07:57:28+00:00,2019-11-25 07:57:28+00:00,1,['cart'],573843425,1,1,1,532.83,0.0,0,1,0,True,False,False,0,532.83,0.0,0,0,0,0,0.0,High Priority
a6c17cb5-cf1b-4263-9f1b-496fd4bed1de,2019-11-25 07:58:15+00:00,2019-11-25 07:58:15+00:00,1,['cart'],552630694,1,1,1,79.69,0.0,0,1,0,True,False,False,0,79.69,0.0,0,0,0,0,0.0,High Priority
d4d48758-8f5d-4920-8886-ffe1002e47a8,2019-11-25 08:00:11+00:00,2019-11-25 08:00:11+00:00,1,['cart'],571914772,1,1,1,43.73,0.0,0,1,0,True,False,False,0,43.73,0.0,0,0,0,0,0.0,High Priority
5ce2d3cf-112e-4e98-bba5-bed85c479fa9,2019-11-25 08:01:27+00:00,2019-11-25 08:01:27+00:00,1,['cart'],522128494,1,1,1,33.44,0.0,0,1,0,True,False,False,0,33.44,0.0,0,0,0,0,0.0,High Priority
278490da-2db7-4ad0-af02-1fc2a3096ce3,2019-11-25 08:01:46+00:00,2019-11-25 08:01:46+00:00,1,['cart'],549129636,1,1,0,26.77,0.0,0,1,0,True,False,False,0,26.77,0.0,0,0,0,0,0.0,High Priority
06e83057-b1d7-4216-b7e5-910e0467135d,2019-11-25 08:03:41+00:00,2019-11-25 08:03:41+00:00,1,['cart'],575819987,1,1,1,432.19,0.0,0,1,0,True,False,False,0,432.19,0.0,0,0,0,0,0.0,High Priority
8df89bd9-23c4-4f41-b2ad-a819dce4771a,2019-11-25 08:05:36+00:00,2019-11-25 08:06:22+00:00,2,"['cart', 'purchase']",567080826,1,1,1,771.66,0.7666666666666667,0,1,1,True,True,False,1,771.66,0.0,0,0,0,0,0.89,Monitor Only
b0ccdee0-b0df-48e7-a431-8c6722c09d61,2019-11-25 08:06:37+00:00,2019-11-25 08:06:37+00:00,1,['cart'],576320539,1,1,1,130.91,0.0,0,1,0,True,False,False,0,130.91,0.0,0,0,0,0,0.0,High Priority
a83c17a0-b2bc-46a3-a703-3e9db7745292,2019-11-25 08:07:23+00:00,2019-11-25 08:07:23+00:00,1,['cart'],540752502,1,1,1,71.82,0.0,0,1,0,True,False,False,0,71.82,0.0,0,0,0,0,0.0,High Priority
bcebf3f4-410c-4b4b-ab45-ecec6e4155ac,2019-11-25 08:07:40+00:00,2019-11-25 08:07:40+00:00,1,['cart'],533619589,1,1,1,16.09,0.0,0,1,0,True,False,False,0,16.09,0.0,0,0,0,0,0.0,High Priority
9d8a3eea-ce70-4b78-ad14-c6736795174e,2019-11-25 08:09:04+00:00,2019-11-25 08:09:04+00:00,1,['cart'],562499592,1,1,1,117.32,0.0,0,1,0,True,False,False,0,117.32,0.0,0,0,0,0,0.0,High Priority
1b19b915-9d1c-499b-bdd8-e67d09ba9b08,2019-11-25 08:11:01+00:00,2019-11-25 08:11:01+00:00,1,['cart'],572856346,1,1,1,30.63,0.0,0,1,0,True,False,False,0,30.63,0.0,0,0,0,0,0.0,High Priority
73fffa2e-5163-47ef-b7ae-fce5f83d9986,2019-11-25 08:11:58+00:00,2019-11-25 08:11:58+00:00,1,['cart'],513286813,1,1,1,1003.6,0.0,0,1,0,True,False,False,0,1003.6,0.0,0,0,0,0,0.0,High Priority
d75a3df2-8bbc-4c28-bb70-ef5fd42da85e,2019-11-25 08:14:33+00:00,2019-11-25 08:14:33+00:00,1,['cart'],512932365,1,1,1,642.98,0.0,0,1,0,True,False,False,0,642.98,0.0,0,0,0,0,0.0,High Priority
3710b172-6ad6-4be1-a8e0-0f55543c87c4,2019-11-25 08:14:39+00:00,2019-11-25 08:14:39+00:00,1,['cart'],561394679,1,1,1,258.57,0.0,0,1,0,True,False,False,0,258.57,0.0,0,0,0,0,0.0,High Priority
5c3f4202-06cd-4d00-957e-7cf7de6274e5,2019-11-25 08:18:22+00:00,2019-11-25 08:18:22+00:00,1,['cart'],514704611,1,1,1,218.8,0.0,0,1,0,True,False,False,0,218.8,0.0,0,0,0,0,0.0,High Priority
37a1a037-f805-4205-a2c2-e6fe819b9b2a,2019-11-25 08:18:50+00:00,2019-11-25 08:18:50+00:00,1,['cart'],513069727,1,1,1,258.57,0.0,0,1,0,True,False,False,0,258.57,0.0,0,0,0,0,0.0,High Priority
088d420a-9106-4df8-87cf-11619347023a,2019-11-25 08:24:07+00:00,2019-11-25 08:24:07+00:00,1,['cart'],573952770,1,1,1,39.71,0.0,0,1,0,True,False,False,0,39.71,0.0,0,0,0,0,0.0,High Priority
0eeb5b3e-0469-41e6-b6cd-a620cf9b4243,2019-11-25 08:27:01+00:00,2019-11-25 08:27:01+00:00,1,['cart'],513272259,1,1,1,360.11,0.0,0,1,0,True,False,False,0,360.11,0.0,0,0,0,0,0.0,High Priority
48cb824e-fff4-45b6-b118-e033995b55a3,2019-11-25 08:31:10+00:00,2019-11-25 08:31:10+00:00,1,['cart'],562608398,1,1,1,198.11,0.0,0,1,0,True,False,False,0,198.11,0.0,0,0,0,0,0.0,High Priority
781f38d1-3d16-453f-841f-8cdd82d20e0e,2019-11-25 08:32:07+00:00,2019-11-25 08:35:14+00:00,2,"['cart', 'view']",576350556,2,1,1,355.88,3.1166666666666667,1,1,0,True,False,True,0,177.94,1.0,0,0,0,0,0.0,High Priority
e0c146b2-6650-404b-8fb6-391379b65dfd,2019-11-25 08:32:31+00:00,2019-11-25 08:32:31+00:00,1,['cart'],574862415,1,1,0,46.33,0.0,0,1,0,True,False,False,0,46.33,0.0,0,0,0,0,0.0,High Priority
0ac7cda0-3950-4c95-84f9-b8f189047a00,2019-11-25 08:33:07+00:00,2019-11-25 08:33:07+00:00,1,['cart'],571683820,1,1,1,321.73,0.0,0,1,0,True,False,False,0,321.73,0.0,0,0,0,0,0.0,High Priority
56da6ac3-bb20-49ff-8266-819aee0aaa58,2019-11-25 08:38:06+00:00,2019-11-25 08:38:06+00:00,1,['cart'],540831418,1,1,1,487.14,0.0,0,1,0,True,False,False,0,487.14,0.0,0,0,0,0,0.0,High Priority
f9ae81c4-0fd5-4f0b-af64-c93e491d1dac,2019-11-25 08:40:55+00:00,2019-11-25 08:40:55+00:00,1,['cart'],543126181,1,1,1,169.86,0.0,0,1,0,True,False,False,0,169.86,0.0,0,0,0,0,0.0,High Priority
cae1584d-9692-476e-9df7-d010c93ebf20,2019-11-25 08:41:37+00:00,2019-11-25 08:41:37+00:00,1,['cart'],551867839,1,1,1,105.28,0.0,0,1,0,True,False,False,0,105.28,0.0,0,0,0,0,0.0,High Priority
12a31928-ab89-4587-8f1f-259bb80fe5d8,2019-11-25 08:42:19+00:00,2019-11-25 08:42:19+00:00,1,['cart'],576372717,1,1,1,164.7,0.0,0,1,0,True,False,False,0,164.7,0.0,0,0,0,0,0.0,High Priority
8fda4f77-97b5-4700-86df-f23237f03c77,2019-11-25 08:43:54+00:00,2019-11-25 08:43:54+00:00,1,['cart'],564985760,1,1,0,4.86,0.0,0,1,0,True,False,False,0,4.86,0.0,0,0,0,0,0.0,High Priority
fd280cda-ffd9-4e20-afaf-438b2754a228,2019-11-25 08:45:53+00:00,2019-11-25 08:45:53+00:00,1,['cart'],576351341,1,1,1,48.39,0.0,0,1,0,True,False,False,0,48.39,0.0,0,0,0,0,0.0,High Priority
b80da786-6581-4768-90b6-eccc72e1645d,2019-11-25 08:47:35+00:00,2019-11-25 08:47:35+00:00,1,['cart'],574906333,1,1,1,613.27,0.0,0,1,0,True,False,False,0,613.27,0.0,0,0,0,0,0.0,High Priority
7bf12a08-5652-47b0-afa4-4cd8b5b43350,2019-11-25 08:47:40+00:00,2019-11-25 08:47:40+00:00,1,['cart'],514941464,1,1,1,164.7,0.0,0,1,0,True,False,False,0,164.7,0.0,0,0,0,0,0.0,High Priority
3be327b4-e1b2-49c5-afba-2d958cea2eda,2019-11-25 08:47:57+00:00,2019-11-25 08:47:57+00:00,1,['cart'],538825083,1,1,1,385.83,0.0,0,1,0,True,False,False,0,385.83,0.0,0,0,0,0,0.0,High Priority
cde563d2-386d-4f50-b664-c4a3fc69b047,2019-11-25 08:47:58+00:00,2019-11-25 08:47:58+00:00,1,['cart'],567539242,1,1,1,38.59,0.0,0,1,0,True,False,False,0,38.59,0.0,0,0,0,0,0.0,High Priority
8f1f3ce0-9ee8-4359-a0ab-601a1f7adcb3,2019-11-25 08:48:21+00:00,2019-11-25 08:48:21+00:00,1,['cart'],573287540,1,1,1,409.28,0.0,0,1,0,True,False,False,0,409.28,0.0,0,0,0,0,0.0,High Priority
b1f1864f-04ac-4e8a-806b-30fd2cc46834,2019-11-25 08:48:51+00:00,2019-11-25 08:48:51+00:00,1,['cart'],515184548,1,1,1,114.67,0.0,0,1,0,True,False,False,0,114.67,0.0,0,0,0,0,0.0,High Priority
71bc67ca-2172-41c3-974e-3a51d903344b,2019-11-25 08:49:34+00:00,2019-11-25 08:49:34+00:00,1,['cart'],526173999,1,1,1,351.33,0.0,0,1,0,True,False,False,0,351.33,0.0,0,0,0,0,0.0,High Priority
6cc93666-a6d0-48ed-ac67-0fc0e1ce779a,2019-11-25 08:49:45+00:00,2019-11-25 08:49:45+00:00,1,['cart'],574824032,1,1,1,241.94,0.0,0,1,0,True,False,False,0,241.94,0.0,0,0,0,0,0.0,High Priority
01395249-f594-46aa-aee5-034875bba36c,2019-11-25 08:51:28+00:00,2019-11-25 08:51:28+00:00,1,['cart'],513254251,1,1,1,49.31,0.0,0,1,0,True,False,False,0,49.31,0.0,0,0,0,0,0.0,High Priority
af0572c7-74a1-419a-b134-1ed2c7f09955,2019-11-25 08:51:56+00:00,2019-11-25 08:51:56+00:00,1,['cart'],569404537,1,1,1,126.17,0.0,0,1,0,True,False,False,0,126.17,0.0,0,0,0,0,0.0,High Priority
c495ce02-99fd-41f8-940a-c8165edd6635,2019-11-25 08:52:53+00:00,2019-11-25 08:52:53+00:00,1,['cart'],517847747,1,1,1,229.71,0.0,0,1,0,True,False,False,0,229.71,0.0,0,0,0,0,0.0,High Priority
a4f8c3f3-5f12-432d-93ae-9476ad139603,2019-11-25 08:55:45+00:00,2019-11-25 08:55:45+00:00,1,['cart'],534098137,1,1,0,30.76,0.0,0,1,0,True,False,False,0,30.76,0.0,0,0,0,0,0.0,High Priority
8c9429d5-22c7-4512-a1e3-c805980d0be6,2019-11-25 08:56:08+00:00,2019-11-25 08:56:08+00:00,1,['cart'],540322492,1,1,1,293.7,0.0,0,1,0,True,False,False,0,293.7,0.0,0,0,0,0,0.0,High Priority
2edb9ec1-0f12-4ec8-842c-f88ae2481398,2019-11-25 08:59:56+00:00,2019-11-25 08:59:56+00:00,1,['cart'],573479459,1,1,1,270.28,0.0,0,1,0,True,False,False,0,270.28,0.0,0,0,0,0,0.0,High Priority
71c308b9-5eec-4d40-8bd4-ba67a37a3842,2019-11-25 09:00:04+00:00,2019-11-25 09:00:04+00:00,1,['cart'],562481704,1,1,1,234.2,0.0,0,1,0,True,False,False,0,234.2,0.0,0,1,1,1,0.0,High Priority
f1232209-17f5-49ff-8a16-94ff4cc03392,2019-11-25 09:00:12+00:00,2019-11-25 09:00:12+00:00,1,['cart'],526717609,1,1,1,62.52,0.0,0,1,0,True,False,False,0,62.52,0.0,0,0,0,0,0.0,High Priority
2c0e4414-3194-46c5-97a1-0334166b2472,2019-11-25 09:01:52+00:00,2019-11-25 09:01:52+00:00,1,['cart'],564958658,1,1,1,164.33,0.0,0,1,0,True,False,False,0,164.33,0.0,0,0,0,0,0.0,High Priority
16d1c412-c176-4ebe-821f-dedc75783c86,2019-11-25 09:06:47+00:00,2019-11-25 09:06:47+00:00,1,['cart'],512990841,1,1,1,34.24,0.0,0,1,0,True,False,False,0,34.24,0.0,0,0,0,0,0.0,High Priority
30dd33bc-62cb-4595-9077-e9fa5172ead5,2019-11-25 09:09:41+00:00,2019-11-25 09:09:41+00:00,1,['cart'],518616932,1,1,1,568.35,0.0,0,1,0,True,False,False,0,568.35,0.0,0,0,0,0,0.0,High Priority
2efec52c-2c65-4134-afb4-eba93050410d,2019-11-25 09:09:57+00:00,2019-11-25 09:09:57+00:00,1,['cart'],574813449,1,1,1,39.9,0.0,0,1,0,True,False,False,0,39.9,0.0,0,0,0,0,0.0,High Priority
c578b6d5-b954-416b-b5fb-0105171ebf26,2019-11-25 09:10:21+00:00,2019-11-25 09:10:21+00:00,1,['cart'],551967433,1,1,1,951.87,0.0,0,1,0,True,False,False,0,951.87,0.0,0,0,0,0,0.0,High Priority
ca2c9427-cb39-402b-aea9-678676bdbab7,2019-11-25 09:12:56+00:00,2019-11-25 09:12:56+00:00,1,['cart'],554506452,1,1,1,900.64,0.0,0,1,0,True,False,False,0,900.64,0.0,0,0,0,0,0.0,High Priority
f2ae6c19-caff-4a7e-94d8-fa5543342959,2019-11-25 09:14:10+00:00,2019-11-25 09:14:10+00:00,1,['cart'],539666290,1,1,1,15.42,0.0,0,1,0,True,False,False,0,15.42,0.0,0,0,0,0,0.0,High Priority
d4bed68d-d5c8-4c2a-9a85-14f37f0fd577,2019-11-25 09:14:35+00:00,2019-11-25 09:14:35+00:00,1,['cart'],559916096,1,1,0,256.2,0.0,0,1,0,True,False,False,0,256.2,0.0,0,0,0,0,0.0,High Priority
7b19c434-a90d-445d-8bb8-c348e780cecb,2019-11-25 09:15:19+00:00,2019-11-25 09:15:19+00:00,1,['cart'],541247391,1,1,1,12.36,0.0,0,1,0,True,False,False,0,12.36,0.0,0,1,1,1,0.0,High Priority
810c46db-7511-48a9-9666-4d17edaec096,2019-11-25 09:16:04+00:00,2019-11-25 09:16:04+00:00,1,['cart'],516335802,1,1,1,29.47,0.0,0,1,0,True,False,False,0,29.47,0.0,0,0,0,0,0.0,High Priority
da56f232-79e1-40e9-83cd-b1c3f1ee1127,2019-11-25 09:16:05+00:00,2019-11-25 09:16:05+00:00,1,['cart'],573232096,1,1,1,48.91,0.0,0,1,0,True,False,False,0,48.91,0.0,0,0,0,0,0.0,High Priority
e2d54aba-8f30-4f93-b565-ba3174fef47b,2019-11-25 09:17:24+00:00,2019-11-25 09:17:24+00:00,1,['cart'],527555586,1,1,1,487.12,0.0,0,1,0,True,False,False,0,487.12,0.0,0,0,0,0,0.0,High Priority
8d7b4fa6-06bf-433c-b43e-86959c5e0c36,2019-11-25 09:20:14+00:00,2019-11-25 09:20:14+00:00,1,['cart'],516213542,1,1,1,76.96,0.0,0,1,0,True,False,False,0,76.96,0.0,0,0,0,0,0.0,High Priority
88819009-384c-4cc3-a094-f77fbda2dd12,2019-11-25 09:23:44+00:00,2019-11-25 09:49:04+00:00,2,"['cart', 'view']",576354501,2,1,2,658.2,25.33333333333333,1,1,0,True,False,True,0,329.1,1.0,0,0,0,0,0.0,High Priority
535f25b6-7394-4867-88d8-c6a359d16f74,2019-11-25 09:25:45+00:00,2019-11-25 09:25:45+00:00,1,['cart'],576385400,1,1,1,167.06,0.0,0,1,0,True,False,False,0,167.06,0.0,0,0,0,0,0.0,High Priority
6b9caad8-81c4-4aaf-b840-8b28a766b97e,2019-11-25 09:28:24+00:00,2019-11-25 09:29:13+00:00,2,"['cart', 'view']",560735259,2,1,1,42.07,0.8166666666666667,1,1,0,True,False,True,0,21.035,1.0,0,0,0,0,0.0,High Priority
d224d413-c931-4698-aa30-af33a1f6f858,2019-11-25 09:28:27+00:00,2019-11-25 09:28:27+00:00,1,['cart'],518874573,1,1,1,78.51,0.0,0,1,0,True,False,False,0,78.51,0.0,0,0,0,0,0.0,High Priority
d8f0c28b-0bff-4be5-8d18-7feacad2cd3e,2019-11-25 09:28:40+00:00,2019-11-25 09:28:40+00:00,1,['cart'],516465816,1,1,1,32.69,0.0,0,1,0,True,False,False,0,32.69,0.0,0,0,0,0,0.0,High Priority
e9122fcf-7798-4b4a-bbe1-1a10092ee8de,2019-11-25 09:31:27+00:00,2019-11-25 09:31:27+00:00,1,['cart'],539307650,1,1,1,164.33,0.0,0,1,0,True,False,False,0,164.33,0.0,0,0,0,0,0.0,High Priority
9017f4e8-acf4-4932-b7b9-11e6e6fd5970,2019-11-25 09:32:07+00:00,2019-11-25 09:32:07+00:00,1,['cart'],534152219,1,1,1,532.83,0.0,0,1,0,True,False,False,0,532.83,0.0,0,0,0,0,0.0,High Priority
f0cb53e5-4ff8-48a4-b9bb-8db4d4d3a99a,2019-11-25 09:32:25+00:00,2019-11-25 09:32:25+00:00,1,['cart'],518740935,1,1,1,960.05,0.0,0,1,0,True,False,False,0,960.05,0.0,0,0,0,0,0.0,High Priority
0304264d-ae88-44fa-937a-39ec0c8be1b9,2019-11-25 09:43:28+00:00,2019-11-25 09:43:28+00:00,2,"['cart', 'cart']",570417411,1,1,1,493.92,0.0,0,2,0,True,False,False,0,493.92,0.0,0,0,0,0,0.0,High Priority
9a19b28a-14a1-4484-b8bf-725162152850,2019-11-25 09:43:51+00:00,2019-11-25 09:43:51+00:00,1,['cart'],521456362,1,1,1,164.33,0.0,0,1,0,True,False,False,0,164.33,0.0,0,0,0,0,0.0,High Priority
270d1618-5899-4071-996a-4b602a5de764,2019-11-25 09:45:11+00:00,2019-11-25 09:45:11+00:00,1,['cart'],540813699,1,1,1,93.18,0.0,0,1,0,True,False,False,0,93.18,0.0,0,0,0,0,0.0,High Priority
ec009cd7-dd7c-435e-b9db-5343b49880a3,2019-11-25 09:46:40+00:00,2019-11-25 09:46:40+00:00,1,['cart'],514542238,1,1,1,41.19,0.0,0,1,0,True,False,False,0,41.19,0.0,0,0,0,0,0.0,High Priority
2ade42ce-35a1-4ea6-88d1-15d208f38fd7,2019-11-25 09:47:07+00:00,2019-11-25 09:47:07+00:00,1,['cart'],573579818,1,1,1,56.37,0.0,0,1,0,True,False,False,0,56.37,0.0,0,0,0,0,0.0,High Priority
7cbf35e2-1135-4a2d-9747-6abe5bad167a,2019-11-25 09:47:26+00:00,2019-11-25 09:47:26+00:00,1,['cart'],575965020,1,1,1,171.81,0.0,0,1,0,True,False,False,0,171.81,0.0,0,0,0,0,0.0,High Priority
bf731d31-ea1e-4194-ba07-f2118c47efff,2019-11-25 09:50:55+00:00,2019-11-25 09:50:55+00:00,1,['cart'],576406938,1,1,1,114.03,0.0,0,1,0,True,False,False,0,114.03,0.0,0,0,0,0,0.0,High Priority
3713f2e1-dd89-457d-a600-11c1ac939d0d,2019-11-25 09:53:36+00:00,2019-11-25 09:53:36+00:00,1,['cart'],527899384,1,1,1,41.19,0.0,0,1,0,True,False,False,0,41.19,0.0,0,1,1,1,0.0,High Priority
1f667be3-daf5-42f8-9cd6-bddd86cf37e2,2019-11-25 09:54:02+00:00,2019-11-25 09:55:58+00:00,2,"['cart', 'view']",535324883,2,1,1,105.48,1.933333333333333,1,1,0,True,False,True,0,52.74,1.0,0,0,0,0,0.0,High Priority
5c22e92e-5d28-4176-a964-713feb97d7cf,2019-11-25 09:55:21+00:00,2019-11-25 09:55:21+00:00,1,['cart'],520357508,1,1,1,282.62,0.0,0,1,0,True,False,False,0,282.62,0.0,0,0,0,0,0.0,High Priority
989b4758-5bdf-4305-93fa-ca0e0aaee124,2019-11-25 09:55:43+00:00,2019-11-25 09:55:43+00:00,1,['cart'],568057973,1,1,0,2.6,0.0,0,1,0,True,False,False,0,2.6,0.0,0,0,0,0,0.0,High Priority
338736f2-bd45-4545-b33b-f6d0168f04a9,2019-11-25 09:55:58+00:00,2019-11-25 09:55:58+00:00,1,['cart'],513845644,1,1,1,126.14,0.0,0,1,0,True,False,False,0,126.14,0.0,0,0,0,0,0.0,High Priority
e84b3642-32ac-4b09-94d5-4a159803548b,2019-11-25 09:56:45+00:00,2019-11-25 09:56:45+00:00,1,['cart'],519019081,1,1,1,198.95,0.0,0,1,0,True,False,False,0,198.95,0.0,0,0,0,0,0.0,High Priority
f765c346-1285-4fc6-b34f-299918fce97b,2019-11-25 09:59:23+00:00,2019-11-25 09:59:23+00:00,1,['cart'],531507270,1,1,0,28.29,0.0,0,1,0,True,False,False,0,28.29,0.0,0,0,0,0,0.0,High Priority
4b07c5cb-012a-46b4-be6f-d87d22e3288e,2019-11-25 10:00:35+00:00,2019-11-25 10:00:35+00:00,1,['cart'],537592135,1,1,1,125.31,0.0,0,1,0,True,False,False,0,125.31,0.0,0,0,0,0,0.0,High Priority
eae2fafa-3b0b-4853-8887-69ade0918e6e,2019-11-25 10:01:10+00:00,2019-11-25 10:01:10+00:00,1,['cart'],518655606,1,1,1,290.61,0.0,0,1,0,True,False,False,0,290.61,0.0,0,0,0,0,0.0,High Priority
beb56fb5-49c4-444f-8601-5c11b04d6ef2,2019-11-25 10:02:12+00:00,2019-11-25 10:02:12+00:00,1,['cart'],575252738,1,1,1,12.36,0.0,0,1,0,True,False,False,0,12.36,0.0,0,0,0,0,0.0,High Priority
2132018a-14ed-4976-bd1a-b236f573deb8,2019-11-25 10:03:01+00:00,2019-11-25 10:03:01+00:00,1,['cart'],530258935,1,1,1,512.24,0.0,0,1,0,True,False,False,0,512.24,0.0,0,0,0,0,0.0,High Priority
f3d37c6d-b74d-46c0-beba-752e1fd95640,2019-11-25 10:05:12+00:00,2019-11-25 10:05:12+00:00,1,['cart'],512745511,1,1,1,140.29,0.0,0,1,0,True,False,False,0,140.29,0.0,0,0,0,0,0.0,High Priority
9d92a2f3-9b27-42fe-b9dd-a7b94eefcc6c,2019-11-25 10:05:44+00:00,2019-11-25 10:05:44+00:00,1,['cart'],513820982,1,1,0,186.36,0.0,0,1,0,True,False,False,0,186.36,0.0,0,0,0,0,0.0,High Priority
20e73e2e-3bf3-4063-a008-b01f85a38548,2019-11-25 10:05:51+00:00,2019-11-25 10:05:51+00:00,1,['cart'],548851664,1,1,1,246.96,0.0,0,1,0,True,False,False,0,246.96,0.0,0,0,0,0,0.0,High Priority
86137f83-3898-4917-86b0-a69c54bfdb61,2019-11-25 10:09:39+00:00,2019-11-25 10:09:39+00:00,1,['cart'],574817672,1,1,1,613.25,0.0,0,1,0,True,False,False,0,613.25,0.0,0,0,0,0,0.0,High Priority
9d958c89-5a87-42b8-8c97-8cbc915708fa,2019-11-25 10:10:19+00:00,2019-11-25 10:10:19+00:00,1,['cart'],547402725,1,1,1,334.58,0.0,0,1,0,True,False,False,0,334.58,0.0,0,0,0,0,0.0,High Priority
246b9a36-4f67-48f8-bd8f-935406330fce,2019-11-25 10:11:09+00:00,2019-11-25 10:11:09+00:00,1,['cart'],514986818,1,1,1,144.12,0.0,0,1,0,True,False,False,0,144.12,0.0,0,0,0,0,0.0,High Priority
fec1d0a0-ca54-4113-bb26-a62698be2ea7,2019-11-25 10:13:00+00:00,2019-11-25 10:13:26+00:00,2,"['cart', 'view']",576018831,1,1,1,252.28,0.4333333333333333,1,1,0,True,False,True,0,252.28,1.0,0,0,0,0,0.01,High Priority
4f79b6c4-a72f-4ff7-8eb4-d0d0c651ee29,2019-11-25 10:15:09+00:00,2019-11-25 10:15:09+00:00,1,['cart'],542690992,1,1,1,463.07,0.0,0,1,0,True,False,False,0,463.07,0.0,0,0,0,0,0.0,High Priority
07fee005-008c-4670-97e5-3c9198889802,2019-11-25 10:17:44+00:00,2019-11-25 10:17:44+00:00,1,['cart'],571929763,1,1,1,87.2,0.0,0,1,0,True,False,False,0,87.2,0.0,0,0,0,0,0.0,High Priority
141a0b59-0fc5-424e-9e02-7295b261a2cc,2019-11-25 10:18:23+00:00,2019-11-25 10:18:23+00:00,1,['cart'],572477297,1,1,1,591.78,0.0,0,1,0,True,False,False,0,591.78,0.0,0,0,0,0,0.0,High Priority
fe079b20-d004-4731-aa04-5d46c99ffaa5,2019-11-25 10:19:47+00:00,2019-11-25 10:19:47+00:00,1,['cart'],576393222,1,1,1,197.8,0.0,0,1,0,True,False,False,0,197.8,0.0,0,0,0,0,0.0,High Priority
b1772495-e57e-4444-8367-b43a511881e8,2019-11-25 10:20:37+00:00,2019-11-25 10:20:37+00:00,1,['cart'],522281158,1,1,1,45.3,0.0,0,1,0,True,False,False,0,45.3,0.0,0,0,0,0,0.0,High Priority
59a98485-70ba-4110-9b1f-6aab980345f1,2019-11-25 10:24:45+00:00,2019-11-25 10:24:45+00:00,1,['cart'],542397596,1,1,1,64.09,0.0,0,1,0,True,False,False,0,64.09,0.0,0,0,0,0,0.0,High Priority
2ea9b3a4-6cbc-4f09-88fc-7a060e3a0001,2019-11-25 10:31:22+00:00,2019-11-25 10:31:22+00:00,1,['cart'],548636485,1,1,1,137.71,0.0,0,1,0,True,False,False,0,137.71,0.0,0,0,0,0,0.0,High Priority
0325a067-a7f6-4475-8744-93c469f9d343,2019-11-25 10:31:39+00:00,2019-11-25 10:31:51+00:00,2,"['cart', 'view']",550172163,1,1,1,105.02,0.2,1,1,0,True,False,True,0,105.02,1.0,0,0,0,0,0.0,High Priority
8eceffed-28b3-452f-b833-a38ba87ab498,2019-11-25 10:39:27+00:00,2019-11-25 10:39:27+00:00,1,['cart'],575993625,1,1,1,124.07,0.0,0,1,0,True,False,False,0,124.07,0.0,0,0,0,0,0.0,High Priority
8e4b3be7-5fc3-4391-9bc4-32595c5a2715,2019-11-25 10:39:48+00:00,2019-11-25 10:39:48+00:00,1,['cart'],513256581,1,1,1,38.61,0.0,0,1,0,True,False,False,0,38.61,0.0,0,0,0,0,0.0,High Priority
9511b44d-4cc4-49e2-9702-a879ab35331e,2019-11-25 10:41:47+00:00,2019-11-25 10:41:47+00:00,1,['cart'],565472592,1,1,1,532.83,0.0,0,1,0,True,False,False,0,532.83,0.0,0,0,0,0,0.0,High Priority
ead4c73f-55e1-4591-81a3-7c9e4ca764fb,2019-11-25 10:41:48+00:00,2019-11-25 10:41:48+00:00,1,['cart'],542445152,1,1,1,52.25,0.0,0,1,0,True,False,False,0,52.25,0.0,0,0,0,0,0.0,High Priority
f53669d0-bede-4fcd-bca6-01e1d4f13dfb,2019-11-25 10:42:47+00:00,2019-11-25 10:42:47+00:00,1,['cart'],572111587,1,1,1,483.67,0.0,0,1,0,True,False,False,0,483.67,0.0,0,0,0,0,0.0,High Priority
ee0eea42-385f-43f6-b64e-bf267dffc007,2019-11-25 10:44:40+00:00,2019-11-25 10:44:40+00:00,1,['cart'],548796480,1,1,1,187.63,0.0,0,1,0,True,False,False,0,187.63,0.0,0,0,0,0,0.0,High Priority
61913f04-1fb8-4d43-a4a3-373b37e27e45,2019-11-25 10:44:56+00:00,2019-11-25 10:44:56+00:00,1,['cart'],523620487,1,1,1,126.14,0.0,0,1,0,True,False,False,0,126.14,0.0,0,0,0,0,0.0,High Priority
56f0f045-953f-4513-a041-6e3ceda6b65d,2019-11-25 10:48:04+00:00,2019-11-25 10:48:04+00:00,1,['cart'],523694261,1,1,1,217.51,0.0,0,1,0,True,False,False,0,217.51,0.0,0,0,0,0,0.0,High Priority
5cd84b03-86e9-4576-b95f-c1c88e43d849,2019-11-25 10:49:04+00:00,2019-11-25 10:49:04+00:00,1,['cart'],571874188,1,1,1,38.1,0.0,0,1,0,True,False,False,0,38.1,0.0,0,0,0,0,0.0,High Priority
e9aad378-21f3-4831-881f-9ec0cecac99e,2019-11-25 10:53:20+00:00,2019-11-25 10:53:20+00:00,1,['cart'],556815506,1,1,1,107.16,0.0,0,1,0,True,False,False,0,107.16,0.0,0,0,0,0,0.0,High Priority
0eefa6c7-7403-4c51-b550-bafa64d806e1,2019-11-25 10:58:17+00:00,2019-11-25 10:58:17+00:00,1,['cart'],572927035,1,1,1,1362.69,0.0,0,1,0,True,False,False,0,1362.69,0.0,0,1,1,1,0.0,High Priority
eb9b064c-5621-4c02-849e-b5e5207d3944,2019-11-25 11:02:11+00:00,2019-11-25 11:02:11+00:00,1,['cart'],576060037,1,1,1,48.8,0.0,0,1,0,True,False,False,0,48.8,0.0,0,0,0,0,0.0,High Priority
ff6c5bab-0aaa-4380-bfcf-f851221384a0,2019-11-25 11:02:27+00:00,2019-11-25 11:02:27+00:00,1,['cart'],563312662,1,1,1,385.6,0.0,0,1,0,True,False,False,0,385.6,0.0,0,0,0,0,0.0,High Priority
dd0cdc0d-7883-452a-91bd-216cd14fe2d4,2019-11-25 11:03:21+00:00,2019-11-25 11:06:04+00:00,2,"['cart', 'view']",516494131,2,1,1,2452.79,2.716666666666667,1,1,0,True,False,True,0,1226.395,1.0,0,0,0,0,0.0,High Priority
f2779629-c7cd-4e87-be36-c97601b41eab,2019-11-25 11:04:35+00:00,2019-11-25 11:04:35+00:00,1,['cart'],568574037,1,1,1,102.96,0.0,0,1,0,True,False,False,0,102.96,0.0,0,0,0,0,0.0,High Priority
09fc7d4a-126b-4465-b449-bf36f99548c2,2019-11-25 11:05:40+00:00,2019-11-25 11:05:40+00:00,1,['cart'],514299223,1,1,0,229.68,0.0,0,1,0,True,False,False,0,229.68,0.0,0,0,0,0,0.0,High Priority
9fafcd4a-0ab1-4bf6-9c8e-6561030b7e38,2019-11-25 11:09:35+00:00,2019-11-25 11:09:35+00:00,1,['cart'],545801853,1,1,1,669.23,0.0,0,1,0,True,False,False,0,669.23,0.0,0,1,1,1,0.0,High Priority
edbb7f06-7f0f-47f9-803d-63c1aa94e0b5,2019-11-25 11:09:39+00:00,2019-11-25 11:09:39+00:00,1,['cart'],576447707,1,1,1,126.14,0.0,0,1,0,True,False,False,0,126.14,0.0,0,0,0,0,0.0,High Priority
b6e5dc2c-817f-4b92-bc50-d111f7243751,2019-11-25 11:11:05+00:00,2019-11-25 11:11:05+00:00,1,['cart'],544442591,1,1,1,35.78,0.0,0,1,0,True,False,False,0,35.78,0.0,0,0,0,0,0.0,High Priority
858132d2-f1d8-41c4-a69c-19780c512f07,2019-11-25 11:12:26+00:00,2019-11-25 11:12:26+00:00,1,['cart'],529424019,1,1,1,487.12,0.0,0,1,0,True,False,False,0,487.12,0.0,0,0,0,0,0.0,High Priority
e25a2a04-199d-4f5b-b3d4-aefc3219fe29,2019-11-25 11:14:01+00:00,2019-11-25 11:14:01+00:00,1,['cart'],514957217,1,1,1,84.34,0.0,0,1,0,True,False,False,0,84.34,0.0,0,0,0,0,0.0,High Priority
91b1be7f-22f8-4810-b7d4-b69f520fdff5,2019-11-25 11:14:55+00:00,2019-11-25 11:14:55+00:00,1,['cart'],517465085,1,1,0,221.34,0.0,0,1,0,True,False,False,0,221.34,0.0,0,0,0,0,0.0,High Priority
38756e2f-2cdb-486e-b302-d1efce72ce55,2019-11-25 11:17:03+00:00,2019-11-25 11:17:03+00:00,1,['cart'],522350606,1,1,1,66.06,0.0,0,1,0,True,False,False,0,66.06,0.0,0,0,0,0,0.0,High Priority
d318e5ff-526f-4566-bafe-26def0481978,2019-11-25 11:21:16+00:00,2019-11-25 11:21:16+00:00,1,['cart'],515160491,1,1,1,154.42,0.0,0,1,0,True,False,False,0,154.42,0.0,0,0,0,0,0.0,High Priority
e553caf3-ba46-4840-bb39-f001540b6b5b,2019-11-25 11:22:17+00:00,2019-11-25 11:22:17+00:00,1,['cart'],517534042,1,1,1,281.85,0.0,0,1,0,True,False,False,0,281.85,0.0,0,0,0,0,0.0,High Priority
5aeda05f-fc51-428e-917d-d90dbe5ff917,2019-11-25 11:22:33+00:00,2019-11-25 11:22:33+00:00,1,['cart'],533747955,1,1,1,648.64,0.0,0,1,0,True,False,False,0,648.64,0.0,0,0,0,0,0.0,High Priority
f5392dde-675a-4b5b-af05-602a5efd97e0,2019-11-25 11:22:48+00:00,2019-11-25 11:22:48+00:00,1,['cart'],562828864,1,1,1,197.8,0.0,0,1,0,True,False,False,0,197.8,0.0,0,0,0,0,0.0,High Priority
2bef4546-99f4-494a-af69-55e188ecdc1b,2019-11-25 11:23:25+00:00,2019-11-25 11:23:25+00:00,1,['cart'],576452609,1,1,1,51.46,0.0,0,1,0,True,False,False,0,51.46,0.0,0,0,0,0,0.0,High Priority
275f6cf3-b3a2-4884-9b16-9a056e14f8b0,2019-11-25 11:24:40+00:00,2019-11-25 11:24:40+00:00,1,['cart'],576455177,1,1,1,540.03,0.0,0,1,0,True,False,False,0,540.03,0.0,0,0,0,0,0.0,High Priority
fc8a42f3-a7cf-4327-8931-730ba13a629c,2019-11-25 11:31:32+00:00,2019-11-25 11:31:32+00:00,1,['cart'],569970672,1,1,1,179.9,0.0,0,1,0,True,False,False,0,179.9,0.0,0,1,1,1,0.0,High Priority
3bfcfbd4-2225-4541-a9ed-9cc190d5c2cf,2019-11-25 11:36:07+00:00,2019-11-25 11:36:07+00:00,1,['cart'],515592098,1,1,1,32.18,0.0,0,1,0,True,False,False,0,32.18,0.0,0,0,0,0,0.0,High Priority
63b656b5-79f8-4684-a80b-40d952b7d026,2019-11-25 11:37:56+00:00,2019-11-25 11:37:56+00:00,1,['cart'],556199048,1,1,1,254.94,0.0,0,1,0,True,False,False,0,254.94,0.0,0,0,0,0,0.0,High Priority
5f77b7d1-a45e-4268-a42f-69083da349c3,2019-11-25 11:39:21+00:00,2019-11-25 11:39:21+00:00,1,['cart'],541135657,1,1,1,36.04,0.0,0,1,0,True,False,False,0,36.04,0.0,0,0,0,0,0.0,High Priority
431b03cc-fd09-4d28-a7ce-0e909e6dd249,2019-11-25 11:39:41+00:00,2019-11-25 11:39:41+00:00,1,['cart'],568149653,1,1,1,36.55,0.0,0,1,0,True,False,False,0,36.55,0.0,0,0,0,0,0.0,High Priority
de5a406e-8490-482b-a2b9-61aae12c7c7b,2019-11-25 11:39:57+00:00,2019-11-25 11:39:57+00:00,1,['cart'],572503192,1,1,1,487.12,0.0,0,1,0,True,False,False,0,487.12,0.0,0,0,0,0,0.0,High Priority
61ea1db2-57fa-4a68-860f-c453d1188f22,2019-11-25 11:40:39+00:00,2019-11-25 11:40:39+00:00,1,['cart'],520245179,1,1,1,916.34,0.0,0,1,0,True,False,False,0,916.34,0.0,0,0,0,0,0.0,High Priority
9d4054f0-b5e8-4993-80a2-abda96740024,2019-11-25 11:40:55+00:00,2019-11-25 11:40:55+00:00,1,['cart'],574252023,1,1,1,126.14,0.0,0,1,0,True,False,False,0,126.14,0.0,0,0,0,0,0.0,High Priority
ea347de2-f2f9-4f4f-913c-e2affb4b9771,2019-11-25 11:44:37+00:00,2019-11-25 11:44:37+00:00,1,['cart'],515009099,1,1,1,20.87,0.0,0,1,0,True,False,False,0,20.87,0.0,0,0,0,0,0.0,High Priority
38681e90-241d-4e87-98e0-6f1c5291fc16,2019-11-25 11:50:02+00:00,2019-11-25 11:50:02+00:00,1,['cart'],515064904,1,1,1,102.58,0.0,0,1,0,True,False,False,0,102.58,0.0,0,0,0,0,0.0,High Priority
584584f9-082b-41ff-8b49-248c5bb4a5e8,2019-11-25 11:52:22+00:00,2019-11-25 11:52:22+00:00,1,['cart'],518943421,1,1,1,437.31,0.0,0,1,0,True,False,False,0,437.31,0.0,0,0,0,0,0.0,High Priority
0fa49184-815d-4081-8874-563a9f521b72,2019-11-25 11:52:50+00:00,2019-11-25 11:52:50+00:00,1,['cart'],572588408,1,1,1,38.1,0.0,0,1,0,True,False,False,0,38.1,0.0,0,0,0,0,0.0,High Priority
c9a0519f-aab4-4f59-9b96-3d6d84a5b1b4,2019-11-25 11:57:42+00:00,2019-11-25 11:57:42+00:00,1,['cart'],516743656,1,1,1,62.52,0.0,0,1,0,True,False,False,0,62.52,0.0,0,0,0,0,0.0,High Priority
52c3feac-eca3-4519-ba3b-6892c61ccee2,2019-11-25 11:59:26+00:00,2019-11-25 11:59:26+00:00,1,['cart'],516229001,1,1,1,532.83,0.0,0,1,0,True,False,False,0,532.83,0.0,0,0,0,0,0.0,High Priority
58ad80af-a5e3-4a09-b2ad-7cc363fc916b,2019-11-25 12:00:07+00:00,2019-11-25 12:07:17+00:00,2,"['cart', 'view']",571344579,1,1,1,2058.68,7.166666666666667,1,1,0,True,False,True,0,2058.68,1.0,0,0,0,0,0.0,High Priority
80522961-a11a-4d66-a45e-b040b29a703f,2019-11-25 12:08:50+00:00,2019-11-25 12:09:14+00:00,2,"['cart', 'view']",575882779,1,1,1,388.94,0.4,1,1,0,True,False,True,0,388.94,1.0,0,1,1,1,0.0,High Priority
592f9f79-fa91-4ba2-a302-a818251e280e,2019-11-25 12:08:54+00:00,2019-11-25 13:23:30+00:00,3,"['cart', 'view', 'view']",516755543,3,1,3,1105.54,74.6,2,1,0,True,False,True,0,368.5133333333333,2.0,0,0,0,0,0.0,High Priority
36b39474-4160-4c64-b661-6c5c1df76992,2019-11-25 12:10:59+00:00,2019-11-25 12:10:59+00:00,1,['cart'],576479842,1,1,1,126.14,0.0,0,1,0,True,False,False,0,126.14,0.0,0,0,0,0,0.0,High Priority
3188c2c3-ba6f-4d93-8099-0428fb26117b,2019-11-25 12:11:44+00:00,2019-11-25 12:11:44+00:00,1,['cart'],551766995,1,1,1,173.75,0.0,0,1,0,True,False,False,0,173.75,0.0,0,0,0,0,0.0,High Priority
c331b991-d1cc-443b-b52e-2d42ea458bdb,2019-11-25 12:15:17+00:00,2019-11-25 12:15:17+00:00,1,['cart'],565722954,1,1,1,6.41,0.0,0,1,0,True,False,False,0,6.41,0.0,0,0,0,0,0.0,High Priority
9e8f39f6-96c1-4a1b-9779-35e2a2421f37,2019-11-25 12:15:25+00:00,2019-11-25 12:15:25+00:00,1,['cart'],576428001,1,1,1,128.68,0.0,0,1,0,True,False,False,0,128.68,0.0,0,0,0,0,0.0,High Priority
785e49d2-65d7-4468-af77-fd092c1da8b3,2019-11-25 12:21:31+00:00,2019-11-25 12:21:31+00:00,1,['cart'],520927116,1,1,1,1183.29,0.0,0,1,0,True,False,False,0,1183.29,0.0,0,0,0,0,0.0,High Priority
a27d29f0-b5a3-4e08-98d8-1097244eac7c,2019-11-25 12:22:50+00:00,2019-11-25 12:22:50+00:00,1,['cart'],515682333,1,1,1,429.44,0.0,0,1,0,True,False,False,0,429.44,0.0,0,0,0,0,0.0,High Priority
781141c1-98a9-4f0a-85bf-593afecb678e,2019-11-25 12:26:54+00:00,2019-11-25 12:26:54+00:00,1,['cart'],573830220,1,1,1,177.1,0.0,0,1,0,True,False,False,0,177.1,0.0,0,0,0,0,0.0,High Priority
e38391fc-72e2-4061-8a10-50c85ec81569,2019-11-25 12:27:59+00:00,2019-11-25 12:27:59+00:00,1,['cart'],563277229,1,1,1,841.21,0.0,0,1,0,True,False,False,0,841.21,0.0,0,0,0,0,0.0,High Priority
4513f75a-1903-40e7-a3a6-61619f5a6a15,2019-11-25 12:30:07+00:00,2019-11-25 12:30:07+00:00,1,['cart'],572224855,1,1,1,643.23,0.0,0,1,0,True,False,False,0,643.23,0.0,0,0,0,0,0.0,High Priority
d0bee676-cfd1-43a3-877a-2c2ef9b19fea,2019-11-25 12:33:22+00:00,2019-11-25 12:33:22+00:00,1,['cart'],545079208,1,1,1,102.71,0.0,0,1,0,True,False,False,0,102.71,0.0,0,0,0,0,0.0,High Priority
62b8d8a9-2e28-4da4-9495-fe7b6e69989c,2019-11-25 12:33:58+00:00,2019-11-25 12:33:58+00:00,1,['cart'],512801845,1,1,1,201.79,0.0,0,1,0,True,False,False,0,201.79,0.0,0,0,0,0,0.0,High Priority
46c2699a-1313-46f7-956d-2623530b92af,2019-11-25 12:35:26+00:00,2019-11-25 12:35:26+00:00,1,['cart'],562627901,1,1,1,126.14,0.0,0,1,0,True,False,False,0,126.14,0.0,0,0,0,0,0.0,High Priority
7e98a97d-ca54-451c-9355-a13dad431fff,2019-11-25 12:38:35+00:00,2019-11-25 12:38:35+00:00,1,['cart'],568512820,1,1,1,348.81,0.0,0,1,0,True,False,False,0,348.81,0.0,0,0,0,0,0.0,High Priority
862f681d-07e3-46d5-bf54-c5480fd59d25,2019-11-25 12:42:46+00:00,2019-11-25 12:42:46+00:00,1,['cart'],576496129,1,1,1,88.29,0.0,0,1,0,True,False,False,0,88.29,0.0,0,0,0,0,0.0,High Priority
67cfa2e4-3297-43fc-bc74-13d01db45817,2019-11-25 12:44:24+00:00,2019-11-25 12:44:24+00:00,1,['cart'],522242055,1,1,1,591.75,0.0,0,1,0,True,False,False,0,591.75,0.0,0,0,0,0,0.0,High Priority
fd7862ff-572b-451b-8dc3-f5f159be5a5a,2019-11-25 12:45:40+00:00,2019-11-25 12:45:40+00:00,1,['cart'],549787428,1,1,1,554.97,0.0,0,1,0,True,False,False,0,554.97,0.0,0,0,0,0,0.0,High Priority
5ad316c9-1d57-45fc-b834-280bc9c6f9f1,2019-11-25 12:46:52+00:00,2019-11-25 12:46:52+00:00,1,['cart'],559700004,1,1,1,229.09,0.0,0,1,0,True,False,False,0,229.09,0.0,0,0,0,0,0.0,High Priority
a2c98a43-b43d-4f84-bec0-fd309e9827db,2019-11-25 12:53:15+00:00,2019-11-25 12:53:15+00:00,1,['cart'],553286166,1,1,1,143.84,0.0,0,1,0,True,False,False,0,143.84,0.0,0,0,0,0,0.0,High Priority
cb2f1be8-b338-4a17-bcce-cd3e45f7b9b0,2019-11-25 12:57:54+00:00,2019-11-25 12:57:54+00:00,1,['cart'],552119451,1,1,1,1362.69,0.0,0,1,0,True,False,False,0,1362.69,0.0,0,0,0,0,0.0,High Priority
a333a299-aabe-4888-a3ad-a4d0832e45d4,2019-11-25 12:59:55+00:00,2019-11-25 12:59:55+00:00,1,['cart'],542134424,1,1,0,38.48,0.0,0,1,0,True,False,False,0,38.48,0.0,0,0,0,0,0.0,High Priority
9ef53b80-ad6d-46fc-adb9-ba2b30f93562,2019-11-25 13:03:13+00:00,2019-11-25 13:03:13+00:00,1,['cart'],575485524,1,1,0,118.41,0.0,0,1,0,True,False,False,0,118.41,0.0,0,0,0,0,0.0,High Priority
3978d8d3-25ae-46bb-8539-407db1ee2036,2019-11-25 13:03:23+00:00,2019-11-25 13:03:23+00:00,1,['cart'],512369542,1,1,1,164.88,0.0,0,1,0,True,False,False,0,164.88,0.0,0,0,0,0,0.0,High Priority
d81e0c9e-c884-4307-94e0-060a24653801,2019-11-25 13:05:28+00:00,2019-11-25 13:05:28+00:00,1,['cart'],518054205,1,1,1,343.12,0.0,0,1,0,True,False,False,0,343.12,0.0,0,0,0,0,0.0,High Priority
a7441d43-3056-4729-bf3f-ec35cd41d4ed,2019-11-25 13:06:00+00:00,2019-11-25 13:06:00+00:00,1,['cart'],571702839,1,1,1,392.49,0.0,0,1,0,True,False,False,0,392.49,0.0,0,0,0,0,0.0,High Priority
34dc23d3-ffdf-4ded-9eef-32a9534e296a,2019-11-25 13:06:45+00:00,2019-11-25 13:06:45+00:00,1,['cart'],564979457,1,1,1,386.08,0.0,0,1,0,True,False,False,0,386.08,0.0,0,0,0,0,0.0,High Priority
12602522-e7ee-4649-9685-bea438daba90,2019-11-25 13:07:19+00:00,2019-11-25 13:07:19+00:00,1,['cart'],519454073,1,1,0,57.92,0.0,0,1,0,True,False,False,0,57.92,0.0,0,0,0,0,0.0,High Priority
69a673bd-a59b-40fb-a280-d594eb88f097,2019-11-25 13:09:40+00:00,2019-11-25 13:09:40+00:00,1,['cart'],558768432,1,1,1,643.23,0.0,0,1,0,True,False,False,0,643.23,0.0,0,0,0,0,0.0,High Priority
adca0a43-8584-4444-b2f6-2fb12cc47ca8,2019-11-25 13:10:54+00:00,2019-11-25 13:10:54+00:00,1,['cart'],576506686,1,1,1,110.66,0.0,0,1,0,True,False,False,0,110.66,0.0,0,0,0,0,0.0,High Priority
61aa74da-2b96-4dba-8d46-d382f5eed3b7,2019-11-25 13:13:37+00:00,2019-11-25 13:13:37+00:00,1,['cart'],559646840,1,1,1,134.09,0.0,0,1,0,True,False,False,0,134.09,0.0,0,0,0,0,0.0,High Priority
c8040c59-5adf-4e0c-b12e-ad72ed505a9f,2019-11-25 13:18:38+00:00,2019-11-25 13:19:13+00:00,2,"['cart', 'view']",571892752,1,1,1,40.68,0.5833333333333334,1,1,0,True,False,True,0,40.68,1.0,0,0,0,0,0.0,High Priority
bacf4ac5-6ef6-43d6-8cf1-bab976487910,2019-11-25 13:23:36+00:00,2019-11-25 13:23:36+00:00,1,['cart'],576511341,1,1,1,41.96,0.0,0,1,0,True,False,False,0,41.96,0.0,0,0,0,0,0.0,High Priority
f3a8df04-7ef4-4036-b197-23d6947a679a,2019-11-25 13:23:59+00:00,2019-11-25 13:23:59+00:00,1,['cart'],564016052,1,1,1,257.38,0.0,0,1,0,True,False,False,0,257.38,0.0,0,0,0,0,0.0,High Priority
b0986dc2-1403-4c3c-8f8e-7f7af284d8f0,2019-11-25 13:24:57+00:00,2019-11-25 13:24:57+00:00,1,['cart'],559060380,1,1,1,134.09,0.0,0,1,0,True,False,False,0,134.09,0.0,0,0,0,0,0.0,High Priority
54372863-3bc7-4ce3-a658-ad60f7e3ca34,2019-11-25 13:26:05+00:00,2019-11-25 13:26:05+00:00,1,['cart'],535691969,1,1,1,41.96,0.0,0,1,0,True,False,False,0,41.96,0.0,0,0,0,0,0.0,High Priority
e5eda795-97e0-4b4d-8e90-421686b210be,2019-11-25 13:27:37+00:00,2019-11-25 13:27:37+00:00,1,['cart'],553359723,1,1,1,246.96,0.0,0,1,0,True,False,False,0,246.96,0.0,0,0,0,0,0.0,High Priority
e0ab2a47-57da-4aa4-b6fb-547b95a14948,2019-11-25 13:27:38+00:00,2019-11-25 13:27:38+00:00,1,['cart'],570386471,1,1,1,285.46,0.0,0,1,0,True,False,False,0,285.46,0.0,0,0,0,0,0.0,High Priority
b1a130fd-c46f-4c68-a56e-a0907ade368e,2019-11-25 13:30:50+00:00,2019-11-25 13:30:50+00:00,1,['cart'],553029900,1,1,0,8.78,0.0,0,1,0,True,False,False,0,8.78,0.0,0,0,0,0,0.0,High Priority
d834b963-c2d6-48a6-bdcb-ae081f763207,2019-11-25 13:31:14+00:00,2019-11-25 13:31:14+00:00,1,['cart'],519100686,1,1,1,134.08,0.0,0,1,0,True,False,False,0,134.08,0.0,0,0,0,0,0.0,High Priority
19f88a37-a609-4f36-ad0b-3d2b4e5d58be,2019-11-25 13:32:04+00:00,2019-11-25 13:32:04+00:00,1,['cart'],536042714,1,1,1,46.08,0.0,0,1,0,True,False,False,0,46.08,0.0,0,0,0,0,0.0,High Priority
52437c21-2efa-41f7-80a6-be1c9f4cc419,2019-11-25 13:39:16+00:00,2019-11-25 13:39:16+00:00,1,['cart'],536588652,1,1,1,643.23,0.0,0,1,0,True,False,False,0,643.23,0.0,0,0,0,0,0.0,High Priority
8e9e4d7a-a066-4ed8-9711-2ad254108f3a,2019-11-25 13:39:24+00:00,2019-11-25 13:39:24+00:00,1,['cart'],534548780,1,1,1,171.81,0.0,0,1,0,True,False,False,0,171.81,0.0,0,0,0,0,0.0,High Priority
cebcafbd-5cb4-43e2-8883-daceba2b0336,2019-11-25 13:42:57+00:00,2019-11-25 13:42:57+00:00,1,['cart'],536647835,1,1,1,23.68,0.0,0,1,0,True,False,False,0,23.68,0.0,0,0,0,0,0.0,High Priority
3a7007dd-92bd-45e0-a70e-854cb2c05e14,2019-11-25 13:43:10+00:00,2019-11-25 13:43:10+00:00,1,['cart'],532497719,1,1,1,164.3,0.0,0,1,0,True,False,False,0,164.3,0.0,0,0,0,0,0.0,High Priority
1757d97c-5c9b-484e-a1a6-cd37f03848b4,2019-11-25 13:46:48+00:00,2019-11-25 13:46:48+00:00,1,['cart'],541395170,1,1,1,126.12,0.0,0,1,0,True,False,False,0,126.12,0.0,0,0,0,0,0.0,High Priority
387f05c7-d905-4685-8043-4d0da539da3c,2019-11-25 13:50:04+00:00,2019-11-25 13:50:04+00:00,1,['cart'],518915186,1,1,1,104.25,0.0,0,1,0,True,False,False,0,104.25,0.0,0,0,0,0,0.0,High Priority
491beca3-c7f6-497e-88cc-400d265777d8,2019-11-25 13:51:32+00:00,2019-11-25 13:51:32+00:00,1,['cart'],576527712,1,1,1,37.32,0.0,0,1,0,True,False,False,0,37.32,0.0,0,0,0,0,0.0,High Priority
f201cb8f-f491-46c1-9f32-cf9eec550e55,2019-11-25 13:57:37+00:00,2019-11-25 13:57:37+00:00,1,['cart'],576525831,1,1,1,134.02,0.0,0,1,0,True,False,False,0,134.02,0.0,0,0,0,0,0.0,High Priority
f4694371-4894-458c-8366-c90317526007,2019-11-25 13:58:42+00:00,2019-11-25 13:58:42+00:00,1,['cart'],548471873,1,1,0,120.98,0.0,0,1,0,True,False,False,0,120.98,0.0,0,0,0,0,0.0,High Priority
3451e1a9-4543-404c-83b6-f7033e7ce2fd,2019-11-25 13:58:53+00:00,2019-11-25 13:58:53+00:00,1,['cart'],576519654,1,1,1,246.96,0.0,0,1,0,True,False,False,0,246.96,0.0,0,0,0,0,0.0,High Priority
9f217367-484e-4185-bec8-279ed9099ff9,2019-11-25 14:00:01+00:00,2019-11-25 14:00:01+00:00,1,['cart'],576524620,1,1,0,23.85,0.0,0,1,0,True,False,False,0,23.85,0.0,0,0,0,0,0.0,High Priority
7ac18582-1ebc-4715-a258-14e45643beb0,2019-11-25 14:01:51+00:00,2019-11-25 14:01:51+00:00,1,['cart'],518136653,1,1,1,291.46,0.0,0,1,0,True,False,False,0,291.46,0.0,0,0,0,0,0.01,High Priority
80602b28-6b3a-47b7-a2ac-45671cff4cab,2019-11-25 14:03:06+00:00,2019-11-25 14:03:06+00:00,1,['cart'],549466512,1,1,1,38.35,0.0,0,1,0,True,False,False,0,38.35,0.0,0,0,0,0,0.0,High Priority
b2f28eea-692c-44b2-9c34-84eabcf984d6,2019-11-25 14:09:44+00:00,2019-11-25 14:09:44+00:00,1,['cart'],518621992,1,1,1,14.41,0.0,0,1,0,True,False,False,0,14.41,0.0,0,0,0,0,0.0,High Priority
27dc1a40-104a-4aba-8375-e8c5f52245c3,2019-11-25 14:16:02+00:00,2019-11-25 14:16:02+00:00,1,['cart'],576541809,1,1,1,106.82,0.0,0,1,0,True,False,False,0,106.82,0.0,0,0,0,0,0.0,High Priority
3b0429b9-4aad-4937-94a5-71a1d53fa74b,2019-11-25 14:18:09+00:00,2019-11-25 14:18:09+00:00,1,['cart'],576039919,1,1,1,32.69,0.0,0,1,0,True,False,False,0,32.69,0.0,0,0,0,0,0.0,High Priority
83546022-5f8b-4ab2-9649-8ac33ff050ca,2019-11-25 14:18:49+00:00,2019-11-25 14:19:05+00:00,2,"['cart', 'view']",575327565,1,1,1,328.6,0.2666666666666666,1,1,0,True,False,True,0,328.6,1.0,0,0,0,0,0.0,High Priority
6a746450-c2c2-4e20-827b-ade1ead1e256,2019-11-25 14:20:25+00:00,2019-11-25 14:20:25+00:00,1,['cart'],539558864,1,1,1,384.53,0.0,0,1,0,True,False,False,0,384.53,0.0,0,0,0,0,0.0,High Priority
841ca6fb-8792-47da-bf51-73a7a0d2e786,2019-11-25 14:20:54+00:00,2019-11-25 14:20:54+00:00,1,['cart'],540648964,1,1,1,64.35,0.0,0,1,0,True,False,False,0,64.35,0.0,0,0,0,0,0.0,High Priority
5ef2ea42-2638-4209-8877-7f7da3017672,2019-11-25 14:21:15+00:00,2019-11-25 14:21:15+00:00,1,['cart'],576505691,1,1,1,38.87,0.0,0,1,0,True,False,False,0,38.87,0.0,0,0,0,0,0.0,High Priority
7a67fbdd-04b5-4ec7-9513-e72af313b15c,2019-11-25 14:21:41+00:00,2019-11-25 14:21:41+00:00,1,['cart'],513570353,1,1,1,315.56,0.0,0,1,0,True,False,False,0,315.56,0.0,0,0,0,0,0.0,High Priority
4f6883b8-0ec5-4099-91be-7ce71edfd170,2019-11-25 14:23:02+00:00,2019-11-25 14:23:02+00:00,1,['cart'],572423246,1,1,1,1465.39,0.0,0,1,0,True,False,False,0,1465.39,0.0,0,0,0,0,0.0,High Priority
b4d1d884-ba3b-4fc3-b010-ba018ae9a504,2019-11-25 14:27:31+00:00,2019-11-25 14:27:31+00:00,1,['cart'],543232747,1,1,1,126.03,0.0,0,1,0,True,False,False,0,126.03,0.0,0,0,0,0,0.0,High Priority
33c49c7f-44fd-4c76-bc04-7e5744a7a5ee,2019-11-25 14:28:45+00:00,2019-11-25 14:28:45+00:00,1,['cart'],562250238,1,1,1,166.01,0.0,0,1,0,True,False,False,0,166.01,0.0,0,0,0,0,0.0,High Priority
8422e01c-0153-4cff-b532-6ed5aa1ea27d,2019-11-25 14:29:25+00:00,2019-11-25 14:36:59+00:00,2,"['cart', 'view']",576366821,2,1,2,280.5,7.566666666666666,1,1,0,True,False,True,0,140.25,1.0,0,0,0,0,0.0,High Priority
f748b232-e722-4f53-92ab-414d6fa4059d,2019-11-25 14:30:58+00:00,2019-11-25 14:30:58+00:00,1,['cart'],568574037,1,1,0,51.48,0.0,0,1,0,True,False,False,0,51.48,0.0,0,1,1,1,0.0,High Priority
5e6a54df-dbbd-41a1-acee-cef50f839aa7,2019-11-25 14:31:34+00:00,2019-11-25 14:31:34+00:00,1,['cart'],515494237,1,1,1,197.63,0.0,0,1,0,True,False,False,0,197.63,0.0,0,0,0,0,0.0,High Priority
04d913be-ee41-415e-a7aa-2d14fa928e1d,2019-11-25 14:31:48+00:00,2019-11-25 14:31:48+00:00,1,['cart'],540648964,1,1,1,51.74,0.0,0,1,0,True,False,False,0,51.74,0.0,0,1,1,1,0.0,High Priority
cd8ab200-3eb2-4d22-bb1d-8c8b93a8b43d,2019-11-25 14:32:45+00:00,2019-11-25 14:32:45+00:00,1,['cart'],555357369,1,1,1,197.63,0.0,0,1,0,True,False,False,0,197.63,0.0,0,0,0,0,0.0,High Priority
bc4248f7-cf97-43d1-8ed1-b040bb32a104,2019-11-25 14:33:09+00:00,2019-11-25 14:33:09+00:00,1,['cart'],550863446,1,1,1,133.98,0.0,0,1,0,True,False,False,0,133.98,0.0,0,0,0,0,0.0,High Priority
afdcf0a5-6916-4c9c-97bd-0e14d4539617,2019-11-25 14:33:22+00:00,2019-11-25 14:33:22+00:00,1,['cart'],548911805,1,1,1,104.25,0.0,0,1,0,True,False,False,0,104.25,0.0,0,0,0,0,0.0,High Priority
08c9bc0d-58bd-4f2b-b274-aca9058efbe9,2019-11-25 14:34:18+00:00,2019-11-25 14:34:18+00:00,1,['cart'],553778384,1,1,1,218.77,0.0,0,1,0,True,False,False,0,218.77,0.0,0,0,0,0,0.0,High Priority
ef91e512-511d-4efb-a595-33b62f02ab89,2019-11-25 14:36:24+00:00,2019-11-25 14:36:24+00:00,1,['cart'],562836661,1,1,1,128.68,0.0,0,1,0,True,False,False,0,128.68,0.0,0,0,0,0,0.0,High Priority
ee169b00-4a46-4a2d-ad85-8d1a170bcc58,2019-11-25 14:38:11+00:00,2019-11-25 14:38:11+00:00,1,['cart'],550027867,1,1,1,104.25,0.0,0,1,0,True,False,False,0,104.25,0.0,0,0,0,0,0.0,High Priority
f68cdcf8-6b86-4b53-9dd7-450a39e0963f,2019-11-25 14:39:03+00:00,2019-11-25 14:39:03+00:00,1,['cart'],574300228,1,1,0,87.26,0.0,0,1,0,True,False,False,0,87.26,0.0,0,0,0,0,0.0,High Priority
b4d8375b-5a2a-4692-a07c-5a267db89a93,2019-11-25 14:39:23+00:00,2019-11-25 14:39:23+00:00,1,['cart'],574965042,1,1,1,1544.13,0.0,0,1,0,True,False,False,0,1544.13,0.0,0,0,0,0,0.0,High Priority
f5da84d7-6eb7-4a9d-ac85-459cfb604db6,2019-11-25 14:39:25+00:00,2019-11-25 14:39:25+00:00,1,['cart'],550979709,1,1,1,169.86,0.0,0,1,0,True,False,False,0,169.86,0.0,0,0,0,0,0.0,High Priority
1edb275e-5498-4a43-a31e-a736e00a6439,2019-11-25 14:43:21+00:00,2019-11-25 14:43:21+00:00,1,['cart'],574300228,1,1,0,87.26,0.0,0,1,0,True,False,False,0,87.26,0.0,0,1,1,1,0.0,High Priority
a96165ea-e1a7-4919-ae74-3dceab8e4515,2019-11-25 14:44:05+00:00,2019-11-25 14:44:05+00:00,1,['cart'],544042579,1,1,1,118.15,0.0,0,1,0,True,False,False,0,118.15,0.0,0,0,0,0,0.0,High Priority
a30cc7ef-5bc5-4c22-aeb4-dc172827772f,2019-11-25 14:44:15+00:00,2019-11-25 14:44:15+00:00,1,['cart'],558131180,1,1,1,377.36,0.0,0,1,0,True,False,False,0,377.36,0.0,0,0,0,0,0.0,High Priority
a685bc7a-7ce5-4dd9-a3a1-ccb1e7c724e7,2019-11-25 14:45:42+00:00,2019-11-25 14:45:42+00:00,1,['cart'],571126738,1,1,1,617.75,0.0,0,1,0,True,False,False,0,617.75,0.0,0,0,0,0,0.0,High Priority
6fc23338-7bcd-4786-9455-2010a663b94e,2019-11-25 14:46:54+00:00,2019-11-25 14:46:54+00:00,1,['cart'],561247364,1,1,1,65.38,0.0,0,1,0,True,False,False,0,65.38,0.0,0,0,0,0,0.0,High Priority
9a9f7d58-031f-4054-9e9c-088fd3ae8351,2019-11-25 14:59:40+00:00,2019-11-25 14:59:40+00:00,1,['cart'],541970731,1,1,1,166.01,0.0,0,1,0,True,False,False,0,166.01,0.0,0,0,0,0,0.0,High Priority
a3fcddf8-6a1a-49ee-83f1-df84fd0055bd,2019-11-25 15:03:55+00:00,2019-11-25 15:03:55+00:00,1,['cart'],572632167,1,1,1,32.69,0.0,0,1,0,True,False,False,0,32.69,0.0,0,0,0,0,0.0,High Priority
9bccc136-0cec-458d-94d4-d9f56654f3e6,2019-11-25 15:04:32+00:00,2019-11-25 15:04:32+00:00,1,['cart'],516750918,1,1,1,37.32,0.0,0,1,0,True,False,False,0,37.32,0.0,0,0,0,0,0.0,High Priority
78b5003d-8015-46d7-a962-51997b53f7ff,2019-11-25 15:04:58+00:00,2019-11-25 15:04:58+00:00,1,['cart'],576039919,1,1,1,32.69,0.0,0,1,0,True,False,False,0,32.69,0.0,0,1,1,1,0.0,High Priority
f0558921-6ab8-44ab-bf6c-f0c6bd7dc062,2019-11-25 15:10:08+00:00,2019-11-25 15:10:08+00:00,1,['cart'],536131998,1,1,1,532.83,0.0,0,1,0,True,False,False,0,532.83,0.0,0,0,0,0,0.0,High Priority
70a9e2f3-1049-452c-b0a6-358a5b3da98c,2019-11-25 15:10:48+00:00,2019-11-25 15:10:48+00:00,1,['cart'],576568642,1,1,1,487.12,0.0,0,1,0,True,False,False,0,487.12,0.0,0,0,0,0,0.0,High Priority
27ccd92e-16d1-46cc-a326-43240180bf54,2019-11-25 15:12:39+00:00,2019-11-25 15:12:39+00:00,1,['cart'],518480696,1,1,1,1312.0,0.0,0,1,0,True,False,False,0,1312.0,0.0,0,0,0,0,0.0,High Priority
9ab424dd-8793-47df-9c19-708b726f1664,2019-11-25 15:13:37+00:00,2019-11-25 15:13:37+00:00,1,['cart'],567851633,1,1,1,10.04,0.0,0,1,0,True,False,False,0,10.04,0.0,0,0,0,0,0.0,High Priority
71cfa7d8-03a4-4c13-aa68-b62743bb1b3a,2019-11-25 15:15:02+00:00,2019-11-25 15:15:02+00:00,1,['cart'],571915812,1,1,1,134.02,0.0,0,1,0,True,False,False,0,134.02,0.0,0,0,0,0,0.0,High Priority
5695e239-7a66-443b-b2ee-36b3dc5cccb8,2019-11-25 15:15:59+00:00,2019-11-25 15:15:59+00:00,1,['cart'],576565469,1,1,1,1544.18,0.0,0,1,0,True,False,False,0,1544.18,0.0,0,0,0,0,0.0,High Priority
1338f4e3-cf3c-449f-8342-f9d3e36d3d3b,2019-11-25 15:16:38+00:00,2019-11-25 15:16:38+00:00,1,['cart'],545773595,1,1,1,197.61,0.0,0,1,0,True,False,False,0,197.61,0.0,0,0,0,0,0.0,High Priority
de32695a-96b0-41b5-b4b6-750f11e1bee8,2019-11-25 15:16:59+00:00,2019-11-25 15:16:59+00:00,1,['cart'],563475412,1,1,1,290.61,0.0,0,1,0,True,False,False,0,290.61,0.0,0,0,0,0,0.0,High Priority
3d7b28eb-83c2-40ab-8cd5-18c1fdc0db6a,2019-11-25 15:18:09+00:00,2019-11-25 15:18:09+00:00,1,['cart'],573783922,1,1,1,106.05,0.0,0,1,0,True,False,False,0,106.05,0.0,0,0,0,0,0.0,High Priority
437a2dd6-c3fe-4ea7-b2f2-d8449cf8f87c,2019-11-25 15:23:07+00:00,2019-11-25 15:23:07+00:00,1,['cart'],517698330,1,1,1,540.3,0.0,0,1,0,True,False,False,0,540.3,0.0,0,1,1,1,0.0,High Priority
a70eb6f8-c203-4c66-b005-d3319d057f3c,2019-11-25 15:23:18+00:00,2019-11-25 15:23:18+00:00,1,['cart'],543955291,1,1,1,107.52,0.0,0,1,0,True,False,False,0,107.52,0.0,0,0,0,0,0.0,High Priority
74e85888-6482-48fb-8135-dff622054e79,2019-11-25 15:24:44+00:00,2019-11-25 15:24:44+00:00,1,['cart'],576578499,1,1,1,126.03,0.0,0,1,0,True,False,False,0,126.03,0.0,0,0,0,0,0.0,High Priority
9c3ac799-c4ea-4c94-8281-dfc9b793ca5f,2019-11-25 15:29:31+00:00,2019-11-25 15:29:31+00:00,1,['cart'],515614316,1,1,1,38.1,0.0,0,1,0,True,False,False,0,38.1,0.0,0,0,0,0,0.0,High Priority
267df339-7e9f-4a22-b75e-f6980a0eea81,2019-11-25 15:30:21+00:00,2019-11-25 15:30:21+00:00,1,['cart'],576575351,1,1,1,143.84,0.0,0,1,0,True,False,False,0,143.84,0.0,0,0,0,0,0.0,High Priority
9cc00303-79de-42ff-b2de-5d4b054db4d5,2019-11-25 15:30:52+00:00,2019-11-25 15:30:52+00:00,1,['cart'],513221663,1,1,1,280.57,0.0,0,1,0,True,False,False,0,280.57,0.0,0,0,0,0,0.0,High Priority
295a17d4-9db7-4c10-b58a-34cb4fd64c2f,2019-11-25 15:33:57+00:00,2019-11-25 15:33:57+00:00,1,['cart'],573184088,1,1,1,246.96,0.0,0,1,0,True,False,False,0,246.96,0.0,0,0,0,0,0.0,High Priority
8b0443c6-fa24-481d-a1f6-7b0edcd30e55,2019-11-25 15:34:41+00:00,2019-11-25 15:34:41+00:00,1,['cart'],513392180,1,1,1,869.65,0.0,0,1,0,True,False,False,0,869.65,0.0,0,0,0,0,0.0,High Priority
eaeb2b88-f918-4baf-be9c-ddc8196f0053,2019-11-25 15:35:06+00:00,2019-11-25 15:35:06+00:00,1,['cart'],575815555,1,1,1,231.31,0.0,0,1,0,True,False,False,0,231.31,0.0,0,0,0,0,0.0,High Priority
651e4607-ce81-4465-b963-dc0e245b471c,2019-11-25 15:35:26+00:00,2019-11-25 15:35:26+00:00,1,['cart'],565305356,1,1,1,133.98,0.0,0,1,0,True,False,False,0,133.98,0.0,0,0,0,0,0.0,High Priority
6433bf88-7195-4979-a891-26bd7d5d3c63,2019-11-25 15:35:53+00:00,2019-11-25 15:35:53+00:00,1,['cart'],576266618,1,1,1,38.1,0.0,0,1,0,True,False,False,0,38.1,0.0,0,0,0,0,0.0,High Priority
b2da0344-d118-461d-a6f9-e2e315fee8f7,2019-11-25 15:37:42+00:00,2019-11-25 15:37:42+00:00,1,['cart'],517930071,1,1,1,65.51,0.0,0,1,0,True,False,False,0,65.51,0.0,0,0,0,0,0.0,High Priority
27291c77-c94c-40d7-806e-83e5b09e8086,2019-11-25 15:38:11+00:00,2019-11-25 15:38:11+00:00,1,['cart'],576585371,1,1,1,246.96,0.0,0,1,0,True,False,False,0,246.96,0.0,0,0,0,0,0.0,High Priority
42063e67-9dca-4aad-b92f-a494fcc2a533,2019-11-25 15:38:39+00:00,2019-11-25 15:38:39+00:00,1,['cart'],564292901,1,1,1,35.78,0.0,0,1,0,True,False,False,0,35.78,0.0,0,0,0,0,0.0,High Priority
3ac59a1a-29f7-4425-bbb5-65ba0a482ac7,2019-11-25 15:39:54+00:00,2019-11-25 15:39:54+00:00,1,['cart'],550430985,1,1,0,36.04,0.0,0,1,0,True,False,False,0,36.04,0.0,0,0,0,0,0.0,High Priority
90f98545-a30a-4d93-ac75-22bca214eb79,2019-11-25 15:40:05+00:00,2019-11-25 15:40:05+00:00,1,['cart'],564141523,1,1,1,720.46,0.0,0,1,0,True,False,False,0,720.46,0.0,0,0,0,0,0.0,High Priority
ae84f730-0408-44bb-95b3-f5ffe6c0ef71,2019-11-25 15:41:10+00:00,2019-11-25 15:41:10+00:00,1,['cart'],517600780,1,1,1,126.12,0.0,0,1,0,True,False,False,0,126.12,0.0,0,0,0,0,0.0,High Priority
dd4bbf31-27d2-49d5-a989-b41f0cd3f2b9,2019-11-25 15:45:08+00:00,2019-11-25 15:45:08+00:00,1,['cart'],541303972,1,1,1,200.16,0.0,0,1,0,True,False,False,0,200.16,0.0,0,0,0,0,0.0,High Priority
1e92111a-b92d-45c7-b250-57bb967a610d,2019-11-25 15:45:28+00:00,2019-11-25 15:46:12+00:00,2,"['cart', 'view']",544071635,1,1,1,179.16,0.7333333333333333,1,1,0,True,False,True,0,179.16,1.0,0,0,0,0,0.0,High Priority
854f582c-ca0c-4c63-9f3c-34dff1975bcb,2019-11-25 15:46:43+00:00,2019-11-25 15:46:43+00:00,1,['cart'],522730318,1,1,1,6.44,0.0,0,1,0,True,False,False,0,6.44,0.0,0,0,0,0,0.0,High Priority
24ccdaff-fe59-4266-9397-4ce345fbe06f,2019-11-25 15:48:20+00:00,2019-11-25 15:48:20+00:00,1,['cart'],526681312,1,1,1,149.9,0.0,0,1,0,True,False,False,0,149.9,0.0,0,1,1,1,0.0,High Priority
2ce8c60d-4a21-4c39-bf9b-77d57d512cf8,2019-11-25 15:48:57+00:00,2019-11-25 15:48:57+00:00,1,['cart'],576591116,1,1,1,715.33,0.0,0,1,0,True,False,False,0,715.33,0.0,0,0,0,0,0.0,High Priority
fe2b2566-66af-40b1-a42b-c478e46df3d2,2019-11-25 15:49:48+00:00,2019-11-25 15:49:48+00:00,1,['cart'],544361576,1,1,1,171.77,0.0,0,1,0,True,False,False,0,171.77,0.0,0,0,0,0,0.0,High Priority
12faae97-a5dd-40ed-8e6f-634c619049d8,2019-11-25 15:57:51+00:00,2019-11-25 15:57:51+00:00,1,['cart'],562523144,1,1,1,75.16,0.0,0,1,0,True,False,False,0,75.16,0.0,0,0,0,0,0.0,High Priority
c5d1f95e-70d8-4bfe-ad4c-234302705b1f,2019-11-25 15:58:39+00:00,2019-11-25 16:01:51+00:00,2,"['cart', 'view']",524815734,2,2,1,479.01,3.2,1,1,0,True,False,True,0,239.505,1.0,0,0,0,0,0.0,High Priority
2fdf954c-c3e5-4d20-9d09-f2d7f38dabe2,2019-11-25 15:59:03+00:00,2019-11-25 15:59:03+00:00,1,['cart'],560609111,1,1,1,378.13,0.0,0,1,0,True,False,False,0,378.13,0.0,0,0,0,0,0.0,High Priority
e6a63b81-bf61-488a-8b1b-b7324f92f870,2019-11-25 16:00:36+00:00,2019-11-25 16:02:52+00:00,2,"['cart', 'cart']",515619808,1,1,1,584.04,2.2666666666666666,0,2,0,True,False,False,0,584.04,0.0,0,0,0,0,0.0,High Priority
0d042a94-23a1-41b4-a617-116079c6b88c,2019-11-25 16:04:31+00:00,2019-11-25 16:04:31+00:00,1,['cart'],513040838,1,1,1,107.85,0.0,0,1,0,True,False,False,0,107.85,0.0,0,1,1,1,0.0,High Priority
64d72cd4-ff2d-4fe0-aef9-f9b89399940a,2019-11-25 16:08:02+00:00,2019-11-25 16:08:02+00:00,1,['cart'],576599014,1,1,1,41.19,0.0,0,1,0,True,False,False,0,41.19,0.0,0,0,0,0,0.0,High Priority
4bfa3886-82fe-4d4f-95be-f12df51113aa,2019-11-25 16:09:48+00:00,2019-11-25 16:09:48+00:00,1,['cart'],554235034,1,1,1,290.61,0.0,0,1,0,True,False,False,0,290.61,0.0,0,0,0,0,0.0,High Priority
408eefb7-69fe-4fd5-ba70-3aa46106b949,2019-11-25 16:09:57+00:00,2019-11-25 16:09:57+00:00,1,['cart'],571787595,1,1,0,149.91,0.0,0,1,0,True,False,False,0,149.91,0.0,0,0,0,0,0.0,High Priority
7f5f8c2e-3df0-4540-b311-2611d3aa4f3f,2019-11-25 16:13:20+00:00,2019-11-25 16:15:21+00:00,2,"['cart', 'view']",530058507,1,1,1,248.14,2.0166666666666666,1,1,0,True,False,True,0,248.14,1.0,0,0,0,0,0.0,High Priority
c89728b7-32e5-4255-a71d-3d6fff76d2b1,2019-11-25 16:16:16+00:00,2019-11-25 16:16:16+00:00,1,['cart'],569535807,1,1,1,94.96,0.0,0,1,0,True,False,False,0,94.96,0.0,0,0,0,0,0.0,High Priority
71ded24e-8b67-4b2c-b0e1-daf6c835ff24,2019-11-25 16:18:00+00:00,2019-11-25 16:18:00+00:00,1,['cart'],531716409,1,1,1,32.69,0.0,0,1,0,True,False,False,0,32.69,0.0,0,0,0,0,0.0,High Priority
71be92a1-3451-4486-bdfe-d1cd6831dc46,2019-11-25 16:20:51+00:00,2019-11-25 16:20:51+00:00,1,['cart'],572623365,1,1,0,36.01,0.0,0,1,0,True,False,False,0,36.01,0.0,0,0,0,0,0.0,High Priority
d8313994-842e-4cc7-9bd1-3a9bf7c26b12,2019-11-25 16:24:44+00:00,2019-11-25 16:24:44+00:00,1,['cart'],544429067,1,1,1,512.24,0.0,0,1,0,True,False,False,0,512.24,0.0,0,0,0,0,0.0,High Priority
904738e8-aa39-4442-ab5f-5e74891be6a0,2019-11-25 16:25:15+00:00,2019-11-25 16:28:16+00:00,3,"['cart', 'cart', 'view']",513453255,1,1,1,35.52,3.0166666666666666,1,2,0,True,False,True,0,35.52,0.5,0,0,0,0,0.01,High Priority
3caa7be1-2779-43fd-8308-fbff72a8449e,2019-11-25 16:28:57+00:00,2019-11-25 16:28:57+00:00,1,['cart'],534629469,1,1,1,246.96,0.0,0,1,0,True,False,False,0,246.96,0.0,0,0,0,0,0.0,High Priority
b41363a4-3053-486d-bb38-f1011692087d,2019-11-25 16:30:30+00:00,2019-11-25 16:30:30+00:00,1,['cart'],519259634,1,1,1,47.62,0.0,0,1,0,True,False,False,0,47.62,0.0,0,0,0,0,0.0,High Priority
d174b927-4a58-4340-ad6b-7f02c118332f,2019-11-25 16:33:39+00:00,2019-11-25 16:33:39+00:00,1,['cart'],523624275,1,1,1,522.25,0.0,0,1,0,True,False,False,0,522.25,0.0,0,0,0,0,0.0,High Priority
d11b351b-815d-4dc0-ae1a-48d11c25cad3,2019-11-25 16:33:55+00:00,2019-11-25 16:33:55+00:00,1,['cart'],514475604,1,1,1,20.08,0.0,0,1,0,True,False,False,0,20.08,0.0,0,0,0,0,0.0,High Priority
10fa47fd-7e28-44d0-a361-819083c02d34,2019-11-25 16:37:12+00:00,2019-11-25 16:41:28+00:00,2,"['cart', 'view']",551300670,2,1,1,21.07,4.266666666666667,1,1,0,True,False,True,0,10.535,1.0,0,0,0,0,0.0,High Priority
22fd7c01-c893-4a82-a3be-3f831713a851,2019-11-25 16:37:13+00:00,2019-11-25 16:37:13+00:00,1,['cart'],576616483,1,1,1,254.9,0.0,0,1,0,True,False,False,0,254.9,0.0,0,0,0,0,0.0,High Priority
95a038b6-e6c8-48f6-a8a6-bf1535e90574,2019-11-25 16:39:09+00:00,2019-11-25 16:39:09+00:00,1,['cart'],516900157,1,1,1,292.02,0.0,0,1,0,True,False,False,0,292.02,0.0,0,0,0,0,0.0,High Priority
8cd7bb72-5887-d9b2-91dd-b7d72656b2ea,2019-11-25 16:39:27+00:00,2019-11-25 16:39:27+00:00,1,['cart'],576353127,1,1,1,72.59,0.0,0,1,0,True,False,False,0,72.59,0.0,0,0,0,0,0.0,High Priority
a2e9e2cf-9489-4eb7-ab9c-27d808b1b10e,2019-11-25 16:47:43+00:00,2019-11-25 16:47:43+00:00,1,['cart'],540850515,1,1,1,164.7,0.0,0,1,0,True,False,False,0,164.7,0.0,0,0,0,0,0.0,High Priority
738ca1e3-beeb-4d9a-8ad3-683d4be4898d,2019-11-25 16:53:11+00:00,2019-11-25 16:53:11+00:00,1,['cart'],576626508,1,1,1,6.92,0.0,0,1,0,True,False,False,0,6.92,0.0,0,0,0,0,0.0,High Priority
9a747b98-15c1-4bf2-a17d-36d679d73b6e,2019-11-25 16:55:05+00:00,2019-11-25 16:55:05+00:00,1,['cart'],534567744,1,1,1,39.9,0.0,0,1,0,True,False,False,0,39.9,0.0,0,0,0,0,0.0,High Priority
f9833c54-ffbb-4fd2-88af-678fdb02c08b,2019-11-25 16:55:39+00:00,2019-11-25 16:55:39+00:00,1,['cart'],570218906,1,1,0,290.15,0.0,0,1,0,True,False,False,0,290.15,0.0,0,0,0,0,0.0,High Priority
65eb3133-5926-4bdc-a588-18efb80dab40,2019-11-25 17:00:17+00:00,2019-11-25 17:00:17+00:00,1,['cart'],512865001,1,1,1,20.59,0.0,0,1,0,True,False,False,0,20.59,0.0,0,1,1,1,0.0,High Priority
349f50b6-66d8-4744-b765-cda5c25a07db,2019-11-25 17:02:51+00:00,2019-11-25 17:02:51+00:00,1,['cart'],554612805,1,1,1,106.72,0.0,0,1,0,True,False,False,0,106.72,0.0,0,0,0,0,0.0,High Priority
060e5bc1-f1a8-464c-b74d-f936cd6c4569,2019-11-25 17:05:36+00:00,2019-11-25 17:05:36+00:00,1,['cart'],514096293,1,1,1,308.6,0.0,0,1,0,True,False,False,0,308.6,0.0,0,0,0,0,0.0,High Priority
5295d0c4-f973-4dea-9ab8-06de2452c944,2019-11-25 17:11:54+00:00,2019-11-25 17:11:54+00:00,1,['cart'],576487405,1,1,1,487.12,0.0,0,1,0,True,False,False,0,487.12,0.0,0,0,0,0,0.0,High Priority
e4db207f-6b14-4187-97a1-564da916545f,2019-11-25 17:12:40+00:00,2019-11-25 17:12:40+00:00,1,['cart'],541414861,1,1,1,613.25,0.0,0,1,0,True,False,False,0,613.25,0.0,0,0,0,0,0.0,High Priority
2c810a05-2d09-46ab-b3af-99779614d639,2019-11-25 17:14:00+00:00,2019-11-25 17:14:00+00:00,1,['cart'],573392525,1,1,1,158.56,0.0,0,1,0,True,False,False,0,158.56,0.0,0,0,0,0,0.0,High Priority
b82e1995-6933-4e02-a3be-320d3d286abc,2019-11-25 17:14:24+00:00,2019-11-25 17:14:24+00:00,1,['cart'],524400319,1,1,1,589.44,0.0,0,1,0,True,False,False,0,589.44,0.0,0,0,0,0,0.0,High Priority
cadd69ea-c8a7-4bb8-b11e-8eb33d2e624e,2019-11-25 17:18:28+00:00,2019-11-25 17:20:09+00:00,2,"['cart', 'view']",575766374,2,1,1,752.89,1.6833333333333331,1,1,0,True,False,True,0,376.445,1.0,0,0,0,0,0.0,High Priority
c107e973-0e3b-4fe9-b17e-b05c92925ab2,2019-11-25 17:19:33+00:00,2019-11-25 17:19:33+00:00,1,['cart'],556925869,1,1,1,135.05,0.0,0,1,0,True,False,False,0,135.05,0.0,0,0,0,0,0.0,High Priority
14212857-d0f3-4a33-9613-e27812c68ab5,2019-11-25 17:19:37+00:00,2019-11-25 17:19:37+00:00,1,['cart'],576577019,1,1,1,136.4,0.0,0,1,0,True,False,False,0,136.4,0.0,0,0,0,0,0.0,High Priority
1b94b956-1f40-451d-ae6a-822ec294ba0a,2019-11-25 17:22:56+00:00,2019-11-25 17:22:56+00:00,1,['cart'],529483463,1,1,1,161.15,0.0,0,1,0,True,False,False,0,161.15,0.0,0,0,0,0,0.0,High Priority
f6dc5215-cd20-4d88-a1ce-e2c00414032d,2019-11-25 17:24:14+00:00,2019-11-25 17:24:14+00:00,1,['cart'],513302922,1,1,1,58.51,0.0,0,1,0,True,False,False,0,58.51,0.0,0,0,0,0,0.0,High Priority
1d03b5b8-a87f-4388-967f-a26faf954a42,2019-11-25 17:26:05+00:00,2019-11-25 17:26:05+00:00,1,['cart'],569778323,1,1,1,136.4,0.0,0,1,0,True,False,False,0,136.4,0.0,0,0,0,0,0.0,High Priority
3bb2016b-a4da-400c-9fe6-16c727c0ca2f,2019-11-25 17:30:41+00:00,2019-11-25 17:30:41+00:00,1,['cart'],550075331,1,1,1,163.17,0.0,0,1,0,True,False,False,0,163.17,0.0,0,0,0,0,0.0,High Priority
ae10a70c-083d-497f-a34e-d21e6ec727df,2019-11-25 17:34:38+00:00,2019-11-25 17:35:35+00:00,2,"['cart', 'view']",529060714,1,1,1,459.42,0.95,1,1,0,True,False,True,0,459.42,1.0,0,0,0,0,0.0,High Priority
5b3057ae-5f87-45be-81f3-d7f61f6c6e04,2019-11-25 17:38:46+00:00,2019-11-25 17:38:46+00:00,1,['cart'],515607219,1,1,1,327.16,0.0,0,1,0,True,False,False,0,327.16,0.0,0,0,0,0,0.0,High Priority
0f1559a8-b09a-4cf1-a222-9445f716d648,2019-11-25 17:42:19+00:00,2019-11-25 17:42:19+00:00,1,['cart'],513451673,1,1,1,514.53,0.0,0,1,0,True,False,False,0,514.53,0.0,0,0,0,0,0.0,High Priority
9ca70015-a4f1-4a74-b29c-3aa1b3ceb71e,2019-11-25 17:46:57+00:00,2019-11-25 17:46:57+00:00,1,['cart'],569172361,1,1,1,118.15,0.0,0,1,0,True,False,False,0,118.15,0.0,0,1,1,1,0.0,High Priority
f45f2ec6-e004-4e71-a018-1b6a9f386e54,2019-11-25 17:58:57+00:00,2019-11-25 17:58:57+00:00,1,['cart'],576651311,1,1,1,187.56,0.0,0,1,0,True,False,False,0,187.56,0.0,0,0,0,0,0.0,High Priority
d7de09d3-e225-4226-9a6d-f60716a6ffa5,2019-11-25 18:00:48+00:00,2019-11-25 18:00:48+00:00,1,['cart'],574424184,1,1,1,197.53,0.0,0,1,0,True,False,False,0,197.53,0.0,0,0,0,0,0.0,High Priority
d62c0d23-29ab-453c-8ed3-256d0661d823,2019-11-25 18:01:26+00:00,2019-11-25 18:01:26+00:00,1,['cart'],514678285,1,1,1,126.1,0.0,0,1,0,True,False,False,0,126.1,0.0,0,0,0,0,0.0,High Priority
9d20c42c-acdb-41f2-bd2f-280969bee016,2019-11-25 18:01:31+00:00,2019-11-25 18:01:31+00:00,1,['cart'],514514793,1,1,1,257.38,0.0,0,1,0,True,False,False,0,257.38,0.0,0,0,0,0,0.0,High Priority
5906b8a1-2cd7-450b-9b7f-29cf7234acd3,2019-11-25 18:01:46+00:00,2019-11-25 18:01:46+00:00,1,['cart'],575338119,1,1,1,133.94,0.0,0,1,0,True,False,False,0,133.94,0.0,0,0,0,0,0.0,High Priority
804dcdd4-5ef2-465f-9b2f-d905c05528f2,2019-11-25 18:03:13+00:00,2019-11-25 18:03:13+00:00,1,['cart'],514044525,1,1,1,538.75,0.0,0,1,0,True,False,False,0,538.75,0.0,0,0,0,0,0.0,High Priority
5eb6a8fd-2b4c-45e0-815b-ede2b72a4f9e,2019-11-25 18:03:49+00:00,2019-11-25 18:03:49+00:00,1,['cart'],516458447,1,1,1,55.34,0.0,0,1,0,True,False,False,0,55.34,0.0,0,0,0,0,0.0,High Priority
fc364f11-5d34-42c6-af5d-9485e34b4742,2019-11-25 18:04:40+00:00,2019-11-25 18:04:40+00:00,1,['cart'],514910395,1,1,1,952.15,0.0,0,1,0,True,False,False,0,952.15,0.0,0,1,1,1,0.0,High Priority
22fdfd18-daa2-4282-a592-b45bc906db34,2019-11-25 18:05:39+00:00,2019-11-25 18:05:39+00:00,1,['cart'],576650615,1,1,1,53.54,0.0,0,1,0,True,False,False,0,53.54,0.0,0,0,0,0,0.0,High Priority
b5a1c1aa-04b6-4d54-8ca0-fd88387a0d0b,2019-11-25 18:10:56+00:00,2019-11-25 18:10:56+00:00,1,['cart'],550165613,1,1,1,282.63,0.0,0,1,0,True,False,False,0,282.63,0.0,0,0,0,0,0.0,High Priority
cd054170-5d7d-4b6a-95f3-7169465b401f,2019-11-25 18:11:33+00:00,2019-11-25 18:11:33+00:00,1,['cart'],576254800,1,1,1,133.92,0.0,0,1,0,True,False,False,0,133.92,0.0,0,0,0,0,0.0,High Priority
1b267b79-1f3f-45cf-81eb-5813be4c9640,2019-11-25 18:12:56+00:00,2019-11-25 18:12:56+00:00,1,['cart'],576366674,1,1,0,30.76,0.0,0,1,0,True,False,False,0,30.76,0.0,0,0,0,0,0.0,High Priority
b1be1360-ba66-422e-b489-d99c491bd4f3,2019-11-25 18:13:43+00:00,2019-11-25 18:13:43+00:00,1,['cart'],532595379,1,1,1,173.72,0.0,0,1,0,True,False,False,0,173.72,0.0,0,0,0,0,0.0,High Priority
fbb6d16d-8899-41a1-85d8-35bccd9ef868,2019-11-25 18:14:56+00:00,2019-11-25 18:14:56+00:00,1,['cart'],513403509,1,1,1,334.58,0.0,0,1,0,True,False,False,0,334.58,0.0,0,0,0,0,0.0,High Priority
e9b723b7-8a54-4a6b-8f0d-9161f48c8075,2019-11-25 18:16:44+00:00,2019-11-25 18:16:44+00:00,1,['cart'],555872175,1,1,1,10.3,0.0,0,1,0,True,False,False,0,10.3,0.0,0,0,0,0,0.0,High Priority
565df8c1-f338-4a58-b951-e1792ff365ca,2019-11-25 18:23:08+00:00,2019-11-25 18:23:08+00:00,1,['cart'],576539169,1,1,1,1465.39,0.0,0,1,0,True,False,False,0,1465.39,0.0,0,0,0,0,0.0,High Priority
97df8d6d-ed27-49d8-9bb0-3fb28276142e,2019-11-25 18:23:45+00:00,2019-11-25 18:23:45+00:00,1,['cart'],515606828,1,1,0,5.64,0.0,0,1,0,True,False,False,0,5.64,0.0,0,0,0,0,0.0,High Priority
af5dad48-19e8-44c6-b17d-6a158e6e1a66,2019-11-25 18:26:09+00:00,2019-11-25 18:26:09+00:00,1,['cart'],545987420,1,1,1,548.25,0.0,0,1,0,True,False,False,0,548.25,0.0,0,0,0,0,0.0,High Priority
4affe18d-9031-485f-9739-a284a271d0aa,2019-11-25 18:27:19+00:00,2019-11-25 18:27:19+00:00,1,['cart'],524693610,1,1,1,104.51,0.0,0,1,0,True,False,False,0,104.51,0.0,0,0,0,0,0.0,High Priority
41564ab5-2e75-4a70-b889-1979af4a7378,2019-11-25 18:32:54+00:00,2019-11-25 18:32:54+00:00,1,['cart'],545707813,1,1,1,1362.69,0.0,0,1,0,True,False,False,0,1362.69,0.0,0,0,0,0,0.0,High Priority
403582bb-0b9b-4871-8584-57251c42f978,2019-11-25 18:36:10+00:00,2019-11-25 18:36:10+00:00,1,['cart'],518136515,1,1,1,102.71,0.0,0,1,0,True,False,False,0,102.71,0.0,0,0,0,0,0.0,High Priority
00fdf528-31af-4860-a2a3-8b9b3a59b570,2019-11-25 18:38:02+00:00,2019-11-25 18:38:02+00:00,1,['cart'],555934110,1,1,1,229.71,0.0,0,1,0,True,False,False,0,229.71,0.0,0,0,0,0,0.0,High Priority
b6298834-4c3f-44cf-8026-0bab79dfefd0,2019-11-25 18:39:26+00:00,2019-11-25 18:39:26+00:00,1,['cart'],528034599,1,1,1,117.27,0.0,0,1,0,True,False,False,0,117.27,0.0,0,0,0,0,0.0,High Priority
1e0b3324-829a-432a-bea6-85958887ec29,2019-11-25 18:40:04+00:00,2019-11-25 18:40:18+00:00,2,"['cart', 'view']",523235536,1,1,1,508.06,0.2333333333333333,1,1,0,True,False,True,0,508.06,1.0,0,0,0,0,0.0,High Priority
4834b7e7-041b-499f-ba98-9330be486457,2019-11-25 18:42:02+00:00,2019-11-25 18:42:02+00:00,1,['cart'],558214471,1,1,1,33.46,0.0,0,1,0,True,False,False,0,33.46,0.0,0,0,0,0,0.0,High Priority
e00db155-3228-497c-909b-ac596c2083c8,2019-11-25 18:44:05+00:00,2019-11-25 18:44:05+00:00,1,['cart'],542211360,1,1,0,6.1,0.0,0,1,0,True,False,False,0,6.1,0.0,0,0,0,0,0.0,High Priority
e80ba509-878d-4b20-bdb3-c123f9a2a381,2019-11-25 18:47:23+00:00,2019-11-25 18:47:23+00:00,1,['cart'],515293410,1,1,1,34.4,0.0,0,1,0,True,False,False,0,34.4,0.0,0,0,0,0,0.0,High Priority
7482a21a-0cb7-4e24-a7c4-1466911e8f52,2019-11-25 19:02:38+00:00,2019-11-25 19:02:38+00:00,1,['cart'],576698649,1,1,1,617.52,0.0,0,1,0,True,False,False,0,617.52,0.0,0,0,0,0,0.0,High Priority
87fae6d5-c016-424b-b1b6-14f2214cf037,2019-11-25 19:02:58+00:00,2019-11-25 19:02:58+00:00,1,['cart'],550684757,1,1,1,133.92,0.0,0,1,0,True,False,False,0,133.92,0.0,0,0,0,0,0.0,High Priority
572b01f2-18cf-48cd-851b-ed731cb8ecee,2019-11-25 19:03:28+00:00,2019-11-25 19:03:28+00:00,1,['cart'],529662787,1,1,1,102.32,0.0,0,1,0,True,False,False,0,102.32,0.0,0,0,0,0,0.0,High Priority
b9843fb0-4792-4a5a-bc06-3f36fddc3ae6,2019-11-25 19:04:11+00:00,2019-11-25 19:04:11+00:00,1,['cart'],530088914,1,1,1,27.29,0.0,0,1,0,True,False,False,0,27.29,0.0,0,0,0,0,0.0,High Priority
e1548aff-a773-4d5e-b441-61d153d48be3,2019-11-25 19:04:14+00:00,2019-11-25 19:04:14+00:00,1,['cart'],576696343,1,1,1,308.63,0.0,0,1,0,True,False,False,0,308.63,0.0,0,0,0,0,0.0,High Priority
dbc247c3-de6b-420b-8e64-c15bba0bd6a0,2019-11-25 19:05:23+00:00,2019-11-25 19:05:23+00:00,1,['cart'],568347979,1,1,1,437.31,0.0,0,1,0,True,False,False,0,437.31,0.0,0,0,0,0,0.0,High Priority
a4872895-b093-4e46-b2e7-f79030fac773,2019-11-25 19:07:44+00:00,2019-11-25 19:07:44+00:00,1,['cart'],569270557,1,1,1,246.96,0.0,0,1,0,True,False,False,0,246.96,0.0,0,0,0,0,0.0,High Priority
8b31cdc6-8fa1-456f-a55f-eed7e1eff186,2019-11-25 19:15:42+00:00,2019-11-25 19:15:42+00:00,1,['cart'],566988180,1,1,1,80.04,0.0,0,1,0,True,False,False,0,80.04,0.0,0,0,0,0,0.0,High Priority
86827106-ad08-4573-a2e9-3f6306905e2f,2019-11-25 19:16:57+00:00,2019-11-25 19:34:41+00:00,2,"['cart', 'view']",518900056,2,2,2,324.53000000000003,17.733333333333334,1,1,0,True,False,True,0,162.265,1.0,0,0,0,0,0.01,High Priority
82e29a8f-831a-4844-8a12-50c1d9f6130f,2019-11-25 19:17:48+00:00,2019-11-25 19:17:48+00:00,1,['cart'],514187555,1,1,1,916.34,0.0,0,1,0,True,False,False,0,916.34,0.0,0,0,0,0,0.0,High Priority
8b07b7f8-c09a-4576-af21-7d31bdf77f46,2019-11-25 19:20:41+00:00,2019-11-25 19:20:41+00:00,1,['cart'],569721133,1,1,0,285.21,0.0,0,1,0,True,False,False,0,285.21,0.0,0,0,0,0,0.0,High Priority
fb3c9d97-b066-4766-9cb3-fb5ee93ab727,2019-11-25 19:23:57+00:00,2019-11-25 19:23:57+00:00,1,['cart'],550929454,1,1,1,143.16,0.0,0,1,0,True,False,False,0,143.16,0.0,0,1,1,1,0.0,High Priority
593d47ea-2805-4467-b0d7-adb0557d64d4,2019-11-25 19:35:20+00:00,2019-11-25 19:35:20+00:00,1,['cart'],518806125,1,1,1,928.07,0.0,0,1,0,True,False,False,0,928.07,0.0,0,0,0,0,0.0,High Priority
61b6ee6c-f15d-4dbd-b169-63a9d05431e5,2019-11-25 19:40:34+00:00,2019-11-25 19:40:34+00:00,1,['cart'],520997229,1,1,1,258.58,0.0,0,1,0,True,False,False,0,258.58,0.0,0,0,0,0,0.0,High Priority
5bc545c6-cbb7-41c2-8f3a-1b4f42de166f,2019-11-25 19:43:08+00:00,2019-11-25 19:43:08+00:00,1,['cart'],576713350,1,1,1,41.19,0.0,0,1,0,True,False,False,0,41.19,0.0,0,0,0,0,0.0,High Priority
5dbadd6d-824a-4615-aa0d-9667d928ccba,2019-11-25 19:49:48+00:00,2019-11-25 19:49:48+00:00,1,['cart'],515764944,1,1,1,88.8,0.0,0,1,0,True,False,False,0,88.8,0.0,0,0,0,0,0.0,High Priority
19a3fd87-331e-4ea2-a6da-2bf061f53ce0,2019-11-25 19:51:23+00:00,2019-11-25 19:51:23+00:00,1,['cart'],576721464,1,1,1,21.34,0.0,0,1,0,True,False,False,0,21.34,0.0,0,0,0,0,0.0,High Priority
9dcd42cd-e6aa-46ea-b245-be21fcae2c96,2019-11-25 20:07:30+00:00,2019-11-25 20:07:30+00:00,1,['cart'],536996398,1,1,1,258.54,0.0,0,1,0,True,False,False,0,258.54,0.0,0,0,0,0,0.0,High Priority
1dd69867-d72b-417d-a9cb-aef470eee192,2019-11-25 20:45:34+00:00,2019-11-25 20:45:34+00:00,1,['cart'],576744688,1,1,1,522.25,0.0,0,1,0,True,False,False,0,522.25,0.0,0,0,0,0,0.0,High Priority
34f06415-1570-49fb-8192-f754a1687e02,2019-11-25 20:55:16+00:00,2019-11-25 20:55:16+00:00,1,['cart'],543492112,1,1,1,50.97,0.0,0,1,0,True,False,False,0,50.97,0.0,0,0,0,0,0.0,High Priority
16091ea6-20b7-435b-840a-b9d1ac7c4c91,2019-11-25 21:09:21+00:00,2019-11-25 21:09:21+00:00,1,['cart'],515816185,1,1,0,57.38,0.0,0,1,0,True,False,False,0,57.38,0.0,0,0,0,0,0.0,High Priority
a3d186aa-10e2-411f-92af-73540ecceb53,2019-11-25 21:14:23+00:00,2019-11-25 21:23:15+00:00,2,"['cart', 'view']",575004089,2,1,2,1070.5,8.866666666666667,1,1,0,True,False,True,0,535.25,1.0,0,0,0,0,0.0,High Priority
271cbd0c-a2fb-d11a-311c-b786c63ebf63,2019-11-25 21:28:40+00:00,2019-11-25 21:28:40+00:00,1,['cart'],527329693,1,1,1,41.19,0.0,0,1,0,True,False,False,0,41.19,0.0,0,0,0,0,0.0,High Priority
ca56025b-f585-49fa-b94f-f4f5a0129551,2019-11-25 21:28:48+00:00,2019-11-25 21:28:48+00:00,1,['cart'],516830741,1,1,1,17.99,0.0,0,1,0,True,False,False,0,17.99,0.0,0,0,0,0,0.0,High Priority
7e2f9264-3dde-4f19-b631-ae17c09de4dd,2019-11-25 21:32:40+00:00,2019-11-25 21:32:40+00:00,1,['cart'],562530594,1,1,1,48.39,0.0,0,1,0,True,False,False,0,48.39,0.0,0,0,0,0,0.0,High Priority
c4a31c8e-0b00-49de-960d-756fc237c347,2019-11-25 21:48:42+00:00,2019-11-25 21:48:42+00:00,1,['cart'],562530594,1,1,1,95.32,0.0,0,1,0,True,False,False,0,95.32,0.0,0,1,1,1,0.0,High Priority
2a1bc7ec-3d0b-4772-9b10-f4cb00ba58d4,2019-11-25 22:08:23+00:00,2019-11-25 22:08:23+00:00,1,['cart'],569180302,1,1,1,916.34,0.0,0,1,0,True,False,False,0,916.34,0.0,0,0,0,0,0.0,High Priority
f2403dc4-35f9-4264-a9c5-1a4c65340b1c,2019-11-26 00:06:57+00:00,2019-11-26 00:06:57+00:00,1,['cart'],554476669,1,1,1,270.25,0.0,0,1,0,True,False,False,0,270.25,0.0,0,0,0,0,0.0,High Priority
12e047ed-a7bc-44e7-a7fa-1eb4b568d56a,2019-11-26 00:16:42+00:00,2019-11-26 00:17:42+00:00,2,"['cart', 'view']",553142468,1,1,1,2725.38,1.0,1,1,0,True,False,True,0,2725.38,1.0,0,0,0,0,0.02,High Priority
fc67d4f8-9896-4128-ad51-c3c07f967612,2019-11-26 01:06:00+00:00,2019-11-26 01:06:00+00:00,1,['cart'],541045002,1,1,1,218.54,0.0,0,1,0,True,False,False,0,218.54,0.0,0,0,0,0,0.0,High Priority
eaadc0d6-cc52-4c8c-9c2c-0b7d2d8b73c3,2019-11-26 01:31:59+00:00,2019-11-26 01:31:59+00:00,1,['cart'],529570230,1,1,1,291.38,0.0,0,1,0,True,False,False,0,291.38,0.0,0,0,0,0,0.01,High Priority
b0bd92f9-c2f5-49a0-bdde-aea9ce1187fa,2019-11-26 01:39:22+00:00,2019-11-26 01:39:22+00:00,1,['cart'],573790738,1,1,1,48.91,0.0,0,1,0,True,False,False,0,48.91,0.0,0,0,0,0,0.0,High Priority
052f6387-062d-4a89-9b5f-882e587b066c,2019-11-26 01:52:49+00:00,2019-11-26 01:52:49+00:00,1,['cart'],575820259,1,1,0,32.69,0.0,0,1,0,True,False,False,0,32.69,0.0,0,0,0,0,0.0,High Priority
63a46e55-37b8-4b4a-8bb5-df35ae43e29e,2019-11-26 02:03:12+00:00,2019-11-26 02:03:12+00:00,1,['cart'],556704230,1,1,1,198.14,0.0,0,1,0,True,False,False,0,198.14,0.0,0,0,0,0,0.0,High Priority
601d2baf-72e1-4004-b1c3-e9f53b69a396,2019-11-26 02:09:11+00:00,2019-11-26 02:09:11+00:00,1,['cart'],576820369,1,1,1,822.84,0.0,0,1,0,True,False,False,0,822.84,0.0,0,0,0,0,0.0,High Priority
8baa7d83-9389-4414-a940-c2a8e84716b2,2019-11-26 02:20:59+00:00,2019-11-26 02:20:59+00:00,1,['cart'],538420239,1,1,1,795.89,0.0,0,1,0,True,False,False,0,795.89,0.0,0,0,0,0,0.0,High Priority
288b2ee8-7998-4027-b955-4f5bd5449764,2019-11-26 02:26:35+00:00,2019-11-26 02:26:35+00:00,1,['cart'],551153851,1,1,1,8.98,0.0,0,1,0,True,False,False,0,8.98,0.0,0,0,0,0,0.0,High Priority
544b2377-a72a-4baa-b374-268304646fbe,2019-11-26 02:27:15+00:00,2019-11-26 02:27:15+00:00,1,['cart'],576821120,1,1,1,231.31,0.0,0,1,0,True,False,False,0,231.31,0.0,0,0,0,0,0.0,High Priority
36b59325-7d2b-488f-8e8a-7df0ae41296b,2019-11-26 02:33:04+00:00,2019-11-26 02:33:04+00:00,1,['cart'],538178864,1,1,1,32.14,0.0,0,1,0,True,False,False,0,32.14,0.0,0,0,0,0,0.0,High Priority
736e632d-41a3-45ef-b16a-d5131f42215d,2019-11-26 02:50:13+00:00,2019-11-26 02:50:13+00:00,1,['cart'],535866180,1,1,1,133.94,0.0,0,1,0,True,False,False,0,133.94,0.0,0,0,0,0,0.0,High Priority
7308bbca-2ec1-49d9-b7c6-bfa024623f24,2019-11-26 02:51:51+00:00,2019-11-26 02:51:51+00:00,1,['cart'],538937981,1,1,1,72.07,0.0,0,1,0,True,False,False,0,72.07,0.0,0,0,0,0,0.0,High Priority
2ddecbb4-dbbb-4f4c-8463-bed662758473,2019-11-26 02:54:00+00:00,2019-11-26 02:54:00+00:00,1,['cart'],572959602,1,1,1,126.1,0.0,0,1,0,True,False,False,0,126.1,0.0,0,0,0,0,0.0,High Priority
597161e1-89de-47c8-a278-11dd828d03ad,2019-11-26 02:55:40+00:00,2019-11-26 02:55:40+00:00,1,['cart'],571938066,1,1,1,244.28,0.0,0,1,0,True,False,False,0,244.28,0.0,0,0,0,0,0.0,High Priority
1d126184-7745-4cdf-88ce-3d8cea8cf50e,2019-11-26 03:01:25+00:00,2019-11-26 03:01:25+00:00,1,['cart'],576461205,1,1,1,337.98,0.0,0,1,0,True,False,False,0,337.98,0.0,0,0,0,0,0.0,High Priority
0479071e-ab40-4a77-a3c3-7f76e2baa78d,2019-11-26 03:06:32+00:00,2019-11-26 03:06:32+00:00,1,['cart'],522615651,1,1,1,82.63,0.0,0,1,0,True,False,False,0,82.63,0.0,0,0,0,0,0.0,High Priority
70d5a041-a00e-47ff-9fa9-c2f98bf395d8,2019-11-26 03:12:37+00:00,2019-11-26 03:12:37+00:00,1,['cart'],516357877,1,1,1,59.46,0.0,0,1,0,True,False,False,0,59.46,0.0,0,0,0,0,0.0,High Priority
ef5429d3-ec2d-4e03-a70a-67dd40ac1399,2019-11-26 03:14:51+00:00,2019-11-26 03:14:51+00:00,1,['cart'],515384420,1,1,1,1660.02,0.0,0,1,0,True,False,False,0,1660.02,0.0,0,0,0,0,0.0,High Priority
c6e6bf8b-44c3-4e35-99db-b9ec25225117,2019-11-26 03:24:54+00:00,2019-11-26 03:24:54+00:00,1,['cart'],521245875,1,1,1,28.06,0.0,0,1,0,True,False,False,0,28.06,0.0,0,0,0,0,0.0,High Priority
2d21ee40-6387-422a-b680-4ae59d9c138c,2019-11-26 03:29:08+00:00,2019-11-26 03:29:08+00:00,1,['cart'],564581404,1,1,1,168.97,0.0,0,1,0,True,False,False,0,168.97,0.0,0,0,0,0,0.0,High Priority
acee814a-31e3-4a4d-b397-a6cd646a6311,2019-11-26 03:31:56+00:00,2019-11-26 03:31:56+00:00,1,['cart'],512952472,1,1,1,33.72,0.0,0,1,0,True,False,False,0,33.72,0.0,0,0,0,0,0.0,High Priority
7e3d9134-2566-42b7-bdbe-f482e96a0115,2019-11-26 03:32:08+00:00,2019-11-26 03:32:08+00:00,1,['cart'],517730367,1,1,1,143.16,0.0,0,1,0,True,False,False,0,143.16,0.0,0,0,0,0,0.0,High Priority
e0a974dc-7763-4499-a8e5-8805b11c2066,2019-11-26 03:38:24+00:00,2019-11-26 03:38:24+00:00,1,['cart'],574291225,1,1,0,39.64,0.0,0,1,0,True,False,False,0,39.64,0.0,0,0,0,0,0.0,High Priority
769cf5aa-62e9-4145-ba21-95cabeab3c8e,2019-11-26 03:41:54+00:00,2019-11-26 03:41:54+00:00,1,['cart'],546188166,1,1,1,163.17,0.0,0,1,0,True,False,False,0,163.17,0.0,0,0,0,0,0.0,High Priority
98a94f71-f230-49fb-be9f-d64864ad3db6,2019-11-26 03:42:12+00:00,2019-11-26 03:42:12+00:00,1,['cart'],576842802,1,1,0,32.69,0.0,0,1,0,True,False,False,0,32.69,0.0,0,0,0,0,0.0,High Priority
3680452e-ecc7-4f6a-b495-fca1bbf1c030,2019-11-26 03:47:27+00:00,2019-11-26 03:47:27+00:00,1,['cart'],560049804,1,1,1,259.18,0.0,0,1,0,True,False,False,0,259.18,0.0,0,0,0,0,0.0,High Priority
b7aad11b-426c-4bbe-bebe-c7fbe91bd72e,2019-11-26 03:47:47+00:00,2019-11-26 03:47:47+00:00,1,['cart'],551790344,1,1,1,372.98,0.0,0,1,0,True,False,False,0,372.98,0.0,0,0,0,0,0.0,High Priority
34b9ac85-23c1-43f9-a9ad-f24b6030b2be,2019-11-26 03:47:56+00:00,2019-11-26 03:47:56+00:00,1,['cart'],575056033,1,1,0,7.77,0.0,0,1,0,True,False,False,0,7.77,0.0,0,1,1,1,0.0,High Priority
f22958ef-f9a1-4530-899a-fc206d473c7a,2019-11-26 03:54:35+00:00,2019-11-26 03:54:35+00:00,1,['cart'],513632776,1,1,1,162.81,0.0,0,1,0,True,False,False,0,162.81,0.0,0,0,0,0,0.0,High Priority
1f56e9a8-036f-4e55-8be0-ed119232caea,2019-11-26 03:57:44+00:00,2019-11-26 03:57:44+00:00,1,['cart'],556439296,1,1,1,56.63,0.0,0,1,0,True,False,False,0,56.63,0.0,0,0,0,0,0.0,High Priority
ac67637d-5e9f-4090-9513-0a16b6e6ef43,2019-11-26 04:01:52+00:00,2019-11-26 04:01:52+00:00,1,['cart'],526034257,1,1,1,12.23,0.0,0,1,0,True,False,False,0,12.23,0.0,0,0,0,0,0.0,High Priority
a3603190-2b03-48b3-a367-05094022f590,2019-11-26 04:02:05+00:00,2019-11-26 04:02:05+00:00,1,['cart'],563317015,1,1,1,80.83,0.0,0,1,0,True,False,False,0,80.83,0.0,0,0,0,0,0.0,High Priority
f999eb2e-5826-4ca1-a9c0-627713b1aaf2,2019-11-26 04:05:06+00:00,2019-11-26 04:05:06+00:00,1,['cart'],560879143,1,1,1,370.64,0.0,0,1,0,True,False,False,0,370.64,0.0,0,0,0,0,0.0,High Priority
d3a40400-17f2-4ad5-9676-b6ca7b68a323,2019-11-26 04:07:07+00:00,2019-11-26 04:07:07+00:00,1,['cart'],571030251,1,1,1,487.12,0.0,0,1,0,True,False,False,0,487.12,0.0,0,0,0,0,0.0,High Priority
a51f840a-1054-4b00-befa-f403049d45dd,2019-11-26 04:08:11+00:00,2019-11-26 04:08:11+00:00,1,['cart'],512649852,1,1,1,26.26,0.0,0,1,0,True,False,False,0,26.26,0.0,0,0,0,0,0.0,High Priority
cb991695-2143-464b-b7b3-9cfee7836871,2019-11-26 04:10:16+00:00,2019-11-26 04:10:16+00:00,1,['cart'],538417873,1,1,1,103.83,0.0,0,1,0,True,False,False,0,103.83,0.0,0,0,0,0,0.0,High Priority
51104081-824c-421e-b695-b3014992a779,2019-11-26 04:10:46+00:00,2019-11-26 04:10:46+00:00,1,['cart'],517695746,1,1,1,128.68,0.0,0,1,0,True,False,False,0,128.68,0.0,0,0,0,0,0.0,High Priority
5549e6cb-01db-4bc4-8115-e3cb67fa7063,2019-11-26 04:13:31+00:00,2019-11-26 04:13:31+00:00,1,['cart'],518684697,1,1,1,437.57,0.0,0,1,0,True,False,False,0,437.57,0.0,0,0,0,0,0.0,High Priority
8d7836af-3f62-460c-a678-4e6ed897dad3,2019-11-26 04:14:46+00:00,2019-11-26 04:14:46+00:00,1,['cart'],575748615,1,1,0,38.48,0.0,0,1,0,True,False,False,0,38.48,0.0,0,0,0,0,0.0,High Priority
c03fa7c9-cb24-4947-ae47-f048bc120786,2019-11-26 04:15:07+00:00,2019-11-26 04:15:07+00:00,1,['cart'],576852213,1,1,1,1029.34,0.0,0,1,0,True,False,False,0,1029.34,0.0,0,0,0,0,0.0,High Priority
645b7c1d-741c-4dcd-b364-36ba1dee0a00,2019-11-26 04:21:15+00:00,2019-11-26 04:29:12+00:00,2,"['cart', 'view']",521046899,2,1,1,177.87,7.95,1,1,0,True,False,True,0,88.935,1.0,0,0,0,0,0.0,High Priority
6259c9d4-d75b-4db3-b254-85d22f5dc748,2019-11-26 04:21:29+00:00,2019-11-26 04:22:07+00:00,2,"['cart', 'view']",569333823,1,1,1,339.76,0.6333333333333333,1,1,0,True,False,True,0,339.76,1.0,0,0,0,0,0.0,High Priority
118f4c1f-73ab-4bed-8580-4d10f384fc1f,2019-11-26 04:24:46+00:00,2019-11-26 04:24:46+00:00,1,['cart'],576425359,1,1,1,136.4,0.0,0,1,0,True,False,False,0,136.4,0.0,0,0,0,0,0.0,High Priority
e21f586e-dce8-46dc-ad10-f048ba207a89,2019-11-26 04:27:39+00:00,2019-11-26 04:27:39+00:00,1,['cart'],545045382,1,1,1,694.97,0.0,0,1,0,True,False,False,0,694.97,0.0,0,0,0,0,0.0,High Priority
f52fa1dd-7a4d-4b0a-b05c-52303009f0c9,2019-11-26 04:27:43+00:00,2019-11-26 04:27:43+00:00,1,['cart'],514098223,1,1,1,4.02,0.0,0,1,0,True,False,False,0,4.02,0.0,0,0,0,0,0.0,High Priority
5102b24a-2a99-48b4-a0b9-96afe8201fa3,2019-11-26 04:29:25+00:00,2019-11-26 04:29:25+00:00,1,['cart'],518491188,1,1,1,20.59,0.0,0,1,0,True,False,False,0,20.59,0.0,0,0,0,0,0.0,High Priority
c8e60fc2-0ba6-49c8-b204-b1793c0bbb68,2019-11-26 04:29:46+00:00,2019-11-26 04:29:46+00:00,1,['cart'],530657546,1,1,1,38.1,0.0,0,1,0,True,False,False,0,38.1,0.0,0,0,0,0,0.0,High Priority
00fc1872-7d58-4310-8647-f2362fe024b5,2019-11-26 04:36:38+00:00,2019-11-26 04:36:38+00:00,1,['cart'],530258785,1,1,1,37.35,0.0,0,1,0,True,False,False,0,37.35,0.0,0,0,0,0,0.0,High Priority
1688fa89-4863-401f-9346-77b1a08f55eb,2019-11-26 04:39:17+00:00,2019-11-26 04:39:17+00:00,1,['cart'],557716281,1,1,1,116.84,0.0,0,1,0,True,False,False,0,116.84,0.0,0,0,0,0,0.0,High Priority
435bbe1f-b2e5-42a3-9fd9-a57eecc485e4,2019-11-26 04:40:23+00:00,2019-11-26 04:40:23+00:00,1,['cart'],548805522,1,1,1,20.34,0.0,0,1,0,True,False,False,0,20.34,0.0,0,0,0,0,0.0,High Priority
26d0c4c0-5dd0-479d-8728-91c3699700ad,2019-11-26 04:40:36+00:00,2019-11-26 04:40:36+00:00,1,['cart'],576856565,1,1,1,36.04,0.0,0,1,0,True,False,False,0,36.04,0.0,0,0,0,0,0.0,High Priority
78a9f895-cecc-4b7d-b86f-6add74bfb3d0,2019-11-26 04:40:52+00:00,2019-11-26 04:40:52+00:00,1,['cart'],574917860,1,1,1,1543.81,0.0,0,1,0,True,False,False,0,1543.81,0.0,0,0,0,0,0.0,High Priority
289fdaf8-5ea9-4d34-9c0a-a2ca7e5ce73e,2019-11-26 04:41:14+00:00,2019-11-26 04:41:14+00:00,1,['cart'],518653323,1,1,1,41.19,0.0,0,1,0,True,False,False,0,41.19,0.0,0,0,0,0,0.0,High Priority
97add691-9289-40a6-88be-e51dde5c13af,2019-11-26 04:41:41+00:00,2019-11-26 04:41:41+00:00,1,['cart'],533503937,1,1,1,36.04,0.0,0,1,0,True,False,False,0,36.04,0.0,0,0,0,0,0.0,High Priority
5a6ea2cf-8079-46d5-84b9-a93e71e1ce28,2019-11-26 04:44:05+00:00,2019-11-26 04:44:05+00:00,1,['cart'],518658418,1,1,1,77.48,0.0,0,1,0,True,False,False,0,77.48,0.0,0,0,0,0,0.0,High Priority
d86f6161-e6ff-4272-a4bf-6e787f91698b,2019-11-26 04:44:32+00:00,2019-11-26 04:44:32+00:00,1,['cart'],552402921,1,1,1,1362.69,0.0,0,1,0,True,False,False,0,1362.69,0.0,0,0,0,0,0.0,High Priority
1d605986-9d5d-47d9-aa37-b02f6839e6f2,2019-11-26 04:44:54+00:00,2019-11-26 04:44:54+00:00,1,['cart'],513632155,1,1,1,88.29,0.0,0,1,0,True,False,False,0,88.29,0.0,0,0,0,0,0.0,High Priority
8ce1b7dc-1685-4db4-ace0-ed3b49890d8d,2019-11-26 04:46:17+00:00,2019-11-26 04:46:17+00:00,1,['cart'],574576509,1,1,1,42.73,0.0,0,1,0,True,False,False,0,42.73,0.0,0,0,0,0,0.0,High Priority
1a39bcb8-2d4d-4735-a72c-73318b1b9a77,2019-11-26 04:48:11+00:00,2019-11-26 04:48:11+00:00,1,['cart'],519435210,1,1,1,291.33,0.0,0,1,0,True,False,False,0,291.33,0.0,0,0,0,0,0.01,High Priority
a9aca462-cfd3-4742-8e30-9fb5e294a87d,2019-11-26 04:48:29+00:00,2019-11-26 04:48:29+00:00,1,['cart'],515405371,1,1,1,48.14,0.0,0,1,0,True,False,False,0,48.14,0.0,0,0,0,0,0.0,High Priority
a3fbec97-a83a-4c42-b345-9bba8a1b35f6,2019-11-26 04:49:13+00:00,2019-11-26 04:49:13+00:00,1,['cart'],533258386,1,1,1,532.83,0.0,0,1,0,True,False,False,0,532.83,0.0,0,0,0,0,0.0,High Priority
0703093b-b86b-4ebe-8d5a-b6435f9291b9,2019-11-26 04:51:53+00:00,2019-11-26 04:51:53+00:00,1,['cart'],545561722,1,1,1,348.8,0.0,0,1,0,True,False,False,0,348.8,0.0,0,0,0,0,0.0,High Priority
fd5f1fec-fef7-489f-a8a9-8ce50413ea39,2019-11-26 04:54:04+00:00,2019-11-26 04:54:04+00:00,1,['cart'],565827990,1,1,0,32.69,0.0,0,1,0,True,False,False,0,32.69,0.0,0,0,0,0,0.0,High Priority
d4111f3b-24a6-4e09-8084-7b26dfadc6be,2019-11-26 04:56:25+00:00,2019-11-26 04:56:25+00:00,1,['cart'],566304667,1,1,1,348.8,0.0,0,1,0,True,False,False,0,348.8,0.0,0,0,0,0,0.0,High Priority
32359926-82bb-4a61-9fe6-82c21dd93b2d,2019-11-26 04:57:09+00:00,2019-11-26 04:57:09+00:00,1,['cart'],540587555,1,1,1,308.63,0.0,0,1,0,True,False,False,0,308.63,0.0,0,0,0,0,0.0,High Priority
4cfbf0ff-2b10-44f3-bc0e-4f8183af3183,2019-11-26 04:58:38+00:00,2019-11-26 04:58:38+00:00,1,['cart'],576853404,1,1,1,133.83,0.0,0,1,0,True,False,False,0,133.83,0.0,0,0,0,0,0.0,High Priority
49fab613-7bfa-4e86-9cb9-a8d123bb1b61,2019-11-26 05:01:00+00:00,2019-11-26 05:01:00+00:00,1,['cart'],576397552,1,1,1,179.89,0.0,0,1,0,True,False,False,0,179.89,0.0,0,0,0,0,0.0,High Priority
21758e0c-e587-43e6-9eb5-90ad328672ae,2019-11-26 05:02:53+00:00,2019-11-26 05:02:53+00:00,1,['cart'],516190525,1,1,0,28.55,0.0,0,1,0,True,False,False,0,28.55,0.0,0,0,0,0,0.0,High Priority
8c47f858-d925-429a-a075-6798122a7c24,2019-11-26 05:02:57+00:00,2019-11-26 05:02:57+00:00,1,['cart'],557030260,1,1,0,30.76,0.0,0,1,0,True,False,False,0,30.76,0.0,0,0,0,0,0.0,High Priority
8ea56849-0669-4b21-94ed-d6957c568cd0,2019-11-26 05:03:20+00:00,2019-11-26 05:03:20+00:00,1,['cart'],514189719,1,1,1,437.57,0.0,0,1,0,True,False,False,0,437.57,0.0,0,1,1,1,0.0,High Priority
9c0d8070-0240-44be-b034-53eecb3436a4,2019-11-26 05:05:51+00:00,2019-11-26 05:05:51+00:00,1,['cart'],519114667,1,1,1,141.82,0.0,0,1,0,True,False,False,0,141.82,0.0,0,0,0,0,0.0,High Priority
2cb48a41-cc19-4453-b903-b9f3894edcec,2019-11-26 05:06:14+00:00,2019-11-26 05:06:14+00:00,1,['cart'],513198945,1,1,1,38.74,0.0,0,1,0,True,False,False,0,38.74,0.0,0,0,0,0,0.0,High Priority
fc67a224-4041-4c10-b0e4-5702706803ec,2019-11-26 05:06:38+00:00,2019-11-26 05:06:38+00:00,1,['cart'],540767709,1,1,1,424.21,0.0,0,1,0,True,False,False,0,424.21,0.0,0,0,0,0,0.0,High Priority
b9eb3d53-8bbd-4f7a-8280-438ff43c8e6d,2019-11-26 05:09:02+00:00,2019-11-26 05:09:02+00:00,1,['cart'],512833948,1,1,0,143.89,0.0,0,1,0,True,False,False,0,143.89,0.0,0,0,0,0,0.0,High Priority
4be2ef12-043f-4603-bab1-05da6f58207b,2019-11-26 05:13:16+00:00,2019-11-26 05:13:16+00:00,1,['cart'],568816288,1,1,1,58.95,0.0,0,1,0,True,False,False,0,58.95,0.0,0,0,0,0,0.0,High Priority
1543e1f6-68f6-4374-a07c-2e60197b1f12,2019-11-26 05:14:21+00:00,2019-11-26 05:14:21+00:00,1,['cart'],523954419,1,1,1,231.64,0.0,0,1,0,True,False,False,0,231.64,0.0,0,0,0,0,0.0,High Priority
9e32fd3f-a04c-4af3-b7d4-953f06c2e58f,2019-11-26 05:15:26+00:00,2019-11-26 05:15:26+00:00,1,['cart'],557906137,1,1,1,167.06,0.0,0,1,0,True,False,False,0,167.06,0.0,0,0,0,0,0.0,High Priority
405f1a5f-8934-485b-876f-3504a860029f,2019-11-26 05:15:52+00:00,2019-11-26 05:15:52+00:00,1,['cart'],570963347,1,1,1,197.33,0.0,0,1,0,True,False,False,0,197.33,0.0,0,0,0,0,0.0,High Priority
440d760a-54b1-4103-a535-7b6a06e77688,2019-11-26 05:17:15+00:00,2019-11-26 05:17:15+00:00,1,['cart'],519018070,1,1,1,109.91,0.0,0,1,0,True,False,False,0,109.91,0.0,0,0,0,0,0.0,High Priority
af3037de-bc01-4b2a-824d-6fe72d7d6cf4,2019-11-26 05:17:44+00:00,2019-11-26 05:17:44+00:00,1,['cart'],576872423,1,1,1,1362.69,0.0,0,1,0,True,False,False,0,1362.69,0.0,0,0,0,0,0.0,High Priority
244409ae-d013-4573-98d3-597f42aca90a,2019-11-26 05:21:16+00:00,2019-11-26 05:21:16+00:00,1,['cart'],563399423,1,1,1,126.05,0.0,0,1,0,True,False,False,0,126.05,0.0,0,0,0,0,0.0,High Priority
7ca375db-155d-428c-86e5-d6106f0ecd91,2019-11-26 05:21:55+00:00,2019-11-26 05:21:55+00:00,1,['cart'],548694565,1,1,1,52.23,0.0,0,1,0,True,False,False,0,52.23,0.0,0,2,2,2,0.0,High Priority
0edbc192-4fcf-8f62-8981-1d9b5356d3de,2019-11-26 05:23:56+00:00,2019-11-26 05:23:56+00:00,1,['cart'],548490669,1,1,1,107.16,0.0,0,1,0,True,False,False,0,107.16,0.0,0,0,0,0,0.0,High Priority
56cab984-9a02-4911-a4e5-6623f55c832b,2019-11-26 05:26:12+00:00,2019-11-26 05:26:12+00:00,1,['cart'],513791362,1,1,1,36.01,0.0,0,1,0,True,False,False,0,36.01,0.0,0,0,0,0,0.0,High Priority
41cf4ec0-fff6-4f7b-ad76-7d8bb126c899,2019-11-26 05:31:22+00:00,2019-11-26 05:31:22+00:00,1,['cart'],568781975,1,1,1,291.33,0.0,0,1,0,True,False,False,0,291.33,0.0,0,0,0,0,0.01,High Priority
e15a88a7-c83c-49d3-8aca-694f4188ec5b,2019-11-26 05:35:04+00:00,2019-11-26 05:35:04+00:00,1,['cart'],543679531,1,1,1,126.05,0.0,0,1,0,True,False,False,0,126.05,0.0,0,0,0,0,0.0,High Priority
ea4a989d-dec7-4480-8f6a-f907574bb5cc,2019-11-26 05:35:42+00:00,2019-11-26 05:35:42+00:00,1,['cart'],512533898,1,1,1,638.34,0.0,0,1,0,True,False,False,0,638.34,0.0,0,0,0,0,0.0,High Priority
cb3b469c-5698-4c39-a2b3-c139046ea427,2019-11-26 05:39:31+00:00,2019-11-26 05:39:31+00:00,1,['cart'],546954151,1,1,1,97.79,0.0,0,1,0,True,False,False,0,97.79,0.0,0,0,0,0,0.0,High Priority
b1352c24-6fe1-4ce1-a7b7-58295961cae6,2019-11-26 05:42:10+00:00,2019-11-26 05:42:10+00:00,1,['cart'],547040958,1,1,1,133.83,0.0,0,1,0,True,False,False,0,133.83,0.0,0,0,0,0,0.0,High Priority
3d02c252-944a-442b-a1a2-76b5910c8e45,2019-11-26 05:43:24+00:00,2019-11-26 05:43:24+00:00,1,['cart'],560163053,1,1,1,126.05,0.0,0,1,0,True,False,False,0,126.05,0.0,0,0,0,0,0.0,High Priority
65dbd0d8-d441-42b2-94c2-93bd1dec59c7,2019-11-26 05:46:28+00:00,2019-11-26 05:46:28+00:00,1,['cart'],567307441,1,1,1,33.44,0.0,0,1,0,True,False,False,0,33.44,0.0,0,0,0,0,0.0,High Priority
eb5e7b41-2547-4b5b-9562-3d9c44a81ce8,2019-11-26 05:48:34+00:00,2019-11-26 05:48:34+00:00,1,['cart'],576882912,1,1,1,253.29,0.0,0,1,0,True,False,False,0,253.29,0.0,0,0,0,0,0.0,High Priority
a337fc65-2c58-4977-818c-0870b8ce5ca6,2019-11-26 05:48:46+00:00,2019-11-26 05:49:10+00:00,2,"['cart', 'view']",512620535,1,1,0,73.06,0.4,1,1,0,True,False,True,0,73.06,1.0,0,0,0,0,0.0,High Priority
868ab228-4a28-4c2b-be9c-1ab23fd77493,2019-11-26 05:49:38+00:00,2019-11-26 05:49:38+00:00,1,['cart'],514413151,1,1,1,42.99,0.0,0,1,0,True,False,False,0,42.99,0.0,0,0,0,0,0.0,High Priority
b4d8b793-ea7f-4d25-92a7-70188ff1fc10,2019-11-26 05:54:05+00:00,2019-11-26 05:54:05+00:00,1,['cart'],560207089,1,1,1,187.56,0.0,0,1,0,True,False,False,0,187.56,0.0,0,0,0,0,0.0,High Priority
ade8bf93-f16b-4a73-8869-49d108846d2f,2019-11-26 05:54:45+00:00,2019-11-26 05:54:45+00:00,1,['cart'],539575906,1,1,1,33.21,0.0,0,1,0,True,False,False,0,33.21,0.0,0,0,0,0,0.0,High Priority
c724e375-1dbb-44d1-b62c-31b231ada2a4,2019-11-26 05:58:14+00:00,2019-11-26 05:58:14+00:00,1,['cart'],512432178,1,1,1,38.1,0.0,0,1,0,True,False,False,0,38.1,0.0,0,0,0,0,0.0,High Priority
d4a47d9a-e5aa-4ec5-ad4c-a7a66abed484,2019-11-26 06:00:53+00:00,2019-11-26 06:00:53+00:00,1,['cart'],543219779,1,1,1,23.16,0.0,0,1,0,True,False,False,0,23.16,0.0,0,1,1,1,0.0,High Priority
b7b1a716-f9c9-4d03-bed9-4a3c1e8b72c9,2019-11-26 06:02:33+00:00,2019-11-26 06:02:33+00:00,1,['cart'],574014656,1,1,1,20.57,0.0,0,1,0,True,False,False,0,20.57,0.0,0,0,0,0,0.0,High Priority
31889da0-1d2b-4a89-89bb-9113eeb26ac3,2019-11-26 06:04:06+00:00,2019-11-26 06:07:29+00:00,2,"['cart', 'view']",514314237,2,1,2,486.02,3.3833333333333333,1,1,0,True,False,True,0,243.01,1.0,0,0,0,0,0.0,High Priority
58514c62-b7ae-42fd-99d1-3257b0e5aa72,2019-11-26 06:04:57+00:00,2019-11-26 06:04:57+00:00,1,['cart'],569906894,1,1,1,106.82,0.0,0,1,0,True,False,False,0,106.82,0.0,0,0,0,0,0.0,High Priority
84e32214-110c-4d3c-81bd-0a3e601060f4,2019-11-26 06:05:28+00:00,2019-11-26 06:05:28+00:00,1,['cart'],512409624,1,1,1,818.53,0.0,0,1,0,True,False,False,0,818.53,0.0,0,0,0,0,0.0,High Priority
fdd554a0-61c8-40bf-a605-a624d033b2ce,2019-11-26 06:11:12+00:00,2019-11-26 06:11:12+00:00,1,['cart'],522331485,1,1,1,1003.58,0.0,0,1,0,True,False,False,0,1003.58,0.0,0,0,0,0,0.0,High Priority
9c4d8cab-0b5f-4d55-b8d0-fb006f4becad,2019-11-26 06:12:12+00:00,2019-11-26 06:12:12+00:00,1,['cart'],576892667,1,1,1,384.53,0.0,0,1,0,True,False,False,0,384.53,0.0,0,0,0,0,0.0,High Priority
43adb050-2fb8-4cb2-9965-22a0b579f0f6,2019-11-26 06:12:27+00:00,2019-11-26 06:12:27+00:00,1,['cart'],547005506,1,1,1,82.63,0.0,0,1,0,True,False,False,0,82.63,0.0,0,0,0,0,0.0,High Priority
1ee071d5-ade9-4593-9440-3d7e60bdc118,2019-11-26 06:17:55+00:00,2019-11-26 06:17:55+00:00,1,['cart'],517097934,1,1,1,315.56,0.0,0,1,0,True,False,False,0,315.56,0.0,0,0,0,0,0.0,High Priority
73aa25c4-f894-4574-a51f-aa474b41fc85,2019-11-26 06:19:10+00:00,2019-11-26 06:22:15+00:00,2,"['cart', 'view']",576884512,1,1,0,201.88,3.083333333333333,1,1,0,True,False,True,0,201.88,1.0,0,0,0,0,0.0,High Priority
b0b071f5-32c9-46f3-afb9-5208be156473,2019-11-26 06:20:52+00:00,2019-11-26 06:20:52+00:00,1,['cart'],559004340,1,1,1,256.87,0.0,0,1,0,True,False,False,0,256.87,0.0,0,0,0,0,0.0,High Priority
faa1b860-d582-4517-9dd7-0e7a65aa74f8,2019-11-26 06:20:58+00:00,2019-11-26 06:20:58+00:00,1,['cart'],519499988,1,1,1,35.75,0.0,0,1,0,True,False,False,0,35.75,0.0,0,0,0,0,0.0,High Priority
552701cf-0aa3-4b2f-92ca-1372d1e9dd81,2019-11-26 06:21:46+00:00,2019-11-26 06:21:46+00:00,1,['cart'],525161498,1,1,1,951.63,0.0,0,1,0,True,False,False,0,951.63,0.0,0,0,0,0,0.0,High Priority
7d595496-dafd-c9ce-fe35-a6290c0da735,2019-11-26 06:25:07+00:00,2019-11-26 06:25:07+00:00,1,['cart'],516090200,1,1,1,162.81,0.0,0,1,0,True,False,False,0,162.81,0.0,0,0,0,0,0.0,High Priority
b369c1a8-9310-403d-9b24-1b762df84b6c,2019-11-26 06:25:27+00:00,2019-11-26 06:26:39+00:00,2,"['cart', 'view']",512526758,2,1,2,66.41,1.2,1,1,0,True,False,True,0,33.205,1.0,0,0,0,0,0.0,High Priority
2f5c0e94-f91d-45b3-97cc-17e6b3ffcaf5,2019-11-26 06:25:43+00:00,2019-11-26 06:25:43+00:00,1,['cart'],526574451,1,1,1,66.41,0.0,0,1,0,True,False,False,0,66.41,0.0,0,0,0,0,0.0,High Priority
7b9d2337-b398-4f81-9c88-b309d848b53d,2019-11-26 06:27:01+00:00,2019-11-26 06:27:01+00:00,1,['cart'],535187294,1,1,0,39.64,0.0,0,1,0,True,False,False,0,39.64,0.0,0,0,0,0,0.0,High Priority
08dd88b1-079e-408b-a7d8-7ff92c18c0fe,2019-11-26 06:28:10+00:00,2019-11-26 06:28:10+00:00,1,['cart'],565494060,1,1,1,40.93,0.0,0,1,0,True,False,False,0,40.93,0.0,0,0,0,0,0.0,High Priority
c7956065-843d-402a-9ffc-b92a147bed40,2019-11-26 06:28:50+00:00,2019-11-26 06:28:50+00:00,1,['cart'],532439805,1,1,1,21.08,0.0,0,1,0,True,False,False,0,21.08,0.0,0,0,0,0,0.0,High Priority
65259e22-ed24-40cc-927e-023e20210655,2019-11-26 06:29:26+00:00,2019-11-26 06:31:07+00:00,2,"['cart', 'view']",536990503,1,1,0,308.84,1.6833333333333331,1,1,0,True,False,True,0,308.84,1.0,0,0,0,0,0.01,High Priority
a2a3fd32-0e56-420a-8c28-27f88372817d,2019-11-26 06:29:38+00:00,2019-11-26 06:29:38+00:00,1,['cart'],557231307,1,1,1,298.59,0.0,0,1,0,True,False,False,0,298.59,0.0,0,0,0,0,0.0,High Priority
c2b1cb3a-b32b-42fd-906f-da5e6354b48a,2019-11-26 06:30:59+00:00,2019-11-26 06:31:12+00:00,2,"['cart', 'view']",514012756,2,1,0,13.53,0.2166666666666666,1,1,0,True,False,True,0,6.765,1.0,0,0,0,0,0.0,High Priority
7fddcd0b-0f48-4322-9b2b-82486949146e,2019-11-26 06:32:00+00:00,2019-11-26 06:32:00+00:00,1,['cart'],554399731,1,1,1,173.7,0.0,0,1,0,True,False,False,0,173.7,0.0,0,0,0,0,0.0,High Priority
e6cf7486-fb08-4ff9-9f9a-c87ddc074fbe,2019-11-26 06:35:47+00:00,2019-11-26 06:35:47+00:00,1,['cart'],513309629,1,1,1,124.96,0.0,0,1,0,True,False,False,0,124.96,0.0,0,0,0,0,0.0,High Priority
cc7306f4-31d0-48e8-9a57-9a53adb8b151,2019-11-26 06:39:18+00:00,2019-11-26 06:39:18+00:00,1,['cart'],576874515,1,1,1,487.12,0.0,0,1,0,True,False,False,0,487.12,0.0,0,0,0,0,0.0,High Priority
86f9fb1e-8400-4a02-bf6f-a555b5db8294,2019-11-26 06:39:22+00:00,2019-11-26 06:39:22+00:00,1,['cart'],576903979,1,1,1,126.05,0.0,0,1,0,True,False,False,0,126.05,0.0,0,0,0,0,0.0,High Priority
2e5cd8ba-a66e-4842-b89c-ae52afe7de74,2019-11-26 06:40:40+00:00,2019-11-26 06:40:40+00:00,1,['cart'],576905680,1,1,1,1003.6,0.0,0,1,0,True,False,False,0,1003.6,0.0,0,0,0,0,0.0,High Priority
efb88262-3247-4fef-b7c1-19d53c92d28c,2019-11-26 06:42:36+00:00,2019-11-26 06:42:36+00:00,1,['cart'],557576556,1,1,1,169.89,0.0,0,1,0,True,False,False,0,169.89,0.0,0,0,0,0,0.0,High Priority
fb3420a0-0582-47b1-a6fc-53f5053edff2,2019-11-26 06:44:03+00:00,2019-11-26 06:44:03+00:00,1,['cart'],530117980,1,1,0,24.42,0.0,0,1,0,True,False,False,0,24.42,0.0,0,0,0,0,0.0,High Priority
0ed1a4cb-7a00-4d39-8da0-4bc8506dd79b,2019-11-26 06:45:24+00:00,2019-11-26 06:45:24+00:00,1,['cart'],569211400,1,1,1,162.81,0.0,0,1,0,True,False,False,0,162.81,0.0,0,0,0,0,0.0,High Priority
befaadec-1296-44a3-89ba-d4d521d2eb7f,2019-11-26 06:46:16+00:00,2019-11-26 06:46:16+00:00,1,['cart'],552334658,1,1,1,253.29,0.0,0,1,0,True,False,False,0,253.29,0.0,0,0,0,0,0.0,High Priority
b14aea85-3531-4f81-a808-65bc5950fa72,2019-11-26 06:49:06+00:00,2019-11-26 06:49:06+00:00,1,['cart'],555899899,1,1,1,334.63,0.0,0,1,0,True,False,False,0,334.63,0.0,0,0,0,0,0.0,High Priority
7da30198-6a3c-4c4f-bf0f-f203080862a1,2019-11-26 06:51:20+00:00,2019-11-26 06:51:20+00:00,1,['cart'],513210314,1,1,1,105.51,0.0,0,1,0,True,False,False,0,105.51,0.0,0,0,0,0,0.0,High Priority
9db59848-daa7-4af5-9b6e-a95802a43deb,2019-11-26 06:52:06+00:00,2019-11-26 06:52:06+00:00,1,['cart'],553054675,1,1,1,229.71,0.0,0,1,0,True,False,False,0,229.71,0.0,0,0,0,0,0.0,High Priority
3d9ce7ad-6c3c-4329-9da3-cbde2cc7a566,2019-11-26 06:52:50+00:00,2019-11-26 06:52:50+00:00,1,['cart'],512441041,1,1,1,66.56,0.0,0,1,0,True,False,False,0,66.56,0.0,0,0,0,0,0.0,High Priority
3682141b-fa1c-4125-904c-0bac94ed99fa,2019-11-26 06:58:11+00:00,2019-11-26 06:58:11+00:00,1,['cart'],546981844,1,1,1,66.36,0.0,0,1,0,True,False,False,0,66.36,0.0,0,0,0,0,0.0,High Priority
9ea2b658-1ff1-4577-b06e-3b5a18e052f9,2019-11-26 06:58:14+00:00,2019-11-26 06:58:14+00:00,1,['cart'],514526984,1,1,1,916.34,0.0,0,1,0,True,False,False,0,916.34,0.0,0,0,0,0,0.0,High Priority
0e6df914-8e1f-46f2-a862-e6b7bc318405,2019-11-26 07:02:07+00:00,2019-11-26 07:02:07+00:00,1,['cart'],533832128,1,1,1,254.61,0.0,0,1,0,True,False,False,0,254.61,0.0,0,0,0,0,0.0,High Priority
7fdb925b-4d36-4f0c-9fbf-23d7dd3fcfcb,2019-11-26 07:04:13+00:00,2019-11-26 07:04:13+00:00,1,['cart'],530052230,1,1,1,23.17,0.0,0,1,0,True,False,False,0,23.17,0.0,0,0,0,0,0.0,High Priority
d9ad8e93-621d-4adb-9e40-4a8521dcf76d,2019-11-26 07:06:40+00:00,2019-11-26 07:06:40+00:00,1,['cart'],545507953,1,1,1,43.5,0.0,0,1,0,True,False,False,0,43.5,0.0,0,0,0,0,0.0,High Priority
1f0bcad8-80ff-4cec-84d7-98f746a85b1a,2019-11-26 07:06:43+00:00,2019-11-26 07:06:43+00:00,1,['cart'],520669216,1,1,1,180.16,0.0,0,1,0,True,False,False,0,180.16,0.0,0,0,0,0,0.0,High Priority
54f535f5-c1ab-482b-b214-9c19a461bb9c,2019-11-26 07:07:13+00:00,2019-11-26 07:07:13+00:00,1,['cart'],558037869,1,1,1,146.46,0.0,0,1,0,True,False,False,0,146.46,0.0,0,0,0,0,0.0,High Priority
72b2866b-f6a2-4a6c-8efa-e0f0d25cbe4b,2019-11-26 07:08:21+00:00,2019-11-26 07:08:28+00:00,2,"['cart', 'view']",576917939,1,1,1,123.5,0.1166666666666666,1,1,0,True,False,True,0,123.5,1.0,0,0,0,0,0.03,High Priority
71411c68-e233-42a4-9003-6d0798597c24,2019-11-26 07:08:25+00:00,2019-11-26 07:08:25+00:00,1,['cart'],576914121,1,1,1,179.89,0.0,0,1,0,True,False,False,0,179.89,0.0,0,0,0,0,0.0,High Priority
06893c9a-95a3-4f67-b0be-7670d8b1320d,2019-11-26 07:08:54+00:00,2019-11-26 07:08:54+00:00,1,['cart'],544649873,1,1,1,15.47,0.0,0,1,0,True,False,False,0,15.47,0.0,0,0,0,0,0.0,High Priority
ece36b46-2be1-4831-9ad5-aef3c66a436b,2019-11-26 07:09:39+00:00,2019-11-26 07:09:39+00:00,1,['cart'],521203302,1,1,1,28.29,0.0,0,1,0,True,False,False,0,28.29,0.0,0,0,0,0,0.0,High Priority
4c109347-24fe-490f-a14c-83d8ad9f035c,2019-11-26 07:12:31+00:00,2019-11-26 07:12:31+00:00,1,['cart'],548398935,1,1,1,411.59,0.0,0,1,0,True,False,False,0,411.59,0.0,0,0,0,0,0.0,High Priority
86eff531-f0b1-41de-89ff-b52be16072f7,2019-11-26 07:15:14+00:00,2019-11-26 07:15:14+00:00,1,['cart'],530686039,1,1,1,126.05,0.0,0,1,0,True,False,False,0,126.05,0.0,0,0,0,0,0.0,High Priority
027d76f3-a4dd-4234-96b3-88b045a7404f,2019-11-26 07:16:22+00:00,2019-11-26 07:16:22+00:00,1,['cart'],576918335,1,1,1,51.22,0.0,0,1,0,True,False,False,0,51.22,0.0,0,0,0,0,0.0,High Priority
cacd1b16-d02d-412b-b936-61b8901d1e2c,2019-11-26 07:16:57+00:00,2019-11-26 07:16:57+00:00,1,['cart'],512420136,1,1,1,40.49,0.0,0,1,0,True,False,False,0,40.49,0.0,0,0,0,0,0.0,High Priority
e9c84c54-32f8-49e2-b566-5cbf6783a8b2,2019-11-26 07:17:23+00:00,2019-11-26 07:17:23+00:00,1,['cart'],513424439,1,1,0,116.35,0.0,0,1,0,True,False,False,0,116.35,0.0,0,0,0,0,0.0,High Priority
72324d62-3715-41e3-b921-7d9d5888b355,2019-11-26 07:17:29+00:00,2019-11-26 07:17:29+00:00,1,['cart'],576921695,1,1,1,951.84,0.0,0,1,0,True,False,False,0,951.84,0.0,0,0,0,0,0.0,High Priority
9a73a014-b537-4189-944b-0341d8cef8eb,2019-11-26 07:17:35+00:00,2019-11-26 07:17:35+00:00,1,['cart'],545633620,1,1,1,25.48,0.0,0,1,0,True,False,False,0,25.48,0.0,0,0,0,0,0.0,High Priority
effb1707-9af2-49f2-9689-d97a02f9f902,2019-11-26 07:17:50+00:00,2019-11-26 07:17:50+00:00,1,['cart'],563397559,1,1,1,48.88,0.0,0,1,0,True,False,False,0,48.88,0.0,0,0,0,0,0.0,High Priority
9c8f8a9b-1218-454d-a6f6-bab00578a9c9,2019-11-26 07:19:06+00:00,2019-11-26 07:19:06+00:00,1,['cart'],549388476,1,1,1,56.6,0.0,0,1,0,True,False,False,0,56.6,0.0,0,0,0,0,0.0,High Priority
0030b54d-ce0f-419a-a3f5-4d800b345657,2019-11-26 07:20:55+00:00,2019-11-26 07:20:55+00:00,1,['cart'],571477688,1,1,1,133.83,0.0,0,1,0,True,False,False,0,133.83,0.0,0,0,0,0,0.0,High Priority
5c59b792-7ec8-4294-9d61-f6fdc696f227,2019-11-26 07:23:21+00:00,2019-11-26 07:23:21+00:00,1,['cart'],562333474,1,1,0,192.63,0.0,0,1,0,True,False,False,0,192.63,0.0,0,0,0,0,0.0,High Priority
4a33f5cb-5acd-4ee3-b7d0-90315cb58cdb,2019-11-26 07:24:42+00:00,2019-11-26 07:24:42+00:00,1,['cart'],529433403,1,1,1,162.81,0.0,0,1,0,True,False,False,0,162.81,0.0,0,1,1,1,0.0,High Priority
fa57f71c-78f7-4730-baa8-ff6ba5582ca0,2019-11-26 07:31:04+00:00,2019-11-26 07:31:04+00:00,1,['cart'],514010421,1,1,1,74.62,0.0,0,1,0,True,False,False,0,74.62,0.0,0,0,0,0,0.0,High Priority
e4804c7c-2ae9-4ab0-b352-ccb89cee2ea1,2019-11-26 07:31:25+00:00,2019-11-26 07:31:25+00:00,1,['cart'],524394050,1,1,1,222.4,0.0,0,1,0,True,False,False,0,222.4,0.0,0,0,0,0,0.0,High Priority
699fe2ad-a9d3-4059-bebb-20c6d78bd212,2019-11-26 07:33:23+00:00,2019-11-26 07:33:23+00:00,1,['cart'],571784360,1,1,1,175.11,0.0,0,1,0,True,False,False,0,175.11,0.0,0,0,0,0,0.0,High Priority
22ef38cd-efc1-4422-965b-2e0d78950908,2019-11-26 07:38:24+00:00,2019-11-26 07:38:24+00:00,1,['cart'],521353043,1,1,1,106.68,0.0,0,1,0,True,False,False,0,106.68,0.0,0,0,0,0,0.0,High Priority
7eeb2d21-bc53-431c-ad2b-128dc051e96e,2019-11-26 07:41:22+00:00,2019-11-26 07:41:22+00:00,1,['cart'],522833391,1,1,1,56.37,0.0,0,1,0,True,False,False,0,56.37,0.0,0,0,0,0,0.0,High Priority
fc3d4c2c-4c07-4178-81ca-5dbc8800bf1c,2019-11-26 07:45:10+00:00,2019-11-26 07:45:10+00:00,1,['cart'],523060298,1,1,1,197.34,0.0,0,1,0,True,False,False,0,197.34,0.0,0,0,0,0,0.0,High Priority
424a03a9-e1d2-4f1e-b603-6ddc8d8035c3,2019-11-26 07:46:47+00:00,2019-11-26 07:46:47+00:00,1,['cart'],576480587,1,1,1,88.76,0.0,0,1,0,True,False,False,0,88.76,0.0,0,0,0,0,0.0,High Priority
474db9c7-c895-432d-807a-31da5a77ffa3,2019-11-26 07:48:14+00:00,2019-11-26 08:09:17+00:00,2,"['cart', 'view']",554429462,2,2,2,149.25,21.05,1,1,0,True,False,True,0,74.625,1.0,0,0,0,0,0.0,High Priority
77c3e7d5-5aa0-4be0-a0dc-ae81a7610fe1,2019-11-26 07:50:04+00:00,2019-11-26 07:50:04+00:00,1,['cart'],569552951,1,1,1,246.96,0.0,0,1,0,True,False,False,0,246.96,0.0,0,0,0,0,0.0,High Priority
f292951f-2e03-47dc-9c7f-b9a0bb7df737,2019-11-26 07:51:08+00:00,2019-11-26 07:51:08+00:00,1,['cart'],545845477,1,1,1,30.12,0.0,0,1,0,True,False,False,0,30.12,0.0,0,0,0,0,0.0,High Priority
276a51ee-1e72-4125-879b-db526bcdee6b,2019-11-26 07:52:11+00:00,2019-11-26 07:52:11+00:00,1,['cart'],576935981,1,1,1,291.33,0.0,0,1,0,True,False,False,0,291.33,0.0,0,0,0,0,0.01,High Priority
ff30bc0b-a8e1-4c21-a634-ff05fc5a0af2,2019-11-26 07:52:39+00:00,2019-11-26 07:52:39+00:00,1,['cart'],518633496,1,1,1,126.05,0.0,0,1,0,True,False,False,0,126.05,0.0,0,0,0,0,0.0,High Priority
a4066b1a-de53-487a-8108-03053da7d50a,2019-11-26 07:55:06+00:00,2019-11-26 07:55:06+00:00,1,['cart'],513490928,1,1,1,246.39,0.0,0,1,0,True,False,False,0,246.39,0.0,0,0,0,0,0.0,High Priority
5ad08360-8e1c-4acd-a01c-b14bca44d685,2019-11-26 07:56:33+00:00,2019-11-26 07:56:33+00:00,1,['cart'],519544312,1,1,1,959.73,0.0,0,1,0,True,False,False,0,959.73,0.0,0,0,0,0,0.0,High Priority
39ac39ac-bcd7-44f0-8686-2b8dec98094b,2019-11-26 08:01:36+00:00,2019-11-26 08:01:36+00:00,1,['cart'],559357877,1,1,1,168.69,0.0,0,1,0,True,False,False,0,168.69,0.0,0,0,0,0,0.0,High Priority
01ecd85a-3d70-4447-9131-c3f68e099f83,2019-11-26 08:02:09+00:00,2019-11-26 08:02:09+00:00,1,['cart'],576879547,1,1,1,143.07,0.0,0,1,0,True,False,False,0,143.07,0.0,0,0,0,0,0.0,High Priority
baf9f4f5-87b5-467b-88c1-4f2252021c76,2019-11-26 08:02:17+00:00,2019-11-26 08:02:17+00:00,1,['cart'],573639755,1,1,1,22.91,0.0,0,1,0,True,False,False,0,22.91,0.0,0,0,0,0,0.0,High Priority
44a1f2f4-089b-4d17-9425-c13cbe7e2e4c,2019-11-26 08:06:34+00:00,2019-11-26 08:06:34+00:00,1,['cart'],512618193,1,1,1,38.1,0.0,0,1,0,True,False,False,0,38.1,0.0,0,0,0,0,0.0,High Priority
4113e306-ccfd-4be8-b878-c36ad2899f66,2019-11-26 08:06:54+00:00,2019-11-26 08:06:54+00:00,1,['cart'],529616813,1,1,1,270.79,0.0,0,1,0,True,False,False,0,270.79,0.0,0,0,0,0,0.0,High Priority
778ade8a-8a7d-4f66-860b-bf87d3915647,2019-11-26 08:11:29+00:00,2019-11-26 08:11:29+00:00,1,['cart'],519281889,1,1,1,41.96,0.0,0,1,0,True,False,False,0,41.96,0.0,0,0,0,0,0.0,High Priority
b4d85747-f304-49ca-8c0a-c8db192a467d,2019-11-26 08:11:46+00:00,2019-11-26 08:11:46+00:00,1,['cart'],571477688,1,1,1,104.25,0.0,0,1,0,True,False,False,0,104.25,0.0,0,1,1,1,0.0,High Priority
2e3c1076-e456-4759-99be-0a8f9af13d78,2019-11-26 08:11:51+00:00,2019-11-26 08:11:51+00:00,1,['cart'],478471503,1,1,1,22.78,0.0,0,1,0,True,False,False,0,22.78,0.0,0,0,0,0,0.0,High Priority
0dc6c569-effe-4af8-977d-853df7415282,2019-11-26 08:22:16+00:00,2019-11-26 08:22:16+00:00,1,['cart'],520752146,1,1,1,127.4,0.0,0,1,0,True,False,False,0,127.4,0.0,0,0,0,0,0.0,High Priority
4de3220a-2f95-4079-8bf9-46fb7f7e5401,2019-11-26 08:23:23+00:00,2019-11-26 08:23:23+00:00,1,['cart'],517248433,1,1,1,229.71,0.0,0,1,0,True,False,False,0,229.71,0.0,0,0,0,0,0.0,High Priority
49beb32e-286f-466e-ab86-4c0a58b28e0a,2019-11-26 08:23:34+00:00,2019-11-26 08:23:34+00:00,1,['cart'],521251742,1,1,0,32.69,0.0,0,1,0,True,False,False,0,32.69,0.0,0,0,0,0,0.0,High Priority
84d953a7-29b1-45a6-a6e1-d3a71ddd1636,2019-11-26 08:24:09+00:00,2019-11-26 08:24:09+00:00,1,['cart'],521703603,1,1,1,334.63,0.0,0,1,0,True,False,False,0,334.63,0.0,0,0,0,0,0.0,High Priority
d3806a6a-6116-4328-980b-19f0840994cd,2019-11-26 08:24:14+00:00,2019-11-26 08:24:14+00:00,1,['cart'],530153776,1,1,1,164.86,0.0,0,1,0,True,False,False,0,164.86,0.0,0,0,0,0,0.0,High Priority
790b7aca-5b26-44b4-98cc-319b83ee5cb4,2019-11-26 08:24:50+00:00,2019-11-26 08:24:50+00:00,1,['cart'],574727937,1,1,1,1150.58,0.0,0,1,0,True,False,False,0,1150.58,0.0,0,0,0,0,0.0,High Priority
fec5eb45-1b43-445c-a4ee-3b9e766212c8,2019-11-26 08:27:37+00:00,2019-11-26 08:27:37+00:00,1,['cart'],523841802,1,1,1,916.33,0.0,0,1,0,True,False,False,0,916.33,0.0,0,0,0,0,0.0,High Priority
5e076411-6a4e-48d4-bb45-522617ea12de,2019-11-26 08:28:04+00:00,2019-11-26 08:28:04+00:00,1,['cart'],521425010,1,1,1,198.0,0.0,0,1,0,True,False,False,0,198.0,0.0,0,0,0,0,0.0,High Priority
f485dc83-e037-4310-aaf3-101e6aeeea62,2019-11-26 08:29:04+00:00,2019-11-26 08:29:04+00:00,1,['cart'],555184024,1,1,1,348.8,0.0,0,1,0,True,False,False,0,348.8,0.0,0,0,0,0,0.0,High Priority
dcf9ad12-fd30-473d-8161-5e4fe65d958a,2019-11-26 08:29:05+00:00,2019-11-26 08:29:05+00:00,1,['cart'],518658057,1,1,1,1362.69,0.0,0,1,0,True,False,False,0,1362.69,0.0,0,0,0,0,0.0,High Priority
11b8714f-f979-4b45-8da0-5c60ec403559,2019-11-26 08:31:11+00:00,2019-11-26 08:31:11+00:00,1,['cart'],576950355,1,1,1,87.18,0.0,0,1,0,True,False,False,0,87.18,0.0,0,0,0,0,0.0,High Priority
2437076d-f284-4318-8660-6c24b1c7c8c6,2019-11-26 08:31:27+00:00,2019-11-26 08:31:27+00:00,1,['cart'],565678771,1,1,1,97.51,0.0,0,1,0,True,False,False,0,97.51,0.0,0,0,0,0,0.0,High Priority
527e4fe1-7289-4288-b57a-45290e8e5ab5,2019-11-26 08:31:55+00:00,2019-11-26 08:31:55+00:00,1,['cart'],512703927,1,1,1,93.75,0.0,0,1,0,True,False,False,0,93.75,0.0,0,0,0,0,0.0,High Priority
dbdbc334-9cf1-49e3-ae63-8dd96945b52b,2019-11-26 08:34:29+00:00,2019-11-26 08:34:29+00:00,1,['cart'],519173407,1,1,1,281.1,0.0,0,1,0,True,False,False,0,281.1,0.0,0,0,0,0,0.0,High Priority
ec478005-be7b-4550-82c9-bcff6658d889,2019-11-26 08:35:42+00:00,2019-11-26 08:35:42+00:00,1,['cart'],525555944,1,1,1,45.7,0.0,0,1,0,True,False,False,0,45.7,0.0,0,0,0,0,0.0,High Priority
191195fb-c58a-4dcb-9329-ed24983d1a4d,2019-11-26 08:39:11+00:00,2019-11-26 08:39:11+00:00,1,['cart'],563886980,1,1,1,38.1,0.0,0,1,0,True,False,False,0,38.1,0.0,0,0,0,0,0.0,High Priority
3153b238-e0b7-46d3-90cb-5e688a757c72,2019-11-26 08:39:16+00:00,2019-11-26 08:39:16+00:00,1,['cart'],517011517,1,1,1,1002.89,0.0,0,1,0,True,False,False,0,1002.89,0.0,0,0,0,0,0.0,High Priority
767dfbc8-5ed7-4ccd-aef6-59955db4940d,2019-11-26 08:41:49+00:00,2019-11-26 08:41:49+00:00,1,['cart'],576957637,1,1,1,167.06,0.0,0,1,0,True,False,False,0,167.06,0.0,0,0,0,0,0.0,High Priority
31e4aed0-1dc7-4ea9-b9f9-a2665e9b124f,2019-11-26 08:42:15+00:00,2019-11-26 08:42:15+00:00,1,['cart'],543133058,1,1,1,38.35,0.0,0,1,0,True,False,False,0,38.35,0.0,0,0,0,0,0.0,High Priority
92b73f39-459b-4aea-aaf7-a2d83b1a9cec,2019-11-26 08:42:19+00:00,2019-11-26 08:42:19+00:00,1,['cart'],565047941,1,1,1,38.35,0.0,0,1,0,True,False,False,0,38.35,0.0,0,0,0,0,0.0,High Priority
1d8c33c3-0e51-43db-86df-260cb9dd9198,2019-11-26 08:48:43+00:00,2019-11-26 08:48:43+00:00,1,['cart'],559153781,1,1,1,40.39,0.0,0,1,0,True,False,False,0,40.39,0.0,0,0,0,0,0.0,High Priority
809e5c61-579c-48b5-b45c-a26d7dcc98e3,2019-11-26 08:51:19+00:00,2019-11-26 08:51:19+00:00,1,['cart'],576963764,1,1,1,32.69,0.0,0,1,0,True,False,False,0,32.69,0.0,0,0,0,0,0.0,High Priority
029f74d1-4d4b-4a4f-ab4a-e6be160d0beb,2019-11-26 08:52:15+00:00,2019-11-26 08:52:15+00:00,1,['cart'],515624592,1,1,1,126.0,0.0,0,1,0,True,False,False,0,126.0,0.0,0,0,0,0,0.0,High Priority
5c5625ee-bc55-4c5f-9bba-4241669160ee,2019-11-26 08:52:52+00:00,2019-11-26 08:52:52+00:00,1,['cart'],546971322,1,1,1,149.9,0.0,0,1,0,True,False,False,0,149.9,0.0,0,0,0,0,0.0,High Priority
04aea389-af00-4d5e-badd-ae2dd562000b,2019-11-26 08:53:21+00:00,2019-11-26 08:53:21+00:00,1,['cart'],543242938,1,1,1,1311.65,0.0,0,1,0,True,False,False,0,1311.65,0.0,0,0,0,0,0.0,High Priority
4dbfbc5c-6a15-4f91-bdd8-898ebee8f9c2,2019-11-26 08:54:53+00:00,2019-11-26 08:54:53+00:00,1,['cart'],512640151,1,1,0,195.63,0.0,0,1,0,True,False,False,0,195.63,0.0,0,0,0,0,0.0,High Priority
de1ad317-3711-49e7-8a7c-e859e967a34a,2019-11-26 08:57:28+00:00,2019-11-26 09:15:14+00:00,2,"['cart', 'view']",571939967,2,1,1,108.36,17.766666666666666,1,1,0,True,False,True,0,54.18,1.0,0,0,0,0,0.0,High Priority
f97a0c14-3177-4b02-8378-d00005b4f991,2019-11-26 08:57:28+00:00,2019-11-26 08:57:28+00:00,1,['cart'],567871923,1,1,1,481.04,0.0,0,1,0,True,False,False,0,481.04,0.0,0,0,0,0,0.0,High Priority
a39217a5-bc27-449d-9b24-582881f876a6,2019-11-26 08:57:52+00:00,2019-11-26 08:57:52+00:00,1,['cart'],517847747,1,1,1,229.71,0.0,0,1,0,True,False,False,0,229.71,0.0,0,1,1,1,0.0,High Priority
928d9d64-f709-419f-a89f-a22528942be6,2019-11-26 09:04:13+00:00,2019-11-26 09:04:13+00:00,1,['cart'],560717161,1,1,1,45.82,0.0,0,1,0,True,False,False,0,45.82,0.0,0,0,0,0,0.0,High Priority
f76c70d1-4bd2-4b30-97ad-2b0836631493,2019-11-26 09:08:47+00:00,2019-11-26 09:08:47+00:00,1,['cart'],515421885,1,1,1,133.76,0.0,0,1,0,True,False,False,0,133.76,0.0,0,0,0,0,0.0,High Priority
ab074d36-c520-4170-aea7-7e9483a349cd,2019-11-26 09:09:10+00:00,2019-11-26 09:09:10+00:00,1,['cart'],537223722,1,1,1,41.19,0.0,0,1,0,True,False,False,0,41.19,0.0,0,1,1,1,0.0,High Priority
2f6c373d-28f0-45cc-9271-04518cb95050,2019-11-26 09:09:41+00:00,2019-11-26 09:09:41+00:00,1,['cart'],515535787,1,1,1,534.63,0.0,0,1,0,True,False,False,0,534.63,0.0,0,0,0,0,0.0,High Priority
182289e0-ad6b-44a6-9a31-9324f47dfdc8,2019-11-26 09:11:13+00:00,2019-11-26 09:11:13+00:00,1,['cart'],576973628,1,1,1,643.23,0.0,0,1,0,True,False,False,0,643.23,0.0,0,0,0,0,0.0,High Priority
2216a394-899d-4f5d-99b2-75aee495e2d5,2019-11-26 09:12:27+00:00,2019-11-26 09:12:27+00:00,1,['cart'],516877226,1,1,1,25.48,0.0,0,1,0,True,False,False,0,25.48,0.0,0,0,0,0,0.0,High Priority
73da99b4-39d1-4bd0-8c18-fd4c21a52b6e,2019-11-26 09:12:55+00:00,2019-11-26 09:12:55+00:00,1,['cart'],534205262,1,1,1,258.54,0.0,0,1,0,True,False,False,0,258.54,0.0,0,0,0,0,0.0,High Priority
28f310e9-c87d-4de3-a1da-45d0a5218a97,2019-11-26 09:13:20+00:00,2019-11-26 09:13:20+00:00,1,['cart'],514965849,1,1,1,823.44,0.0,0,1,0,True,False,False,0,823.44,0.0,0,0,0,0,0.0,High Priority
c0fd6c7f-b360-4494-be43-afb3168eda6c,2019-11-26 09:16:07+00:00,2019-11-26 09:16:07+00:00,1,['cart'],536126988,1,1,1,20.36,0.0,0,1,0,True,False,False,0,20.36,0.0,0,0,0,0,0.0,High Priority
4d452f02-bfcb-4259-883d-7e6821d142ed,2019-11-26 09:16:53+00:00,2019-11-26 09:16:53+00:00,1,['cart'],576969713,1,1,1,5.12,0.0,0,1,0,True,False,False,0,5.12,0.0,0,0,0,0,0.0,High Priority
088bcd18-e05f-410e-92c0-caf196469571,2019-11-26 09:17:16+00:00,2019-11-26 09:17:16+00:00,1,['cart'],555496005,1,1,1,643.23,0.0,0,1,0,True,False,False,0,643.23,0.0,0,0,0,0,0.0,High Priority
c7ceff3e-b980-44d7-80c4-2c74531816ad,2019-11-26 09:17:26+00:00,2019-11-26 09:17:26+00:00,1,['cart'],576977114,1,1,1,298.59,0.0,0,1,0,True,False,False,0,298.59,0.0,0,0,0,0,0.0,High Priority
f660989f-15b1-4a5e-a29a-d00574db09d6,2019-11-26 09:18:00+00:00,2019-11-26 09:18:00+00:00,1,['cart'],576861454,1,1,1,160.62,0.0,0,1,0,True,False,False,0,160.62,0.0,0,0,0,0,0.0,High Priority
e3966843-3ad5-453a-9538-baf8aac6c13b,2019-11-26 09:19:46+00:00,2019-11-26 09:19:46+00:00,1,['cart'],513686663,1,1,0,7.08,0.0,0,1,0,True,False,False,0,7.08,0.0,0,0,0,0,0.0,High Priority
e028f9b4-af44-4f8e-9c81-b87988ee7887,2019-11-26 09:21:16+00:00,2019-11-26 09:21:16+00:00,1,['cart'],560511075,1,1,1,795.89,0.0,0,1,0,True,False,False,0,795.89,0.0,0,0,0,0,0.0,High Priority
a78bdd8f-884d-4581-a219-3ef4d825ea58,2019-11-26 09:23:58+00:00,2019-11-26 09:23:58+00:00,1,['cart'],521556724,1,1,1,133.76,0.0,0,1,0,True,False,False,0,133.76,0.0,0,0,0,0,0.0,High Priority
fa842011-b310-4c8f-ade1-b8458be56d2a,2019-11-26 09:24:03+00:00,2019-11-26 09:24:03+00:00,1,['cart'],571688129,1,1,0,13.58,0.0,0,1,0,True,False,False,0,13.58,0.0,0,0,0,0,0.0,High Priority
7642dde5-f17d-4904-beb1-6520cb54836f,2019-11-26 09:30:31+00:00,2019-11-26 09:30:31+00:00,1,['cart'],518366723,1,1,1,20.34,0.0,0,1,0,True,False,False,0,20.34,0.0,0,0,0,0,0.0,High Priority
bbec185c-2472-4fb4-819f-f06e55372797,2019-11-26 09:31:00+00:00,2019-11-26 09:31:00+00:00,1,['cart'],563192486,1,1,1,869.65,0.0,0,1,0,True,False,False,0,869.65,0.0,0,0,0,0,0.0,High Priority
c019fead-35cd-4472-84ac-f5e3c7452578,2019-11-26 09:32:51+00:00,2019-11-26 09:32:51+00:00,1,['cart'],570080453,1,1,1,65.25,0.0,0,1,0,True,False,False,0,65.25,0.0,0,0,0,0,0.0,High Priority
b3dada3b-8d0e-4633-b44b-d74670c12c29,2019-11-26 09:33:36+00:00,2019-11-26 09:33:36+00:00,1,['cart'],520313469,1,1,1,668.6,0.0,0,1,0,True,False,False,0,668.6,0.0,0,0,0,0,0.0,High Priority
61381e6a-11a7-47ea-9c34-b03e42bd1a84,2019-11-26 09:37:03+00:00,2019-11-26 09:37:03+00:00,1,['cart'],525219471,1,1,1,291.27,0.0,0,1,0,True,False,False,0,291.27,0.0,0,0,0,0,0.01,High Priority
f30b106b-509e-4530-9327-bb6cf0d2094c,2019-11-26 09:39:13+00:00,2019-11-26 09:39:13+00:00,1,['cart'],516787261,1,1,1,51.22,0.0,0,1,0,True,False,False,0,51.22,0.0,0,0,0,0,0.0,High Priority
43049419-46ad-4b12-9ed0-0de9c0c25835,2019-11-26 09:40:01+00:00,2019-11-26 09:40:01+00:00,1,['cart'],572519994,1,1,1,308.86,0.0,0,1,0,True,False,False,0,308.86,0.0,0,0,0,0,0.0,High Priority
2b731fbe-3653-40d1-b119-1474ecc05ab7,2019-11-26 09:41:28+00:00,2019-11-26 09:41:28+00:00,1,['cart'],548813734,1,1,1,92.38,0.0,0,1,0,True,False,False,0,92.38,0.0,0,0,0,0,0.0,High Priority
4d6593f6-16ef-475c-8fd0-ef366f3cab15,2019-11-26 09:42:14+00:00,2019-11-26 09:43:34+00:00,2,"['cart', 'cart']",558835451,1,1,1,205.42,1.3333333333333333,0,2,0,True,False,False,0,205.42,0.0,0,0,0,0,0.02,High Priority
b9eadd97-3360-4b19-a45e-ab410f4bd803,2019-11-26 09:43:26+00:00,2019-11-26 09:43:26+00:00,1,['cart'],576946794,1,1,1,70.01,0.0,0,1,0,True,False,False,0,70.01,0.0,0,0,0,0,0.0,High Priority
c244cfc8-29e2-4799-a73f-42a009c669ed,2019-11-26 09:44:12+00:00,2019-11-26 09:44:12+00:00,1,['cart'],549109608,1,1,1,126.0,0.0,0,1,0,True,False,False,0,126.0,0.0,0,0,0,0,0.0,High Priority
a6661223-f1f9-423b-aff1-15e465a91e96,2019-11-26 09:48:17+00:00,2019-11-26 09:48:17+00:00,1,['cart'],576977905,1,1,1,113.23,0.0,0,1,0,True,False,False,0,113.23,0.0,0,0,0,0,0.0,High Priority
ec338278-4183-4496-ae35-ec8c09b7d75f,2019-11-26 09:50:16+00:00,2019-11-26 10:47:19+00:00,2,"['cart', 'view']",537281831,1,1,1,376.56,57.05,1,1,0,True,False,True,0,376.56,1.0,0,0,0,0,0.0,High Priority
8667a34e-168a-48fa-a633-3c12d8c996fc,2019-11-26 09:50:42+00:00,2019-11-26 09:50:42+00:00,1,['cart'],517869672,1,1,1,229.71,0.0,0,1,0,True,False,False,0,229.71,0.0,0,0,0,0,0.0,High Priority
5d142350-f384-46dc-ace5-da5351383e11,2019-11-26 09:54:27+00:00,2019-11-26 09:54:27+00:00,1,['cart'],515113245,1,1,1,61.01,0.0,0,1,0,True,False,False,0,61.01,0.0,0,0,0,0,0.0,High Priority
d67a2274-47b3-4a66-9193-0a74528ad11d,2019-11-26 09:56:18+00:00,2019-11-26 09:56:18+00:00,1,['cart'],571778294,1,1,1,19.79,0.0,0,1,0,True,False,False,0,19.79,0.0,0,0,0,0,0.0,High Priority
8ee7457e-161b-465a-8613-85bbed610c53,2019-11-26 09:56:36+00:00,2019-11-26 09:57:47+00:00,2,"['cart', 'purchase']",539962112,1,1,1,2624.0,1.1833333333333331,0,1,1,True,True,False,1,2624.0,0.0,0,0,0,0,0.76,Monitor Only
984e03f8-df3c-4cd2-9b94-a76241687d77,2019-11-26 10:00:13+00:00,2019-11-26 10:00:13+00:00,1,['cart'],542119744,1,1,1,94.98,0.0,0,1,0,True,False,False,0,94.98,0.0,0,0,0,0,0.0,High Priority
95c43281-810b-40e8-a7b4-433851f29825,2019-11-26 10:01:28+00:00,2019-11-26 10:01:28+00:00,1,['cart'],540537015,1,1,1,256.87,0.0,0,1,0,True,False,False,0,256.87,0.0,0,1,1,1,0.0,High Priority
a4deb963-c1ea-4de4-a1c1-446e42278503,2019-11-26 10:02:03+00:00,2019-11-26 10:02:03+00:00,1,['cart'],576998421,1,1,1,271.82,0.0,0,1,0,True,False,False,0,271.82,0.0,0,0,0,0,0.0,High Priority
0f4f57f0-d0f5-48a6-965b-a7987c8c9ebb,2019-11-26 10:02:50+00:00,2019-11-26 10:02:50+00:00,1,['cart'],568053986,1,1,1,41.19,0.0,0,1,0,True,False,False,0,41.19,0.0,0,0,0,0,0.0,High Priority
313e6943-38f7-43ad-8181-0a9508b183a9,2019-11-26 10:03:12+00:00,2019-11-26 10:03:12+00:00,1,['cart'],570799827,1,1,1,171.18,0.0,0,1,0,True,False,False,0,171.18,0.0,0,0,0,0,0.0,High Priority
2e56279f-6daf-46be-ad05-db6270b29cb4,2019-11-26 10:04:03+00:00,2019-11-26 10:04:03+00:00,1,['cart'],564737335,1,1,1,178.9,0.0,0,1,0,True,False,False,0,178.9,0.0,0,0,0,0,0.0,High Priority
4ec99cc6-ca24-480b-ac9e-cc8a339d1695,2019-11-26 10:04:35+00:00,2019-11-26 10:04:35+00:00,1,['cart'],576999730,1,1,0,4.86,0.0,0,1,0,True,False,False,0,4.86,0.0,0,0,0,0,0.0,High Priority
3edaeed7-0d07-497c-a01c-25c50169f2e7,2019-11-26 10:04:44+00:00,2019-11-26 10:04:44+00:00,1,['cart'],513936899,1,1,0,15.32,0.0,0,1,0,True,False,False,0,15.32,0.0,0,0,0,0,0.0,High Priority
d5bd3f1b-4cfc-4ca3-ac31-5427919f513c,2019-11-26 10:05:43+00:00,2019-11-26 10:05:43+00:00,1,['cart'],513473034,1,1,1,1029.34,0.0,0,1,0,True,False,False,0,1029.34,0.0,0,0,0,0,0.0,High Priority
a5e320e3-fd8d-4747-a5a7-2823b8270fb0,2019-11-26 10:06:23+00:00,2019-11-26 10:06:23+00:00,1,['cart'],547452614,1,1,1,32.18,0.0,0,1,0,True,False,False,0,32.18,0.0,0,0,0,0,0.0,High Priority
ba61546f-d4d0-44ef-b6c8-8ea1aa37c825,2019-11-26 10:07:45+00:00,2019-11-26 10:07:45+00:00,1,['cart'],549603336,1,1,1,180.16,0.0,0,1,0,True,False,False,0,180.16,0.0,0,0,0,0,0.0,High Priority
a31f599e-f3c0-478b-94e0-8f9cb805b096,2019-11-26 10:10:57+00:00,2019-11-26 10:10:57+00:00,1,['cart'],517256866,1,1,1,162.71,0.0,0,1,0,True,False,False,0,162.71,0.0,0,0,0,0,0.0,High Priority
921f8a29-3f7c-41a4-b9ee-01abdb6afb6d,2019-11-26 10:11:29+00:00,2019-11-26 10:11:29+00:00,1,['cart'],576998476,1,1,1,118.38,0.0,0,1,0,True,False,False,0,118.38,0.0,0,0,0,0,0.0,High Priority
7b5d4441-3a59-41ce-9f38-eedec6e2dafb,2019-11-26 10:11:30+00:00,2019-11-26 10:11:30+00:00,1,['cart'],577002794,1,1,1,104.25,0.0,0,1,0,True,False,False,0,104.25,0.0,0,0,0,0,0.0,High Priority
fe607907-ada1-475f-901a-3c48745337aa,2019-11-26 10:11:33+00:00,2019-11-26 10:11:33+00:00,1,['cart'],512426620,1,1,1,513.53,0.0,0,1,0,True,False,False,0,513.53,0.0,0,0,0,0,0.0,High Priority
83b2ca78-2e13-4f44-8fee-789a1af697a7,2019-11-26 10:12:00+00:00,2019-11-26 10:12:00+00:00,1,['cart'],547794780,1,1,1,743.65,0.0,0,1,0,True,False,False,0,743.65,0.0,0,0,0,0,0.0,High Priority
0239ffbb-02b6-4d6d-b069-7504022a15ef,2019-11-26 10:12:26+00:00,2019-11-26 10:36:55+00:00,3,"['cart', 'view', 'view']",524766034,3,1,1,913.82,24.48333333333333,2,1,0,True,False,True,0,304.6066666666667,2.0,0,0,0,0,0.0,High Priority
8ffe78f3-951c-4032-a258-e83b3f5cbd31,2019-11-26 10:14:21+00:00,2019-11-26 10:14:21+00:00,1,['cart'],549869712,1,1,0,84.94,0.0,0,1,0,True,False,False,0,84.94,0.0,0,0,0,0,0.0,High Priority
8c5aafd5-96aa-4a78-8f60-eeba2a8147fd,2019-11-26 10:14:50+00:00,2019-11-26 10:14:50+00:00,1,['cart'],573751979,1,1,1,179.9,0.0,0,1,0,True,False,False,0,179.9,0.0,0,0,0,0,0.0,High Priority
c2a9809b-1944-4986-af50-2a90aec24663,2019-11-26 10:15:22+00:00,2019-11-26 10:15:22+00:00,1,['cart'],517054707,1,1,1,102.47,0.0,0,1,0,True,False,False,0,102.47,0.0,0,0,0,0,0.0,High Priority
12235947-50e7-4d32-a357-5632599c0e5a,2019-11-26 10:19:11+00:00,2019-11-26 10:19:11+00:00,1,['cart'],576312651,1,1,1,105.51,0.0,0,1,0,True,False,False,0,105.51,0.0,0,0,0,0,0.0,High Priority
5e07f7e9-64f8-46b6-94b7-5578d1567914,2019-11-26 10:19:19+00:00,2019-11-26 10:19:19+00:00,1,['cart'],553461056,1,1,1,152.82,0.0,0,1,0,True,False,False,0,152.82,0.0,0,0,0,0,0.0,High Priority
7c3eddf2-7e88-439a-9c6d-0a2c47be2244,2019-11-26 10:21:38+00:00,2019-11-26 10:21:38+00:00,1,['cart'],577007423,1,1,1,164.7,0.0,0,1,0,True,False,False,0,164.7,0.0,0,0,0,0,0.0,High Priority
ff31f48b-9ebc-4841-a1e0-d1e3782b8289,2019-11-26 10:22:46+00:00,2019-11-26 10:22:46+00:00,1,['cart'],516405908,1,1,1,69.21,0.0,0,1,0,True,False,False,0,69.21,0.0,0,0,0,0,0.0,High Priority
d9e05a36-a9e6-480b-8ba3-47c8780d6e1c,2019-11-26 10:23:08+00:00,2019-11-26 10:23:08+00:00,1,['cart'],534296642,1,1,1,197.37,0.0,0,1,0,True,False,False,0,197.37,0.0,0,0,0,0,0.0,High Priority
06c06d2f-2473-48c8-b95a-2240b98b0b52,2019-11-26 10:26:16+00:00,2019-11-26 10:26:16+00:00,1,['cart'],519202386,1,1,1,32.18,0.0,0,1,0,True,False,False,0,32.18,0.0,0,0,0,0,0.0,High Priority
37576668-60bf-46df-8eb5-0b84cf4f029a,2019-11-26 10:27:05+00:00,2019-11-26 10:27:05+00:00,1,['cart'],561242462,1,1,1,486.44,0.0,0,1,0,True,False,False,0,486.44,0.0,0,1,1,1,0.0,High Priority
d9e90457-3859-4cb2-a3e8-81bb6b2121bd,2019-11-26 10:29:52+00:00,2019-11-26 10:29:52+00:00,1,['cart'],538840824,1,1,1,171.57,0.0,0,1,0,True,False,False,0,171.57,0.0,0,0,0,0,0.0,High Priority
a5a12565-332b-4045-a97e-33c575bb27a3,2019-11-26 10:30:13+00:00,2019-11-26 10:30:13+00:00,1,['cart'],562158244,1,1,1,115.75,0.0,0,1,0,True,False,False,0,115.75,0.0,0,0,0,0,0.0,High Priority
95534015-6363-40e6-8362-5f432b0b5fbe,2019-11-26 10:32:11+00:00,2019-11-26 10:32:11+00:00,1,['cart'],552243163,1,1,1,823.44,0.0,0,1,0,True,False,False,0,823.44,0.0,0,0,0,0,0.0,High Priority
50300313-213d-4307-b4e0-0242abd27f57,2019-11-26 10:34:51+00:00,2019-11-26 10:34:51+00:00,1,['cart'],533754507,1,1,1,126.0,0.0,0,1,0,True,False,False,0,126.0,0.0,0,0,0,0,0.0,High Priority
80c808c3-88d8-449c-a15c-6d03ad05d568,2019-11-26 10:36:40+00:00,2019-11-26 10:36:40+00:00,1,['cart'],551645404,1,1,1,869.65,0.0,0,1,0,True,False,False,0,869.65,0.0,0,0,0,0,0.0,High Priority
03a27c5f-052b-4067-be7a-81153be07bce,2019-11-26 10:39:14+00:00,2019-11-26 10:39:14+00:00,1,['cart'],573576478,1,1,1,153.62,0.0,0,1,0,True,False,False,0,153.62,0.0,0,0,0,0,0.0,High Priority
0f476f8c-18ba-446a-9251-1185acebc5db,2019-11-26 10:40:05+00:00,2019-11-26 10:40:05+00:00,1,['cart'],515210795,1,1,1,28.29,0.0,0,1,0,True,False,False,0,28.29,0.0,0,1,1,1,0.0,High Priority
acc27c8b-7d54-44f7-942d-488c651a732c,2019-11-26 10:40:31+00:00,2019-11-26 10:40:31+00:00,1,['cart'],577013882,1,1,0,204.36,0.0,0,1,0,True,False,False,0,204.36,0.0,0,0,0,0,0.0,High Priority
2d07f131-5de6-4fb4-8f57-7b8a4ae37fce,2019-11-26 10:43:11+00:00,2019-11-26 10:43:11+00:00,1,['cart'],532548902,1,1,1,148.52,0.0,0,1,0,True,False,False,0,148.52,0.0,0,0,0,0,0.0,High Priority
4c17ce5e-b020-46e1-8731-3e057ec66ef1,2019-11-26 10:43:58+00:00,2019-11-26 10:43:58+00:00,1,['cart'],572038980,1,1,1,102.47,0.0,0,1,0,True,False,False,0,102.47,0.0,0,0,0,0,0.0,High Priority
b3345fd4-2293-429d-bdea-fcbb5f082dbd,2019-11-26 10:44:08+00:00,2019-11-26 10:44:08+00:00,1,['cart'],529328768,1,1,1,197.12,0.0,0,1,0,True,False,False,0,197.12,0.0,0,0,0,0,0.0,High Priority
8c600cf0-c4ef-4a5c-a6d3-8054a67e043f,2019-11-26 10:44:15+00:00,2019-11-26 10:44:15+00:00,1,['cart'],576993691,1,1,1,360.11,0.0,0,1,0,True,False,False,0,360.11,0.0,0,0,0,0,0.0,High Priority
6d9279a5-4b0d-418a-a224-71ec0ca0da90,2019-11-26 10:46:24+00:00,2019-11-26 10:46:24+00:00,1,['cart'],564316817,1,1,1,171.57,0.0,0,1,0,True,False,False,0,171.57,0.0,0,0,0,0,0.0,High Priority
3b538520-9680-432b-9b41-e6062dab96dc,2019-11-26 10:46:50+00:00,2019-11-26 10:46:50+00:00,1,['cart'],560424808,1,1,1,28.29,0.0,0,1,0,True,False,False,0,28.29,0.0,0,0,0,0,0.0,High Priority
0c4571cc-56c3-4fd3-834e-3f40dbb55005,2019-11-26 10:47:31+00:00,2019-11-26 10:47:31+00:00,1,['cart'],512511233,1,1,1,532.83,0.0,0,1,0,True,False,False,0,532.83,0.0,0,0,0,0,0.0,High Priority
393103a7-a1bd-4fed-b0ea-3b088c6c0bda,2019-11-26 10:48:23+00:00,2019-11-26 10:48:23+00:00,1,['cart'],514655514,1,1,0,268.48,0.0,0,1,0,True,False,False,0,268.48,0.0,0,0,0,0,0.0,High Priority
6a67eddf-d134-439c-9b79-fd527b41df24,2019-11-26 10:48:27+00:00,2019-11-26 10:48:27+00:00,1,['cart'],517128456,1,1,1,162.71,0.0,0,1,0,True,False,False,0,162.71,0.0,0,0,0,0,0.0,High Priority
4532f21d-7323-4847-b3cf-36cf006dc31b,2019-11-26 10:50:25+00:00,2019-11-26 11:02:42+00:00,2,"['cart', 'view']",518751415,2,2,2,120.57,12.283333333333331,1,1,0,True,False,True,0,60.285,1.0,0,0,0,0,0.0,High Priority
80f77688-6395-4000-bba8-495099d675ce,2019-11-26 10:54:48+00:00,2019-11-26 10:54:48+00:00,1,['cart'],513420598,1,1,1,316.1,0.0,0,1,0,True,False,False,0,316.1,0.0,0,0,0,0,0.0,High Priority
56c37e47-0048-43cb-a962-21450e23e42b,2019-11-26 11:02:45+00:00,2019-11-26 11:02:45+00:00,1,['cart'],576631965,1,1,1,254.54,0.0,0,1,0,True,False,False,0,254.54,0.0,0,0,0,0,0.0,High Priority
c910fca0-6920-41e6-8dc0-9fb82f8b7d5c,2019-11-26 11:04:07+00:00,2019-11-26 11:04:07+00:00,1,['cart'],512647749,1,1,1,900.64,0.0,0,1,0,True,False,False,0,900.64,0.0,0,0,0,0,0.0,High Priority
890bb2ce-dbce-4c95-8d3a-6cf314cf8b8e,2019-11-26 11:07:14+00:00,2019-11-26 11:07:14+00:00,1,['cart'],565006565,1,1,1,141.55,0.0,0,1,0,True,False,False,0,141.55,0.0,0,0,0,0,0.0,High Priority
bc9c2644-6bda-444d-be0b-4086ded9f1a3,2019-11-26 11:08:27+00:00,2019-11-26 11:08:27+00:00,1,['cart'],549030056,1,1,1,126.0,0.0,0,1,0,True,False,False,0,126.0,0.0,0,0,0,0,0.0,High Priority
6b83685a-f52f-4e79-9d93-cb81ecef52a1,2019-11-26 11:10:58+00:00,2019-11-26 11:10:58+00:00,1,['cart'],512560613,1,1,1,900.67,0.0,0,1,0,True,False,False,0,900.67,0.0,0,0,0,0,0.0,High Priority
678a2063-60e7-4d78-bfc6-439ac7a8a0db,2019-11-26 11:12:40+00:00,2019-11-26 11:12:40+00:00,1,['cart'],569399904,1,1,1,246.96,0.0,0,1,0,True,False,False,0,246.96,0.0,0,0,0,0,0.0,High Priority
988ed954-93e6-45dd-a866-1d80bd7938ec,2019-11-26 11:16:07+00:00,2019-11-26 11:16:07+00:00,1,['cart'],545528739,1,1,1,126.0,0.0,0,1,0,True,False,False,0,126.0,0.0,0,0,0,0,0.0,High Priority
d7f6a4f3-a115-4864-8fad-153849e8200c,2019-11-26 11:18:41+00:00,2019-11-26 11:18:41+00:00,1,['cart'],565653493,1,1,1,620.87,0.0,0,1,0,True,False,False,0,620.87,0.0,0,0,0,0,0.0,High Priority
e276d164-a257-485a-a97c-26155f2f6f25,2019-11-26 11:23:58+00:00,2019-11-26 11:23:58+00:00,1,['cart'],515988064,1,1,1,28.29,0.0,0,1,0,True,False,False,0,28.29,0.0,0,0,0,0,0.0,High Priority
fc6ad72d-ee69-49cd-b4b4-fb6e9dae0598,2019-11-26 11:24:33+00:00,2019-11-26 11:24:33+00:00,1,['cart'],577033653,1,1,1,1654.82,0.0,0,1,0,True,False,False,0,1654.82,0.0,0,0,0,0,0.0,High Priority
ea5c7eae-be0f-4d58-94ad-7ab8ad32f45b,2019-11-26 11:26:10+00:00,2019-11-26 11:26:10+00:00,1,['cart'],564686954,1,1,1,92.05,0.0,0,1,0,True,False,False,0,92.05,0.0,0,0,0,0,0.0,High Priority
6bb71707-d8d9-41e6-b080-e17cb9a5ae7f,2019-11-26 11:26:48+00:00,2019-11-26 11:26:48+00:00,1,['cart'],569581904,1,1,1,126.0,0.0,0,1,0,True,False,False,0,126.0,0.0,0,0,0,0,0.0,High Priority
784c08d9-85b8-4d5c-88f3-2b5a97853ebf,2019-11-26 11:35:34+00:00,2019-11-26 11:35:34+00:00,1,['cart'],537146021,1,1,1,51.46,0.0,0,1,0,True,False,False,0,51.46,0.0,0,0,0,0,0.0,High Priority
7c12c574-afca-417c-8b00-f5236ed60e4f,2019-11-26 11:39:43+00:00,2019-11-26 11:39:43+00:00,1,['cart'],514707095,1,1,1,916.33,0.0,0,1,0,True,False,False,0,916.33,0.0,0,0,0,0,0.0,High Priority
73863045-e91c-e6ce-08c2-47d72120cf7d,2019-11-26 11:40:57+00:00,2019-11-26 11:40:57+00:00,1,['cart'],568767858,1,1,1,514.56,0.0,0,1,0,True,False,False,0,514.56,0.0,0,0,0,0,0.0,High Priority
106485e2-da5a-4340-bfb3-d3f99650d3de,2019-11-26 11:42:08+00:00,2019-11-26 11:42:08+00:00,1,['cart'],559102011,1,1,1,19.82,0.0,0,1,0,True,False,False,0,19.82,0.0,0,0,0,0,0.0,High Priority
4302a875-eb9a-4205-b4b6-1e76ef70b528,2019-11-26 11:48:31+00:00,2019-11-26 11:48:31+00:00,1,['cart'],571854595,1,1,0,202.84,0.0,0,1,0,True,False,False,0,202.84,0.0,0,0,0,0,0.0,High Priority
f4cc902e-5cbc-4cd4-b604-90b06a538daa,2019-11-26 11:49:01+00:00,2019-11-26 11:49:01+00:00,1,['cart'],512386085,1,1,1,28.07,0.0,0,1,0,True,False,False,0,28.07,0.0,0,0,0,0,0.0,High Priority
28cbd80e-35f8-45ff-bfc2-1d41129d1cb2,2019-11-26 11:49:54+00:00,2019-11-26 11:49:54+00:00,1,['cart'],577047037,1,1,1,646.58,0.0,0,1,0,True,False,False,0,646.58,0.0,0,0,0,0,0.0,High Priority
93e54a3a-bd53-4939-a3d6-f3ed0fe5f1c8,2019-11-26 11:51:21+00:00,2019-11-26 11:51:21+00:00,1,['cart'],551691745,1,1,1,349.66,0.0,0,1,0,True,False,False,0,349.66,0.0,0,0,0,0,0.0,High Priority
1d42d89c-dee0-43a2-a84d-4d5ef9b73b34,2019-11-26 11:54:38+00:00,2019-11-26 11:54:38+00:00,1,['cart'],577051271,1,1,1,323.55,0.0,0,1,0,True,False,False,0,323.55,0.0,0,0,0,0,0.0,High Priority
1a7a169d-173f-4468-b907-e4cdb5549c87,2019-11-26 11:55:02+00:00,2019-11-26 11:55:02+00:00,1,['cart'],516749214,1,1,1,123.58,0.0,0,1,0,True,False,False,0,123.58,0.0,0,0,0,0,0.0,High Priority
42b02fd0-c8e8-449e-becd-de5803df9d93,2019-11-26 11:55:29+00:00,2019-11-26 11:55:29+00:00,1,['cart'],574792360,1,1,1,25.71,0.0,0,1,0,True,False,False,0,25.71,0.0,0,0,0,0,0.0,High Priority
654638ad-8aa6-439f-b058-5cee978371e5,2019-11-26 12:02:17+00:00,2019-11-26 12:02:17+00:00,1,['cart'],564289528,1,1,1,1362.69,0.0,0,1,0,True,False,False,0,1362.69,0.0,0,0,0,0,0.0,High Priority
a7e7e534-fc9e-4f22-800c-8d399cc4b261,2019-11-26 12:02:56+00:00,2019-11-26 12:02:56+00:00,1,['cart'],569773327,1,1,1,489.05,0.0,0,1,0,True,False,False,0,489.05,0.0,0,0,0,0,0.0,High Priority
94b9a9b6-3279-4247-9327-4f0b699e2f12,2019-11-26 12:03:41+00:00,2019-11-26 12:03:41+00:00,1,['cart'],568411069,1,1,1,315.56,0.0,0,1,0,True,False,False,0,315.56,0.0,0,0,0,0,0.0,High Priority
0dcf84a6-a771-4b21-a081-c23ec5fa46df,2019-11-26 12:03:50+00:00,2019-11-26 12:03:50+00:00,1,['cart'],574713248,1,1,1,106.82,0.0,0,1,0,True,False,False,0,106.82,0.0,0,1,1,1,0.0,High Priority
d79b97d8-c337-406c-b00c-652a116ff6da,2019-11-26 12:06:53+00:00,2019-11-26 12:06:53+00:00,1,['cart'],570148738,1,1,1,149.9,0.0,0,1,0,True,False,False,0,149.9,0.0,0,0,0,0,0.0,High Priority
6adb6176-65b1-4da9-9ace-fadfeea0b0d7,2019-11-26 12:09:19+00:00,2019-11-26 12:09:19+00:00,1,['cart'],512691199,1,1,1,37.32,0.0,0,1,0,True,False,False,0,37.32,0.0,0,0,0,0,0.0,High Priority
a49f1209-af61-4a2b-9802-b654791e944b,2019-11-26 12:09:25+00:00,2019-11-26 12:09:25+00:00,1,['cart'],555946262,1,1,1,109.4,0.0,0,1,0,True,False,False,0,109.4,0.0,0,1,1,1,0.0,High Priority
d8727b15-ab61-484a-960a-c39cecd39fbe,2019-11-26 12:11:56+00:00,2019-11-26 12:11:56+00:00,1,['cart'],519104447,1,1,1,126.13,0.0,0,1,0,True,False,False,0,126.13,0.0,0,0,0,0,0.0,High Priority
7f56cbd5-0682-4fcd-b0bb-6d26c6e5c895,2019-11-26 12:11:56+00:00,2019-11-26 12:11:56+00:00,1,['cart'],517466268,1,1,1,106.9,0.0,0,1,0,True,False,False,0,106.9,0.0,0,0,0,0,0.0,High Priority
970ede98-260e-492a-a4bd-8bd384458f43,2019-11-26 12:16:40+00:00,2019-11-26 12:16:40+00:00,1,['cart'],512168831,1,1,1,127.42,0.0,0,1,0,True,False,False,0,127.42,0.0,0,0,0,0,0.0,High Priority
95281cbf-2e66-4134-9d39-54bf739a203e,2019-11-26 12:18:23+00:00,2019-11-26 12:18:23+00:00,1,['cart'],547315050,1,1,1,97.51,0.0,0,1,0,True,False,False,0,97.51,0.0,0,0,0,0,0.0,High Priority
5d117589-2ba2-49a7-8c24-f0d81e584148,2019-11-26 12:19:08+00:00,2019-11-26 12:19:08+00:00,1,['cart'],571782012,1,1,1,28.29,0.0,0,1,0,True,False,False,0,28.29,0.0,0,0,0,0,0.0,High Priority
7a7078ab-5175-4b48-80be-aec615e02d12,2019-11-26 12:23:35+00:00,2019-11-26 12:23:35+00:00,1,['cart'],572462238,1,1,1,32.69,0.0,0,1,0,True,False,False,0,32.69,0.0,0,0,0,0,0.0,High Priority
65ff5b0e-448f-4335-8445-a9406fbbd50d,2019-11-26 12:23:57+00:00,2019-11-26 12:23:57+00:00,1,['cart'],521042818,1,1,0,27.29,0.0,0,1,0,True,False,False,0,27.29,0.0,0,0,0,0,0.0,High Priority
cd44b570-9091-4806-bfaf-1696df931468,2019-11-26 12:25:41+00:00,2019-11-26 12:25:41+00:00,1,['cart'],568280070,1,1,1,499.19,0.0,0,1,0,True,False,False,0,499.19,0.0,0,0,0,0,0.0,High Priority
5498c4dc-4785-4e5c-85f4-867922458e28,2019-11-26 12:27:55+00:00,2019-11-26 12:27:55+00:00,1,['cart'],561052579,1,1,1,37.85,0.0,0,1,0,True,False,False,0,37.85,0.0,0,0,0,0,0.0,High Priority
168b5a1d-53e5-4ed9-9604-6210a82fcf28,2019-11-26 12:30:24+00:00,2019-11-26 12:30:24+00:00,1,['cart'],513047162,1,1,1,513.53,0.0,0,1,0,True,False,False,0,513.53,0.0,0,0,0,0,0.0,High Priority
656fe2ba-d765-4f20-9336-9bd1e8baff7f,2019-11-26 12:31:39+00:00,2019-11-26 12:31:39+00:00,1,['cart'],575286084,1,1,1,246.94,0.0,0,1,0,True,False,False,0,246.94,0.0,0,0,0,0,0.0,High Priority
a02647b2-94b7-4e2b-859e-4fb99902b38f,2019-11-26 12:32:12+00:00,2019-11-26 12:32:12+00:00,1,['cart'],567075722,1,1,1,486.76,0.0,0,1,0,True,False,False,0,486.76,0.0,0,0,0,0,0.0,High Priority
295b607b-a074-49a3-961a-7f1bdb2e9224,2019-11-26 12:35:45+00:00,2019-11-26 12:38:12+00:00,2,"['cart', 'view']",534898525,2,1,2,365.73,2.45,1,1,0,True,False,True,0,182.865,1.0,0,0,0,0,0.0,High Priority
e295ace7-5aa3-45df-a87d-a44a9f53a77f,2019-11-26 12:37:24+00:00,2019-11-26 12:37:24+00:00,1,['cart'],527570637,1,1,1,315.56,0.0,0,1,0,True,False,False,0,315.56,0.0,0,0,0,0,0.0,High Priority
f955f254-7264-4316-8bec-cd4ceb04d906,2019-11-26 12:37:43+00:00,2019-11-26 12:37:43+00:00,1,['cart'],551358177,1,1,1,168.69,0.0,0,1,0,True,False,False,0,168.69,0.0,0,1,1,1,0.0,High Priority
1f97bf2d-2286-4e13-a042-e85b2678ad85,2019-11-26 12:37:43+00:00,2019-11-26 12:37:43+00:00,1,['cart'],512425716,1,1,1,89.84,0.0,0,1,0,True,False,False,0,89.84,0.0,0,0,0,0,0.0,High Priority
e036a5b4-ded2-4bef-807b-dffd7a5344e6,2019-11-26 12:39:05+00:00,2019-11-26 12:39:05+00:00,1,['cart'],516742113,1,1,1,88.81,0.0,0,1,0,True,False,False,0,88.81,0.0,0,0,0,0,0.0,High Priority
f8d04f6e-b6f1-4c9f-9a8d-8dd788d504af,2019-11-26 12:40:25+00:00,2019-11-26 12:40:25+00:00,1,['cart'],518505641,1,1,1,143.58,0.0,0,1,0,True,False,False,0,143.58,0.0,0,0,0,0,0.0,High Priority
ef1e7c0f-6ddd-40fa-90de-72bca041292b,2019-11-26 12:41:40+00:00,2019-11-26 12:41:40+00:00,1,['cart'],545970493,1,1,0,195.63,0.0,0,1,0,True,False,False,0,195.63,0.0,0,0,0,0,0.0,High Priority
459669eb-6a7c-4996-911c-3db29e8be0f4,2019-11-26 12:43:24+00:00,2019-11-26 12:43:24+00:00,1,['cart'],554752425,1,1,1,61.52,0.0,0,1,0,True,False,False,0,61.52,0.0,0,0,0,0,0.0,High Priority
dc984017-31b7-4328-961b-53b0f0b80db7,2019-11-26 12:48:14+00:00,2019-11-26 12:48:14+00:00,1,['cart'],568342736,1,1,1,97.79,0.0,0,1,0,True,False,False,0,97.79,0.0,0,0,0,0,0.0,High Priority
dde90f6a-376e-4c2c-bc55-8e601fbbf550,2019-11-26 12:49:11+00:00,2019-11-26 12:49:11+00:00,1,['cart'],545257060,1,1,0,136.22,0.0,0,1,0,True,False,False,0,136.22,0.0,0,0,0,0,0.0,High Priority
808227d3-1454-4707-baa5-97c39803db6c,2019-11-26 12:54:41+00:00,2019-11-26 12:54:41+00:00,1,['cart'],562146355,1,1,0,51.46,0.0,0,1,0,True,False,False,0,51.46,0.0,0,0,0,0,0.0,High Priority
96535a41-7ba9-4821-b2d5-ec81bd0b9a61,2019-11-26 12:54:42+00:00,2019-11-26 12:54:42+00:00,1,['cart'],518832356,1,1,1,20.34,0.0,0,1,0,True,False,False,0,20.34,0.0,0,0,0,0,0.0,High Priority
d4ae4197-d480-4794-8cee-b281989784d9,2019-11-26 12:56:49+00:00,2019-11-26 12:56:49+00:00,1,['cart'],568981583,1,1,1,30.12,0.0,0,1,0,True,False,False,0,30.12,0.0,0,0,0,0,0.0,High Priority
4ecc7412-4db3-4c7b-a1da-439fdcd7bf74,2019-11-26 13:00:10+00:00,2019-11-26 13:00:10+00:00,1,['cart'],551015585,1,1,1,291.04,0.0,0,1,0,True,False,False,0,291.04,0.0,0,0,0,0,0.0,High Priority
021fb872-36d0-479b-86c0-e44c76032e34,2019-11-26 13:00:54+00:00,2019-11-26 13:00:54+00:00,1,['cart'],539126546,1,1,1,51.46,0.0,0,1,0,True,False,False,0,51.46,0.0,0,0,0,0,0.0,High Priority
1395c965-5872-485c-a668-5c8762ee93a6,2019-11-26 13:03:48+00:00,2019-11-26 13:03:48+00:00,1,['cart'],512519383,1,1,1,45.05,0.0,0,1,0,True,False,False,0,45.05,0.0,0,1,1,1,0.0,High Priority
e47399ba-4c63-43c1-a2eb-f74d6dbca1d7,2019-11-26 13:05:15+00:00,2019-11-26 13:05:15+00:00,1,['cart'],536282447,1,1,1,5.38,0.0,0,1,0,True,False,False,0,5.38,0.0,0,0,0,0,0.0,High Priority
4d355b45-0081-4250-91ba-591d53c8e2d5,2019-11-26 13:09:57+00:00,2019-11-26 13:09:57+00:00,1,['cart'],568861775,1,1,1,133.85,0.0,0,1,0,True,False,False,0,133.85,0.0,0,0,0,0,0.0,High Priority
61d89978-f595-47bf-b975-556012c4f792,2019-11-26 13:10:36+00:00,2019-11-26 13:10:36+00:00,1,['cart'],567921827,1,1,1,437.31,0.0,0,1,0,True,False,False,0,437.31,0.0,0,0,0,0,0.0,High Priority
11c09bd7-1b8a-475f-8fd6-20bc9d100724,2019-11-26 13:11:04+00:00,2019-11-26 13:14:56+00:00,2,"['cart', 'cart']",520960861,1,1,1,216.18,3.866666666666666,0,2,0,True,False,False,0,216.18,0.0,0,0,0,0,0.15,High Priority
e5a0c1a0-69bc-42ea-a70a-0657f23592ab,2019-11-26 13:11:27+00:00,2019-11-26 13:11:27+00:00,1,['cart'],517028495,1,1,1,68.19,0.0,0,1,0,True,False,False,0,68.19,0.0,0,0,0,0,0.0,High Priority
ef05ae74-0b1a-4a79-ad95-d152732d5d16,2019-11-26 13:11:31+00:00,2019-11-26 13:11:31+00:00,1,['cart'],513662350,1,1,1,88.26,0.0,0,1,0,True,False,False,0,88.26,0.0,0,0,0,0,0.0,High Priority
5f8403aa-d96c-44f0-a1dc-e9e7edfdbd59,2019-11-26 13:11:49+00:00,2019-11-26 13:11:49+00:00,1,['cart'],559480346,1,1,1,180.16,0.0,0,1,0,True,False,False,0,180.16,0.0,0,0,0,0,0.0,High Priority
1b3e5b83-7b4f-4334-b465-8bd63858cf2d,2019-11-26 13:14:07+00:00,2019-11-26 13:14:07+00:00,1,['cart'],523664625,1,1,1,118.15,0.0,0,1,0,True,False,False,0,118.15,0.0,0,0,0,0,0.0,High Priority
ab106c05-a2b3-4121-ad55-6db5ad3496e8,2019-11-26 13:15:13+00:00,2019-11-26 13:15:13+00:00,1,['cart'],531336797,1,1,1,486.44,0.0,0,1,0,True,False,False,0,486.44,0.0,0,0,0,0,0.0,High Priority
43483771-5f3c-4e8b-903d-2202cbb40f58,2019-11-26 13:23:47+00:00,2019-11-26 13:23:47+00:00,1,['cart'],577097002,1,1,1,168.69,0.0,0,1,0,True,False,False,0,168.69,0.0,0,0,0,0,0.0,High Priority
79dc26b7-50e2-4df9-ac58-f81efe711d34,2019-11-26 13:24:17+00:00,2019-11-26 13:24:17+00:00,1,['cart'],577092910,1,1,1,171.34,0.0,0,1,0,True,False,False,0,171.34,0.0,0,0,0,0,0.0,High Priority
75f2c94d-1513-48b4-9da3-b2750aa5df45,2019-11-26 13:24:47+00:00,2019-11-26 13:24:47+00:00,1,['cart'],525889076,1,1,1,152.87,0.0,0,1,0,True,False,False,0,152.87,0.0,0,0,0,0,0.0,High Priority
ef4e6ec2-5796-45e8-814c-6f4c510fb91c,2019-11-26 13:24:49+00:00,2019-11-26 13:24:49+00:00,1,['cart'],513186499,1,1,1,13.13,0.0,0,1,0,True,False,False,0,13.13,0.0,0,0,0,0,0.0,High Priority
7358cdc7-a5f3-40dd-91b0-ffaf0f25603c,2019-11-26 13:28:44+00:00,2019-11-26 13:28:44+00:00,1,['cart'],546717254,1,1,1,8.98,0.0,0,1,0,True,False,False,0,8.98,0.0,0,0,0,0,0.0,High Priority
b1a76fa7-df87-4b3a-ac6a-86ec33317596,2019-11-26 13:28:49+00:00,2019-11-26 13:28:49+00:00,1,['cart'],574004056,1,1,1,77.48,0.0,0,1,0,True,False,False,0,77.48,0.0,0,0,0,0,0.0,High Priority
c7b0e4d0-7adb-4fcb-9b94-6e69d8a9e94a,2019-11-26 13:28:58+00:00,2019-11-26 13:28:58+00:00,1,['cart'],517869993,1,1,1,51.22,0.0,0,1,0,True,False,False,0,51.22,0.0,0,0,0,0,0.0,High Priority
73c708f0-dcd8-4a95-8296-b2028452cad6,2019-11-26 13:29:36+00:00,2019-11-26 13:29:36+00:00,1,['cart'],577078323,1,1,1,36.01,0.0,0,1,0,True,False,False,0,36.01,0.0,0,0,0,0,0.0,High Priority
741219b8-f073-4aca-9d16-e0be77bc96fa,2019-11-26 13:36:33+00:00,2019-11-26 13:36:33+00:00,1,['cart'],516473263,1,1,1,939.54,0.0,0,1,0,True,False,False,0,939.54,0.0,0,0,0,0,0.0,High Priority
aa2059df-4781-4416-8959-e2ff1009c185,2019-11-26 13:37:18+00:00,2019-11-26 13:37:18+00:00,1,['cart'],557603267,1,1,1,125.85,0.0,0,1,0,True,False,False,0,125.85,0.0,0,1,1,1,0.0,High Priority
5e918919-6fc6-452f-8744-2093c05e6eb1,2019-11-26 13:40:56+00:00,2019-11-26 13:40:56+00:00,1,['cart'],521007342,1,1,1,45.3,0.0,0,1,0,True,False,False,0,45.3,0.0,0,0,0,0,0.0,High Priority
2c4b2c1f-929f-427e-ac8b-4cf6eed772d3,2019-11-26 13:41:17+00:00,2019-11-26 13:41:17+00:00,1,['cart'],545670296,1,1,1,59.73,0.0,0,1,0,True,False,False,0,59.73,0.0,0,0,0,0,0.0,High Priority
da510068-6c49-4a35-854d-deccbf63d972,2019-11-26 13:43:37+00:00,2019-11-26 13:43:37+00:00,1,['cart'],512953627,1,1,1,486.76,0.0,0,1,0,True,False,False,0,486.76,0.0,0,0,0,0,0.0,High Priority
a7921cc6-1a4f-4bf2-94cf-e7e8b2098aa7,2019-11-26 13:45:26+00:00,2019-11-26 13:45:26+00:00,1,['cart'],524305340,1,1,1,486.44,0.0,0,1,0,True,False,False,0,486.44,0.0,0,0,0,0,0.0,High Priority
4be5fca4-5510-445b-a810-28c870ff6ccc,2019-11-26 13:47:31+00:00,2019-11-26 14:04:26+00:00,2,"['cart', 'view']",542787611,2,1,1,58.95,16.916666666666668,1,1,0,True,False,True,0,29.475,1.0,0,0,0,0,0.0,High Priority
3b2ba288-c072-4d20-825b-4556cf58ab94,2019-11-26 13:48:29+00:00,2019-11-26 13:48:29+00:00,1,['cart'],555385825,1,1,1,107.44,0.0,0,1,0,True,False,False,0,107.44,0.0,0,0,0,0,0.0,High Priority
3353893a-da8a-4a56-8b7a-5d0081dad880,2019-11-26 13:51:31+00:00,2019-11-26 13:51:31+00:00,1,['cart'],569656738,1,1,1,900.64,0.0,0,1,0,True,False,False,0,900.64,0.0,0,0,0,0,0.0,High Priority
0b2d6bcd-3afa-45a1-989b-520cda376b23,2019-11-26 13:52:24+00:00,2019-11-26 13:52:24+00:00,1,['cart'],575472672,1,1,1,25.46,0.0,0,1,0,True,False,False,0,25.46,0.0,0,0,0,0,0.0,High Priority
9faa065a-b624-4713-89cc-9ce2e8f5143d,2019-11-26 13:52:24+00:00,2019-11-26 13:52:24+00:00,1,['cart'],553323009,1,1,0,129.99,0.0,0,1,0,True,False,False,0,129.99,0.0,0,0,0,0,0.0,High Priority
5c71c1fb-3ef9-4012-b0fc-ad62b1816c76,2019-11-26 13:52:41+00:00,2019-11-26 13:52:41+00:00,1,['cart'],515600755,1,1,1,107.85,0.0,0,1,0,True,False,False,0,107.85,0.0,0,0,0,0,0.0,High Priority
3281ce61-36c7-4a37-8db6-f9baaf53ca06,2019-11-26 13:54:39+00:00,2019-11-26 13:54:39+00:00,1,['cart'],569227488,1,1,1,162.6,0.0,0,1,0,True,False,False,0,162.6,0.0,0,0,0,0,0.0,High Priority
301e3874-b0fa-48cf-b8e2-a5a9dcf2727c,2019-11-26 13:54:48+00:00,2019-11-26 13:54:48+00:00,1,['cart'],520308994,1,1,1,792.56,0.0,0,1,0,True,False,False,0,792.56,0.0,0,0,0,0,0.0,High Priority
2e0ceb3a-26ec-4624-afae-6f33e9e20b44,2019-11-26 13:55:07+00:00,2019-11-26 13:55:07+00:00,1,['cart'],577112116,1,1,1,229.71,0.0,0,1,0,True,False,False,0,229.71,0.0,0,0,0,0,0.0,High Priority
2f545fcc-74ba-4d12-98e3-971ef6fc6add,2019-11-26 13:55:10+00:00,2019-11-26 13:55:10+00:00,1,['cart'],513044092,1,1,1,38.33,0.0,0,1,0,True,False,False,0,38.33,0.0,0,0,0,0,0.0,High Priority
0207f425-c0e0-452b-b9c4-1a81d14ce4c1,2019-11-26 14:02:52+00:00,2019-11-26 14:02:52+00:00,1,['cart'],539489966,1,1,1,771.94,0.0,0,1,0,True,False,False,0,771.94,0.0,0,0,0,0,0.0,High Priority
417049ed-906c-440d-a438-1a6a4e2dd194,2019-11-26 14:03:37+00:00,2019-11-26 14:03:37+00:00,1,['cart'],564250912,1,1,0,97.81,0.0,0,1,0,True,False,False,0,97.81,0.0,0,0,0,0,0.0,High Priority
ffff7b82-a7fb-46a1-aa51-a462a846ef06,2019-11-26 14:03:56+00:00,2019-11-26 14:03:56+00:00,1,['cart'],529404867,1,1,1,196.97,0.0,0,1,0,True,False,False,0,196.97,0.0,0,0,0,0,0.0,High Priority
337fba33-b7df-447d-aa11-a20228e3714f,2019-11-26 14:05:36+00:00,2019-11-26 14:05:36+00:00,1,['cart'],529752419,1,1,1,18.02,0.0,0,1,0,True,False,False,0,18.02,0.0,0,0,0,0,0.0,High Priority
9bbea38c-8287-44c4-98ac-0a459d93e76f,2019-11-26 14:05:42+00:00,2019-11-26 14:05:42+00:00,1,['cart'],536381520,1,1,1,37.9,0.0,0,1,0,True,False,False,0,37.9,0.0,0,0,0,0,0.0,High Priority
7c7acc1b-5dc8-4f01-8d54-b719fdf596e8,2019-11-26 14:06:19+00:00,2019-11-26 14:06:19+00:00,1,['cart'],575747481,1,1,1,42.73,0.0,0,1,0,True,False,False,0,42.73,0.0,0,0,0,0,0.0,High Priority
dbd8e722-577a-406e-95ea-d446c76bd68c,2019-11-26 14:06:28+00:00,2019-11-26 14:06:28+00:00,1,['cart'],515864669,1,1,0,129.48,0.0,0,1,0,True,False,False,0,129.48,0.0,0,0,0,0,0.0,High Priority
3b83df75-282b-4b9f-9776-2fe2fc982d94,2019-11-26 14:08:45+00:00,2019-11-26 14:08:45+00:00,1,['cart'],543390139,1,1,1,154.19,0.0,0,1,0,True,False,False,0,154.19,0.0,0,0,0,0,0.0,High Priority
0d3806a6-b2ed-4706-88ea-29bdf929cc4c,2019-11-26 14:11:19+00:00,2019-11-26 14:18:20+00:00,2,"['cart', 'view']",549559976,2,1,2,170.54,7.016666666666667,1,1,0,True,False,True,0,85.27,1.0,0,0,0,0,0.0,High Priority
65f0f0d1-4f6f-4f33-8436-ecf9e0c7bdd4,2019-11-26 14:12:25+00:00,2019-11-26 14:12:25+00:00,1,['cart'],551874060,1,1,1,540.02,0.0,0,1,0,True,False,False,0,540.02,0.0,0,0,0,0,0.0,High Priority
44b95962-7dc2-4f12-b4ea-60458b63b694,2019-11-26 14:14:47+00:00,2019-11-26 14:14:47+00:00,1,['cart'],548887956,1,1,1,924.09,0.0,0,1,0,True,False,False,0,924.09,0.0,0,0,0,0,0.0,High Priority
3b3aac54-061d-408d-8cc4-93377649cec9,2019-11-26 14:14:59+00:00,2019-11-26 14:14:59+00:00,1,['cart'],513880851,1,1,1,50.97,0.0,0,1,0,True,False,False,0,50.97,0.0,0,0,0,0,0.0,High Priority
f57b8b82-42d9-4dbb-9917-0ad8101f818f,2019-11-26 14:15:23+00:00,2019-11-26 14:15:23+00:00,1,['cart'],562106518,1,1,0,20.57,0.0,0,1,0,True,False,False,0,20.57,0.0,0,0,0,0,0.0,High Priority
84d67a11-1aa4-47ea-8b38-8930383c5da0,2019-11-26 14:16:03+00:00,2019-11-26 14:16:03+00:00,1,['cart'],547201370,1,1,1,180.16,0.0,0,1,0,True,False,False,0,180.16,0.0,0,0,0,0,0.0,High Priority
408f5c0e-2233-4971-aa70-654a4ac30138,2019-11-26 14:17:28+00:00,2019-11-26 14:17:28+00:00,1,['cart'],549372307,1,1,1,258.44,0.0,0,1,0,True,False,False,0,258.44,0.0,0,0,0,0,0.0,High Priority
b7d36fab-e2bf-425a-8583-62cece645aff,2019-11-26 14:19:10+00:00,2019-11-26 14:19:10+00:00,1,['cart'],543646975,1,1,1,32.18,0.0,0,1,0,True,False,False,0,32.18,0.0,0,0,0,0,0.0,High Priority
642c485d-d49b-4103-a39e-79848bea0c68,2019-11-26 14:23:05+00:00,2019-11-26 14:23:05+00:00,1,['cart'],531123053,1,1,1,113.0,0.0,0,1,0,True,False,False,0,113.0,0.0,0,0,0,0,0.0,High Priority
d1d16cec-2d3f-4443-8884-62698323184f,2019-11-26 14:23:14+00:00,2019-11-26 14:23:14+00:00,1,['cart'],512971425,1,1,1,168.83,0.0,0,1,0,True,False,False,0,168.83,0.0,0,0,0,0,0.0,High Priority
b0614fc6-dfe5-4c0b-8bca-c5077a57d571,2019-11-26 14:30:39+00:00,2019-11-26 14:30:39+00:00,1,['cart'],561967756,1,1,1,84.92,0.0,0,1,0,True,False,False,0,84.92,0.0,0,0,0,0,0.0,High Priority
2b6be18c-95ee-4ded-821f-a3dec7f27e67,2019-11-26 14:31:17+00:00,2019-11-26 14:31:17+00:00,1,['cart'],577129677,1,1,1,68.47,0.0,0,1,0,True,False,False,0,68.47,0.0,0,0,0,0,0.0,High Priority
a2632b90-bbaa-4bf9-bd1f-14f626f5606a,2019-11-26 14:31:33+00:00,2019-11-26 14:31:33+00:00,1,['cart'],572457062,1,1,1,198.0,0.0,0,1,0,True,False,False,0,198.0,0.0,0,0,0,0,0.0,High Priority
dc606de8-4041-458d-bea2-45e3a39645bc,2019-11-26 14:34:18+00:00,2019-11-26 14:34:18+00:00,1,['cart'],556586322,1,1,0,15.29,0.0,0,1,0,True,False,False,0,15.29,0.0,0,0,0,0,0.0,High Priority
2e6be13f-1d57-4fb6-91b0-4444637d57d1,2019-11-26 14:36:28+00:00,2019-11-26 14:36:28+00:00,1,['cart'],576515978,1,1,1,141.32,0.0,0,1,0,True,False,False,0,141.32,0.0,0,0,0,0,0.0,High Priority
33f2dbf4-b6e2-4662-9807-a25a0c703419,2019-11-26 14:37:56+00:00,2019-11-26 14:37:56+00:00,1,['cart'],541298761,1,1,0,99.1,0.0,0,1,0,True,False,False,0,99.1,0.0,0,0,0,0,0.0,High Priority
d0141e8d-ef14-4f88-ba99-a34fac7543b2,2019-11-26 14:40:06+00:00,2019-11-26 14:40:06+00:00,1,['cart'],512963011,1,1,0,5.12,0.0,0,1,0,True,False,False,0,5.12,0.0,0,0,0,0,0.0,High Priority
5646b93f-56ca-47a7-ae6d-96468ebae53b,2019-11-26 14:40:10+00:00,2019-11-26 14:40:10+00:00,1,['cart'],570953482,1,1,1,254.03,0.0,0,1,0,True,False,False,0,254.03,0.0,0,0,0,0,0.0,High Priority
fccba4dd-f505-43c5-b6ec-6d7ababa89d6,2019-11-26 14:40:45+00:00,2019-11-26 14:40:45+00:00,1,['cart'],525853514,1,1,1,358.97,0.0,0,1,0,True,False,False,0,358.97,0.0,0,1,1,1,0.0,High Priority
1af1fd92-38f2-4a4a-92bc-0280c2f1802e,2019-11-26 14:41:22+00:00,2019-11-26 14:41:22+00:00,1,['cart'],560783630,1,1,1,1543.9,0.0,0,1,0,True,False,False,0,1543.9,0.0,0,1,1,1,0.0,High Priority
c6c86734-e7bf-470a-8ef5-61d42865b181,2019-11-26 14:42:22+00:00,2019-11-26 14:42:22+00:00,1,['cart'],538036380,1,1,0,30.76,0.0,0,1,0,True,False,False,0,30.76,0.0,0,0,0,0,0.0,High Priority
b5ccbd43-2571-4c81-be83-e0447ef61501,2019-11-26 14:43:35+00:00,2019-11-26 14:43:35+00:00,1,['cart'],528049115,1,1,1,35.52,0.0,0,1,0,True,False,False,0,35.52,0.0,0,0,0,0,0.0,High Priority
73178a87-9d10-4e31-9bf2-c61ed379ea7c,2019-11-26 14:44:00+00:00,2019-11-26 14:44:00+00:00,1,['cart'],513325845,1,1,0,90.07,0.0,0,1,0,True,False,False,0,90.07,0.0,0,0,0,0,0.0,High Priority
bc71551d-b737-4ccd-bf2b-3f825bdf3a72,2019-11-26 14:44:20+00:00,2019-11-26 14:44:20+00:00,1,['cart'],571912565,1,1,1,294.75,0.0,0,1,0,True,False,False,0,294.75,0.0,0,0,0,0,0.0,High Priority
ea8bad07-bf59-49d3-baad-2a8a40b78dbb,2019-11-26 14:45:10+00:00,2019-11-26 14:45:10+00:00,1,['cart'],564336099,1,1,1,103.73,0.0,0,1,0,True,False,False,0,103.73,0.0,0,0,0,0,0.0,High Priority
2c63c468-3004-4f5e-b1b4-71542b09b6ee,2019-11-26 14:46:34+00:00,2019-11-26 14:49:19+00:00,2,"['cart', 'purchase']",571056766,1,1,1,308.32,2.75,0,1,1,True,True,False,1,308.32,0.0,0,0,0,0,0.77,Monitor Only
e16bcec7-fbbf-40a1-aa21-1ae468809a84,2019-11-26 14:46:53+00:00,2019-11-26 14:46:53+00:00,1,['cart'],514884508,1,1,1,916.37,0.0,0,1,0,True,False,False,0,916.37,0.0,0,0,0,0,0.0,High Priority
7e85e6ff-cb41-4b3c-ad95-f947c07e574b,2019-11-26 14:49:45+00:00,2019-11-26 14:49:45+00:00,1,['cart'],573016154,1,1,1,246.94,0.0,0,1,0,True,False,False,0,246.94,0.0,0,0,0,0,0.0,High Priority
083a032c-e88a-46ff-8227-f53849dcf977,2019-11-26 14:54:21+00:00,2019-11-26 14:54:21+00:00,1,['cart'],512828837,1,1,1,168.69,0.0,0,1,0,True,False,False,0,168.69,0.0,0,0,0,0,0.0,High Priority
4e7a23a0-ebdf-4ae3-895b-95f369c67f56,2019-11-26 14:56:44+00:00,2019-11-26 14:56:44+00:00,1,['cart'],577127313,1,1,1,133.49,0.0,0,1,0,True,False,False,0,133.49,0.0,0,0,0,0,0.0,High Priority
cd0c8d85-7220-444e-be27-a07bc449e68d,2019-11-26 15:00:43+00:00,2019-11-26 15:00:43+00:00,1,['cart'],572208133,1,1,1,489.05,0.0,0,1,0,True,False,False,0,489.05,0.0,0,0,0,0,0.0,High Priority
5f63c0fb-39c9-4d05-ab78-e42fae397dfb,2019-11-26 15:04:46+00:00,2019-11-26 15:04:46+00:00,1,['cart'],577008096,1,1,1,63.84,0.0,0,1,0,True,False,False,0,63.84,0.0,0,0,0,0,0.0,High Priority
91a40cb4-ad26-4cbc-995c-2d6cafdd33d1,2019-11-26 15:05:46+00:00,2019-11-26 15:05:46+00:00,1,['cart'],577141999,1,1,1,344.9,0.0,0,1,0,True,False,False,0,344.9,0.0,0,0,0,0,0.0,High Priority
f966769d-c452-4df1-befe-de70e6d43354,2019-11-26 15:06:29+00:00,2019-11-26 15:10:38+00:00,2,"['cart', 'view']",516425717,2,1,2,145.38,4.15,1,1,0,True,False,True,0,72.69,1.0,0,0,0,0,0.0,High Priority
87027425-e773-4f01-b502-bae54e853c45,2019-11-26 15:07:23+00:00,2019-11-26 15:07:23+00:00,1,['cart'],518782395,1,1,1,61.01,0.0,0,1,0,True,False,False,0,61.01,0.0,0,0,0,0,0.0,High Priority
273fbcf8-3303-4582-ba2d-58f2a673c9e0,2019-11-26 15:07:35+00:00,2019-11-26 15:07:35+00:00,1,['cart'],567160070,1,1,1,101.67,0.0,0,1,0,True,False,False,0,101.67,0.0,0,0,0,0,0.0,High Priority
d15b92cf-e303-41a5-aa21-bbcb4136fb5d,2019-11-26 15:11:01+00:00,2019-11-26 15:17:58+00:00,3,"['cart', 'cart', 'cart']",536462605,1,1,1,1440.18,6.95,0,3,0,True,False,False,0,1440.18,0.0,0,0,0,0,0.01,High Priority
38b5d595-3ccd-415e-9c4f-eac19a3bd001,2019-11-26 15:11:10+00:00,2019-11-26 15:11:10+00:00,1,['cart'],572545835,1,1,1,254.03,0.0,0,1,0,True,False,False,0,254.03,0.0,0,0,0,0,0.0,High Priority
e8e310b7-6c8f-457c-8e1d-462beb5863b2,2019-11-26 15:11:46+00:00,2019-11-26 15:11:46+00:00,1,['cart'],528446034,1,1,1,12.84,0.0,0,1,0,True,False,False,0,12.84,0.0,0,0,0,0,0.0,High Priority
63c0abe7-460d-4a37-96ea-c770ef7ffddc,2019-11-26 15:11:56+00:00,2019-11-26 15:11:56+00:00,1,['cart'],577148353,1,1,1,120.44,0.0,0,1,0,True,False,False,0,120.44,0.0,0,0,0,0,0.0,High Priority
4017d824-3206-4600-a09a-9be078011050,2019-11-26 15:11:59+00:00,2019-11-26 15:11:59+00:00,1,['cart'],517698497,1,1,1,23.45,0.0,0,1,0,True,False,False,0,23.45,0.0,0,0,0,0,0.0,High Priority
07be277d-6a73-44d8-b3aa-9b962a9749a8,2019-11-26 15:14:51+00:00,2019-11-26 15:14:51+00:00,1,['cart'],563099938,1,1,1,315.56,0.0,0,1,0,True,False,False,0,315.56,0.0,0,0,0,0,0.0,High Priority
4601beaa-cd7b-43ea-899a-3cbe49acb265,2019-11-26 15:18:48+00:00,2019-11-26 15:18:48+00:00,1,['cart'],512769722,1,1,1,4.71,0.0,0,1,0,True,False,False,0,4.71,0.0,0,0,0,0,0.0,High Priority
fc41e5d1-548b-49e6-a55b-e973b1372736,2019-11-26 15:19:45+00:00,2019-11-26 15:19:45+00:00,1,['cart'],516354811,1,1,1,447.07,0.0,0,1,0,True,False,False,0,447.07,0.0,0,0,0,0,0.0,High Priority
93f31fdf-871f-48e9-bd0c-4e1586c99498,2019-11-26 15:20:07+00:00,2019-11-26 15:20:07+00:00,1,['cart'],567706829,1,1,1,106.57,0.0,0,1,0,True,False,False,0,106.57,0.0,0,0,0,0,0.0,High Priority
15ec85bc-9bb8-4fb4-bb59-8b47e30743ef,2019-11-26 15:21:25+00:00,2019-11-26 15:21:25+00:00,1,['cart'],531774360,1,1,1,195.22,0.0,0,1,0,True,False,False,0,195.22,0.0,0,0,0,0,0.0,High Priority
504d8602-adb4-4dd6-8c5d-eeb87fe57d25,2019-11-26 15:21:52+00:00,2019-11-26 15:21:52+00:00,1,['cart'],550194413,1,1,1,57.72,0.0,0,1,0,True,False,False,0,57.72,0.0,0,0,0,0,0.0,High Priority
547a9f00-81c0-44aa-8631-01ca08ddb32c,2019-11-26 15:22:28+00:00,2019-11-26 15:22:28+00:00,1,['cart'],568260604,1,1,1,88.81,0.0,0,1,0,True,False,False,0,88.81,0.0,0,0,0,0,0.0,High Priority
da6792bf-1797-4dfb-aa4f-f20f6231a0da,2019-11-26 15:22:49+00:00,2019-11-26 15:22:49+00:00,1,['cart'],513415280,1,1,1,349.58,0.0,0,1,0,True,False,False,0,349.58,0.0,0,0,0,0,0.0,High Priority
a8a08752-e5cb-40c0-bcd3-cdbccadd4482,2019-11-26 15:26:13+00:00,2019-11-26 15:26:13+00:00,1,['cart'],557919775,1,1,0,103.45,0.0,0,1,0,True,False,False,0,103.45,0.0,0,0,0,0,0.0,High Priority
b51e07fa-98c3-40da-b35b-a71122d74b14,2019-11-26 15:27:56+00:00,2019-11-26 15:27:56+00:00,1,['cart'],519158200,1,1,1,916.37,0.0,0,1,0,True,False,False,0,916.37,0.0,0,0,0,0,0.0,High Priority
24f5e0d7-e111-47e7-afff-0b7a902c6fe5,2019-11-26 15:34:38+00:00,2019-11-26 15:34:38+00:00,1,['cart'],519852838,1,1,1,52.74,0.0,0,1,0,True,False,False,0,52.74,0.0,0,0,0,0,0.0,High Priority
cbf17fae-ffa4-4d60-af8d-28ff70626b2e,2019-11-26 15:35:42+00:00,2019-11-26 15:35:42+00:00,1,['cart'],573728381,1,1,1,56.6,0.0,0,1,0,True,False,False,0,56.6,0.0,0,0,0,0,0.0,High Priority
8d9e27ea-4aa4-4499-b1b7-d765c3afefdb,2019-11-26 15:36:15+00:00,2019-11-26 15:36:15+00:00,1,['cart'],551642365,1,1,0,7.18,0.0,0,1,0,True,False,False,0,7.18,0.0,0,0,0,0,0.0,High Priority
4109b545-9545-4c72-9149-c247c45824bd,2019-11-26 15:41:11+00:00,2019-11-26 15:41:11+00:00,1,['cart'],545479916,1,1,1,125.79,0.0,0,1,0,True,False,False,0,125.79,0.0,0,0,0,0,0.0,High Priority
b357ff32-ee94-463a-4bdd-a6a278f3051e,2019-11-26 15:43:15+00:00,2019-11-26 15:43:15+00:00,1,['cart'],577079315,1,1,1,792.56,0.0,0,1,0,True,False,False,0,792.56,0.0,0,0,0,0,0.0,High Priority
d44c4ab0-aa92-4f21-bd57-2985e4e5c554,2019-11-26 15:44:30+00:00,2019-11-26 15:44:30+00:00,1,['cart'],530978869,1,1,1,429.28,0.0,0,1,0,True,False,False,0,429.28,0.0,0,0,0,0,0.0,High Priority
c81540a7-ea8c-4559-9cb2-021be2a81606,2019-11-26 15:45:37+00:00,2019-11-26 15:45:37+00:00,1,['cart'],512411851,1,1,1,42.47,0.0,0,1,0,True,False,False,0,42.47,0.0,0,0,0,0,0.0,High Priority
570f88ce-d706-4ad7-b9b3-d19d84d785fc,2019-11-26 15:46:46+00:00,2019-11-26 15:46:46+00:00,1,['cart'],562127140,1,1,1,916.37,0.0,0,1,0,True,False,False,0,916.37,0.0,0,0,0,0,0.0,High Priority
941afab3-6ca0-47e9-997f-013c7414c082,2019-11-26 15:50:02+00:00,2019-11-26 15:50:02+00:00,1,['cart'],518907461,1,1,1,90.07,0.0,0,1,0,True,False,False,0,90.07,0.0,0,0,0,0,0.0,High Priority
3716a92f-716e-49a8-9786-916bcdbb5867,2019-11-26 15:54:51+00:00,2019-11-26 15:54:51+00:00,1,['cart'],514224326,1,1,1,453.04,0.0,0,1,0,True,False,False,0,453.04,0.0,0,0,0,0,0.0,High Priority
08680828-cbe8-4f3b-92fb-0cccac85b69c,2019-11-26 15:56:19+00:00,2019-11-26 15:56:19+00:00,1,['cart'],567150247,1,1,1,152.77,0.0,0,1,0,True,False,False,0,152.77,0.0,0,0,0,0,0.0,High Priority
82af91e4-d29e-4eb9-9216-264c0bba2598,2019-11-26 15:57:44+00:00,2019-11-26 15:57:44+00:00,1,['cart'],522053985,1,1,1,102.71,0.0,0,1,0,True,False,False,0,102.71,0.0,0,0,0,0,0.0,High Priority
0d8f6e2a-c271-444f-a1cf-6bef82786c47,2019-11-26 15:58:47+00:00,2019-11-26 15:58:47+00:00,1,['cart'],571022252,1,1,1,92.72,0.0,0,1,0,True,False,False,0,92.72,0.0,0,0,0,0,0.0,High Priority
98e97574-ccad-466c-9a48-9c1d509a7fbc,2019-11-26 16:00:04+00:00,2019-11-26 16:00:04+00:00,1,['cart'],520167719,1,1,1,69.11,0.0,0,1,0,True,False,False,0,69.11,0.0,0,0,0,0,0.0,High Priority
9b2857de-b75c-403b-b307-bd36ca3bc3aa,2019-11-26 16:00:06+00:00,2019-11-26 16:00:06+00:00,1,['cart'],547697912,1,1,1,36.04,0.0,0,1,0,True,False,False,0,36.04,0.0,0,0,0,0,0.0,High Priority
a98951cf-e744-44f4-9071-6418880e41f5,2019-11-26 16:07:24+00:00,2019-11-26 16:07:24+00:00,1,['cart'],577137535,1,1,1,125.85,0.0,0,1,0,True,False,False,0,125.85,0.0,0,0,0,0,0.0,High Priority
3ede0c43-b0cc-4c0c-b9a0-99f232aefd68,2019-11-26 16:08:35+00:00,2019-11-26 16:10:13+00:00,2,"['cart', 'purchase']",577176157,1,1,1,91.56,1.6333333333333333,0,1,1,True,True,False,1,91.56,0.0,0,0,0,0,0.77,Monitor Only
0bc61fe3-069b-4623-a2ad-f8f0b3a6f793,2019-11-26 16:09:28+00:00,2019-11-26 16:09:28+00:00,1,['cart'],515642248,1,1,1,119.02,0.0,0,1,0,True,False,False,0,119.02,0.0,0,0,0,0,0.0,High Priority
7ed1284d-9730-45ce-83b4-08096db6d793,2019-11-26 16:09:30+00:00,2019-11-26 16:09:30+00:00,1,['cart'],539314513,1,1,1,197.02,0.0,0,1,0,True,False,False,0,197.02,0.0,0,0,0,0,0.0,High Priority
00f4c3a3-d831-4d45-8407-ac8850dbecaa,2019-11-26 16:09:33+00:00,2019-11-26 16:09:33+00:00,1,['cart'],559343481,1,1,1,125.85,0.0,0,1,0,True,False,False,0,125.85,0.0,0,0,0,0,0.0,High Priority
4f4f2998-a668-411c-ac3e-f287022f64b9,2019-11-26 16:12:20+00:00,2019-11-26 16:12:20+00:00,1,['cart'],547922940,1,1,1,292.0,0.0,0,1,0,True,False,False,0,292.0,0.0,0,0,0,0,0.0,High Priority
5983e872-7890-4bca-98d0-563b6988bc6d,2019-11-26 16:12:21+00:00,2019-11-26 16:25:31+00:00,2,"['cart', 'view']",540287237,2,1,1,368.9,13.166666666666666,1,1,0,True,False,True,0,184.45,1.0,0,0,0,0,0.0,High Priority
e7b8ec88-b751-43a1-b4b2-5a73c1589010,2019-11-26 16:14:15+00:00,2019-11-26 16:14:15+00:00,1,['cart'],513929270,1,1,1,25.48,0.0,0,1,0,True,False,False,0,25.48,0.0,0,0,0,0,0.0,High Priority
b8d79531-f1e5-4557-8177-8b8778c7840f,2019-11-26 16:17:01+00:00,2019-11-26 16:17:01+00:00,1,['cart'],564915531,1,1,1,104.25,0.0,0,1,0,True,False,False,0,104.25,0.0,0,0,0,0,0.0,High Priority
e18d4af6-0ef1-4b6d-a0d4-94fce5591cbd,2019-11-26 16:18:03+00:00,2019-11-26 16:18:03+00:00,1,['cart'],577172530,1,1,1,163.97,0.0,0,1,0,True,False,False,0,163.97,0.0,0,0,0,0,0.0,High Priority
d1cdcba3-1826-4702-9851-fb5ff47f73d0,2019-11-26 16:23:04+00:00,2019-11-26 16:23:04+00:00,1,['cart'],573098159,1,1,0,34.11,0.0,0,1,0,True,False,False,0,34.11,0.0,0,0,0,0,0.0,High Priority
2f5c4293-0c56-45b2-9c83-44a59a3aa8c1,2019-11-26 16:24:05+00:00,2019-11-26 16:24:05+00:00,1,['cart'],518537948,1,1,1,591.52,0.0,0,1,0,True,False,False,0,591.52,0.0,0,0,0,0,0.0,High Priority
00c926a8-48ae-4a23-b641-9c6351201f68,2019-11-26 16:24:46+00:00,2019-11-26 16:24:46+00:00,1,['cart'],576864061,1,1,0,22.23,0.0,0,1,0,True,False,False,0,22.23,0.0,0,0,0,0,0.0,High Priority
20331e81-5da7-45ec-b4e0-ecb3abe5c710,2019-11-26 16:26:38+00:00,2019-11-26 16:26:38+00:00,1,['cart'],558846417,1,1,1,246.94,0.0,0,1,0,True,False,False,0,246.94,0.0,0,0,0,0,0.0,High Priority
b77bed3a-3087-4d54-830c-e0554120e700,2019-11-26 16:27:23+00:00,2019-11-26 16:27:23+00:00,1,['cart'],573985481,1,1,1,106.9,0.0,0,1,0,True,False,False,0,106.9,0.0,0,0,0,0,0.0,High Priority
823e2b4f-c14e-43bc-9cd5-b503795acdba,2019-11-26 16:28:12+00:00,2019-11-26 16:28:12+00:00,1,['cart'],515413854,1,1,1,280.32,0.0,0,1,0,True,False,False,0,280.32,0.0,0,0,0,0,0.0,High Priority
8aa200b3-a9c2-44eb-950e-873595885e80,2019-11-26 16:29:02+00:00,2019-11-26 16:29:02+00:00,1,['cart'],548747414,1,1,1,77.22,0.0,0,1,0,True,False,False,0,77.22,0.0,0,0,0,0,0.0,High Priority
e0f5351d-0119-4b50-ae31-dafdeec935cb,2019-11-26 16:31:23+00:00,2019-11-26 16:36:03+00:00,2,"['cart', 'view']",572328445,1,1,1,1739.56,4.666666666666667,1,1,0,True,False,True,0,1739.56,1.0,0,0,0,0,0.0,High Priority
47d62ae2-c29d-48d1-aa33-8d402112f253,2019-11-26 16:32:47+00:00,2019-11-26 16:32:47+00:00,1,['cart'],523543786,1,1,1,25.33,0.0,0,1,0,True,False,False,0,25.33,0.0,0,0,0,0,0.0,High Priority
ba38a57a-c536-4456-b89f-de0f059a094c,2019-11-26 16:33:43+00:00,2019-11-26 16:33:43+00:00,1,['cart'],522841444,1,1,1,73.1,0.0,0,1,0,True,False,False,0,73.1,0.0,0,0,0,0,0.0,High Priority
6800faef-1b4f-4270-964a-5c77eb68a600,2019-11-26 16:35:25+00:00,2019-11-26 16:35:25+00:00,1,['cart'],513652019,1,1,1,173.49,0.0,0,1,0,True,False,False,0,173.49,0.0,0,0,0,0,0.0,High Priority
75c0b9c9-c00b-4c94-b9eb-0870dba92c73,2019-11-26 16:41:33+00:00,2019-11-26 16:41:33+00:00,1,['cart'],543389433,1,1,1,480.06,0.0,0,1,0,True,False,False,0,480.06,0.0,0,0,0,0,0.0,High Priority
94e451d3-4120-41c1-b4c7-f9664b9e3096,2019-11-26 16:42:04+00:00,2019-11-26 16:42:04+00:00,1,['cart'],520336376,1,1,1,69.47,0.0,0,1,0,True,False,False,0,69.47,0.0,0,0,0,0,0.0,High Priority
2e0a5041-8252-4ab9-8a90-9d3a8537212e,2019-11-26 16:43:31+00:00,2019-11-26 16:43:31+00:00,1,['cart'],559181740,1,1,1,125.85,0.0,0,1,0,True,False,False,0,125.85,0.0,0,0,0,0,0.0,High Priority
3d10da61-93c8-453a-88ef-ab953cacbb3c,2019-11-26 16:43:47+00:00,2019-11-26 16:45:23+00:00,2,"['cart', 'view']",577191041,1,1,1,251.7,1.6,1,1,0,True,False,True,0,251.7,1.0,0,0,0,0,0.0,High Priority
02947979-e615-4431-9fc4-7cf52fb3a60c,2019-11-26 16:44:49+00:00,2019-11-26 16:44:49+00:00,1,['cart'],516351710,1,1,1,229.71,0.0,0,1,0,True,False,False,0,229.71,0.0,0,0,0,0,0.0,High Priority
b86f4587-85fb-4464-8557-12aa569f7320,2019-11-26 16:45:57+00:00,2019-11-26 16:45:57+00:00,1,['cart'],569255397,1,1,1,32.56,0.0,0,1,0,True,False,False,0,32.56,0.0,0,0,0,0,0.0,High Priority
4ddfd98b-ed2d-4cfe-9a70-a37038889d5a,2019-11-26 16:46:58+00:00,2019-11-26 16:46:58+00:00,1,['cart'],551965975,1,1,1,229.71,0.0,0,1,0,True,False,False,0,229.71,0.0,0,1,1,1,0.0,High Priority
fda0d431-1d57-4120-8260-3c20975fce73,2019-11-26 16:48:00+00:00,2019-11-26 16:48:00+00:00,1,['cart'],577123446,1,1,1,72.05,0.0,0,1,0,True,False,False,0,72.05,0.0,0,0,0,0,0.0,High Priority
b8b357cc-79a6-4557-8ff6-cb07f5bef0bc,2019-11-26 16:48:26+00:00,2019-11-26 16:48:26+00:00,1,['cart'],577088032,1,1,1,916.37,0.0,0,1,0,True,False,False,0,916.37,0.0,0,0,0,0,0.0,High Priority
bf05b140-3721-48b7-8bf3-f22f9a9d7527,2019-11-26 16:58:21+00:00,2019-11-26 16:58:21+00:00,1,['cart'],577196474,1,1,0,48.11,0.0,0,1,0,True,False,False,0,48.11,0.0,0,0,0,0,0.0,High Priority
deb3d5be-a6fa-420c-aed9-664e9a79e37a,2019-11-26 16:58:46+00:00,2019-11-26 16:58:46+00:00,1,['cart'],518829453,1,1,1,32.18,0.0,0,1,0,True,False,False,0,32.18,0.0,0,0,0,0,0.0,High Priority
cf2c91db-d6e4-4642-9045-6fd4cb315cf2,2019-11-26 16:59:23+00:00,2019-11-26 16:59:23+00:00,1,['cart'],572527112,1,1,1,196.97,0.0,0,1,0,True,False,False,0,196.97,0.0,0,0,0,0,0.0,High Priority
85828c49-18f0-4abe-8595-2e78ba68e0ef,2019-11-26 17:00:29+00:00,2019-11-26 17:00:29+00:00,1,['cart'],577190256,1,1,0,59.2,0.0,0,1,0,True,False,False,0,59.2,0.0,0,0,0,0,0.0,High Priority
a9af3338-6c61-4ad3-aa99-17e05c531670,2019-11-26 17:01:16+00:00,2019-11-26 17:01:16+00:00,1,['cart'],524644982,1,1,1,115.81,0.0,0,1,0,True,False,False,0,115.81,0.0,0,0,0,0,0.0,High Priority
126b7eac-2360-4fc6-91c1-9aadfb1a4551,2019-11-26 17:02:06+00:00,2019-11-26 17:02:06+00:00,1,['cart'],516744626,1,1,1,50.58,0.0,0,1,0,True,False,False,0,50.58,0.0,0,0,0,0,0.0,High Priority
0e6087cd-e639-4514-8c50-933200c2937a,2019-11-26 17:02:19+00:00,2019-11-26 17:02:19+00:00,1,['cart'],576542898,1,1,1,35.75,0.0,0,1,0,True,False,False,0,35.75,0.0,0,0,0,0,0.0,High Priority
c1a3ecea-91be-410f-a47b-f8aae08d8603,2019-11-26 17:03:09+00:00,2019-11-26 17:03:09+00:00,1,['cart'],513079776,1,1,1,152.77,0.0,0,1,0,True,False,False,0,152.77,0.0,0,0,0,0,0.0,High Priority
bf886075-2269-4980-8e79-e2c276545c70,2019-11-26 17:05:46+00:00,2019-11-26 17:05:46+00:00,1,['cart'],577208001,1,1,1,125.85,0.0,0,1,0,True,False,False,0,125.85,0.0,0,0,0,0,0.0,High Priority
071d71c4-8a20-4192-bc1f-9f8308347861,2019-11-26 17:08:00+00:00,2019-11-26 17:08:00+00:00,1,['cart'],534790903,1,1,1,41.19,0.0,0,1,0,True,False,False,0,41.19,0.0,0,0,0,0,0.0,High Priority
3c6260ac-3453-4d46-828b-6c21818e04b6,2019-11-26 17:09:02+00:00,2019-11-26 17:09:02+00:00,1,['cart'],575553469,1,1,1,110.68,0.0,0,1,0,True,False,False,0,110.68,0.0,0,0,0,0,0.0,High Priority
a08f5aea-85cf-4d62-8cb8-3fdea1f8f244,2019-11-26 17:11:50+00:00,2019-11-26 17:11:50+00:00,1,['cart'],514861789,1,1,1,916.37,0.0,0,1,0,True,False,False,0,916.37,0.0,0,0,0,0,0.0,High Priority
5b86c56c-309f-44b4-bf56-aa034dc751b2,2019-11-26 17:13:15+00:00,2019-11-26 17:13:15+00:00,1,['cart'],577211749,1,1,1,512.24,0.0,0,1,0,True,False,False,0,512.24,0.0,0,0,0,0,0.0,High Priority
0d334669-1353-417f-b22d-7f5473a55837,2019-11-26 17:17:22+00:00,2019-11-26 17:17:22+00:00,1,['cart'],521055694,1,1,1,148.73,0.0,0,1,0,True,False,False,0,148.73,0.0,0,0,0,0,0.0,High Priority
98dc58ac-1c95-460d-ad6c-692fcddecc3a,2019-11-26 17:17:54+00:00,2019-11-26 17:17:54+00:00,1,['cart'],515624815,1,1,1,11.67,0.0,0,1,0,True,False,False,0,11.67,0.0,0,0,0,0,0.0,High Priority
66bf223c-7af0-4c9d-830e-fb014fc8496f,2019-11-26 17:19:31+00:00,2019-11-26 17:19:31+00:00,1,['cart'],528119031,1,1,0,3.86,0.0,0,1,0,True,False,False,0,3.86,0.0,0,0,0,0,0.0,High Priority
56394355-8ccb-45ee-a980-74be60194975,2019-11-26 17:21:39+00:00,2019-11-26 17:21:39+00:00,1,['cart'],540879463,1,1,0,37.81,0.0,0,1,0,True,False,False,0,37.81,0.0,0,0,0,0,0.0,High Priority
db95113e-716d-44ae-b96d-eaad65821f6c,2019-11-26 17:27:45+00:00,2019-11-26 17:27:45+00:00,1,['cart'],577168536,1,1,1,792.56,0.0,0,1,0,True,False,False,0,792.56,0.0,0,0,0,0,0.0,High Priority
51659038-f7b0-4533-84d9-80a2d5e82c7c,2019-11-26 17:34:47+00:00,2019-11-26 17:35:19+00:00,2,"['cart', 'cart']",570619678,1,1,1,1286.42,0.5333333333333333,0,2,0,True,False,False,0,1286.42,0.0,0,0,0,0,0.0,High Priority
17c49bcf-8315-4a14-a030-618bae6d4e38,2019-11-26 17:36:19+00:00,2019-11-26 17:36:19+00:00,1,['cart'],513782794,1,1,1,195.22,0.0,0,1,0,True,False,False,0,195.22,0.0,0,0,0,0,0.0,High Priority
3bee7780-e18f-4895-8df3-6ffc15fbe06c,2019-11-26 17:36:42+00:00,2019-11-26 17:36:42+00:00,1,['cart'],537805837,1,1,1,143.58,0.0,0,1,0,True,False,False,0,143.58,0.0,0,0,0,0,0.0,High Priority
c859144c-9e79-49cc-9f27-091f0d6d490d,2019-11-26 17:36:56+00:00,2019-11-26 17:36:56+00:00,1,['cart'],567710080,1,1,0,7.89,0.0,0,1,0,True,False,False,0,7.89,0.0,0,0,0,0,0.0,High Priority
9ffeda13-ef44-45ef-a408-ef6064f82934,2019-11-26 17:39:31+00:00,2019-11-26 17:39:31+00:00,1,['cart'],577224528,1,1,1,743.62,0.0,0,1,0,True,False,False,0,743.62,0.0,0,0,0,0,0.0,High Priority
109027bd-c85c-45df-af71-becaa4963939,2019-11-26 17:41:00+00:00,2019-11-26 17:41:00+00:00,1,['cart'],514513949,1,1,1,6.41,0.0,0,1,0,True,False,False,0,6.41,0.0,0,0,0,0,0.0,High Priority
66f1178d-6b44-48f9-8a32-e22c2db97e7f,2019-11-26 17:44:33+00:00,2019-11-26 17:44:33+00:00,1,['cart'],519955892,1,1,1,823.44,0.0,0,1,0,True,False,False,0,823.44,0.0,0,0,0,0,0.0,High Priority
a2f88ecb-fdf7-4f22-a506-4de5ea58a953,2019-11-26 17:44:51+00:00,2019-11-26 17:44:51+00:00,1,['cart'],522276547,1,1,0,6.04,0.0,0,1,0,True,False,False,0,6.04,0.0,0,0,0,0,0.0,High Priority
72428469-7e56-446b-a1d7-8977bb46b8aa,2019-11-26 17:49:35+00:00,2019-11-26 17:49:35+00:00,1,['cart'],576871065,1,1,1,566.04,0.0,0,1,0,True,False,False,0,566.04,0.0,0,0,0,0,0.0,High Priority
2aeade69-3015-4945-8fd9-fa7b472ed0dc,2019-11-26 17:50:19+00:00,2019-11-26 17:50:19+00:00,1,['cart'],539237843,1,1,1,66.41,0.0,0,1,0,True,False,False,0,66.41,0.0,0,0,0,0,0.0,High Priority
653390a9-452e-1f31-cbb4-683ace6a87f1,2019-11-26 17:53:05+00:00,2019-11-26 18:13:07+00:00,2,"['cart', 'view']",542847776,2,1,1,166.8,20.03333333333333,1,1,0,True,False,True,0,83.4,1.0,0,0,0,0,0.0,High Priority
55f52b52-68aa-473b-9faf-b85aff34cd4b,2019-11-26 17:54:06+00:00,2019-11-26 17:54:06+00:00,1,['cart'],570593760,1,1,1,254.03,0.0,0,1,0,True,False,False,0,254.03,0.0,0,0,0,0,0.0,High Priority
f7d08a1f-12f1-457e-890f-08b440ab5cd9,2019-11-26 17:57:09+00:00,2019-11-26 17:57:09+00:00,1,['cart'],577221442,1,1,1,32.18,0.0,0,1,0,True,False,False,0,32.18,0.0,0,0,0,0,0.0,High Priority
b5485992-d23c-4706-9962-8b8f06873e56,2019-11-26 17:58:12+00:00,2019-11-26 17:58:12+00:00,1,['cart'],555660906,1,1,1,4.86,0.0,0,1,0,True,False,False,0,4.86,0.0,0,1,1,1,0.0,High Priority
79576af0-ea83-4b8a-a1f4-ec0eb57dbc0c,2019-11-26 18:01:07+00:00,2019-11-26 18:01:07+00:00,1,['cart'],577183286,1,1,1,21.11,0.0,0,1,0,True,False,False,0,21.11,0.0,0,0,0,0,0.0,High Priority
a845a58c-64fd-4f63-8262-118ef620d2a1,2019-11-26 18:03:14+00:00,2019-11-26 18:03:14+00:00,1,['cart'],523257801,1,1,1,334.35,0.0,0,1,0,True,False,False,0,334.35,0.0,0,0,0,0,0.0,High Priority
d5c96ceb-20f5-495b-8cbc-25d226d3f96c,2019-11-26 18:04:47+00:00,2019-11-26 18:04:47+00:00,1,['cart'],568085672,1,1,1,57.66,0.0,0,1,0,True,False,False,0,57.66,0.0,0,0,0,0,0.0,High Priority
97dd449d-cfd9-4da8-b430-41b148020c6c,2019-11-26 18:15:43+00:00,2019-11-26 18:15:43+00:00,1,['cart'],576131083,1,1,1,85.45,0.0,0,1,0,True,False,False,0,85.45,0.0,0,0,0,0,0.0,High Priority
e9f71b85-a7db-423a-8118-4073c1f6e7bf,2019-11-26 18:17:25+00:00,2019-11-26 18:17:25+00:00,1,['cart'],575534478,1,1,1,916.37,0.0,0,1,0,True,False,False,0,916.37,0.0,0,0,0,0,0.0,High Priority
00fd50f1-60e6-4508-a01d-4499b3221b70,2019-11-26 18:19:25+00:00,2019-11-26 18:22:06+00:00,2,"['cart', 'view']",529531279,2,1,0,58.06,2.683333333333333,1,1,0,True,False,True,0,29.03,1.0,0,0,0,0,0.0,High Priority
fad2341f-04dc-4155-af74-a0b581f6d77e,2019-11-26 18:28:16+00:00,2019-11-26 18:28:16+00:00,1,['cart'],541894113,1,1,0,72.59,0.0,0,1,0,True,False,False,0,72.59,0.0,0,0,0,0,0.0,High Priority
0827f818-77a6-46ac-b15c-db93ba46e4cc,2019-11-26 18:32:56+00:00,2019-11-26 18:32:56+00:00,1,['cart'],577227703,1,1,1,25.71,0.0,0,1,0,True,False,False,0,25.71,0.0,0,0,0,0,0.0,High Priority
deee19ff-5c89-4e7d-aa6a-f0ade92dc451,2019-11-26 18:44:51+00:00,2019-11-26 18:44:51+00:00,1,['cart'],572553986,1,1,0,4.89,0.0,0,1,0,True,False,False,0,4.89,0.0,0,0,0,0,0.0,High Priority
ef523886-48bc-4533-bbd8-8776b99a9919,2019-11-26 18:46:41+00:00,2019-11-26 18:46:41+00:00,1,['cart'],554808093,1,1,1,315.56,0.0,0,1,0,True,False,False,0,315.56,0.0,0,0,0,0,0.0,High Priority
7bce4708-7a25-4301-8f7c-e01eb5de9125,2019-11-26 18:48:21+00:00,2019-11-26 18:48:21+00:00,1,['cart'],544337414,1,1,1,681.82,0.0,0,1,0,True,False,False,0,681.82,0.0,0,0,0,0,0.0,High Priority
eeec6a59-024e-4ad7-97c7-2babfbdfd0ca,2019-11-26 19:03:59+00:00,2019-11-26 19:03:59+00:00,1,['cart'],526677848,1,1,1,26.77,0.0,0,1,0,True,False,False,0,26.77,0.0,0,0,0,0,0.0,High Priority
b9827687-86c6-43b7-8335-d6dec4b9a36f,2019-11-26 19:09:32+00:00,2019-11-26 19:09:32+00:00,1,['cart'],538461064,1,1,0,36.01,0.0,0,1,0,True,False,False,0,36.01,0.0,0,0,0,0,0.0,High Priority
08cd57d0-0894-4670-ae4d-e2bd707427c1,2019-11-26 19:11:50+00:00,2019-11-26 19:11:50+00:00,1,['cart'],523289980,1,1,1,534.63,0.0,0,1,0,True,False,False,0,534.63,0.0,0,0,0,0,0.0,High Priority
d1f353bc-5748-4e6c-92a6-d2ec9d4fd6c5,2019-11-26 19:18:24+00:00,2019-11-26 19:18:36+00:00,2,"['cart', 'view']",567144984,1,1,1,5142.42,0.2,1,1,0,True,False,True,0,5142.42,1.0,0,0,0,0,0.0,High Priority
2c0ae962-b003-46b4-9f97-fa100f336127,2019-11-26 19:18:27+00:00,2019-11-26 19:21:07+00:00,2,"['cart', 'purchase']",575507751,1,1,1,251.7,2.6666666666666665,0,1,1,True,True,False,1,251.7,0.0,0,0,0,0,0.84,Monitor Only
df140983-f04a-4c9f-871a-4d46e8fc8a54,2019-11-26 19:22:34+00:00,2019-11-26 19:22:34+00:00,1,['cart'],518638608,1,1,0,144.12,0.0,0,1,0,True,False,False,0,144.12,0.0,0,0,0,0,0.0,High Priority
cf21a2b8-4c5f-429f-8a93-4b78f50dc3bc,2019-11-26 19:23:26+00:00,2019-11-26 19:23:26+00:00,1,['cart'],572097074,1,1,1,315.56,0.0,0,1,0,True,False,False,0,315.56,0.0,0,0,0,0,0.0,High Priority
9a9d9a10-e402-49ee-87d7-d5913cdd173a,2019-11-26 19:24:27+00:00,2019-11-26 19:24:27+00:00,1,['cart'],512911145,1,1,1,344.9,0.0,0,1,0,True,False,False,0,344.9,0.0,0,1,1,1,0.0,High Priority
f1ad239e-28b6-430a-8fb5-91681988dc2d,2019-11-26 19:31:44+00:00,2019-11-26 19:31:44+00:00,1,['cart'],574745076,1,1,1,15.34,0.0,0,1,0,True,False,False,0,15.34,0.0,0,0,0,0,0.0,High Priority
46927545-4ea4-4ad5-96e0-8e5b8dad5059,2019-11-26 19:38:50+00:00,2019-11-26 19:38:50+00:00,1,['cart'],540302045,1,1,1,291.04,0.0,0,1,0,True,False,False,0,291.04,0.0,0,0,0,0,0.0,High Priority
edf4f451-89d8-4bf6-93ee-0872108b3982,2019-11-26 19:40:01+00:00,2019-11-26 19:40:01+00:00,1,['cart'],571531441,1,1,1,150.04,0.0,0,1,0,True,False,False,0,150.04,0.0,0,0,0,0,0.0,High Priority
2c53ddf5-f060-404b-88d6-8e63b921206c,2019-11-26 19:41:22+00:00,2019-11-26 19:41:22+00:00,1,['cart'],550929454,1,1,1,53.88,0.0,0,1,0,True,False,False,0,53.88,0.0,0,2,2,2,0.0,High Priority
26388132-8815-43bd-8eec-9b23de24171d,2019-11-26 19:49:42+00:00,2019-11-26 19:49:42+00:00,1,['cart'],564955499,1,1,1,102.71,0.0,0,1,0,True,False,False,0,102.71,0.0,0,0,0,0,0.0,High Priority
cd69f197-6fa9-4f62-8bb8-ce3b910528d5,2019-11-26 19:51:19+00:00,2019-11-26 19:51:19+00:00,1,['cart'],513400718,1,1,1,916.37,0.0,0,1,0,True,False,False,0,916.37,0.0,0,0,0,0,0.0,High Priority
4060f33d-8d18-4fe8-956a-123be1806c0e,2019-11-26 19:53:59+00:00,2019-11-26 19:53:59+00:00,1,['cart'],577065951,1,1,1,125.85,0.0,0,1,0,True,False,False,0,125.85,0.0,0,0,0,0,0.0,High Priority
93f1915a-cd84-4ec7-ad55-fc23f2dd9084,2019-11-26 19:58:33+00:00,2019-11-26 20:00:08+00:00,2,"['cart', 'view']",527609543,1,1,0,571.4,1.5833333333333333,1,1,0,True,False,True,0,571.4,1.0,0,0,0,0,0.01,High Priority
6f5edffb-6e7a-4027-b888-2e6ddc595517,2019-11-26 19:59:55+00:00,2019-11-26 19:59:55+00:00,1,['cart'],566674888,1,1,1,437.31,0.0,0,1,0,True,False,False,0,437.31,0.0,0,0,0,0,0.0,High Priority
64fe0075-8203-4f3b-82f7-b05c61e7f274,2019-11-26 20:29:49+00:00,2019-11-26 20:29:49+00:00,1,['cart'],566804959,1,1,1,168.69,0.0,0,1,0,True,False,False,0,168.69,0.0,0,0,0,0,0.0,High Priority
0d536edd-2366-4b2d-8ae0-221205b6b01c,2019-11-26 20:36:42+00:00,2019-11-26 20:36:42+00:00,1,['cart'],535419123,1,1,1,22.09,0.0,0,1,0,True,False,False,0,22.09,0.0,0,0,0,0,0.0,High Priority
8cc2b491-1021-449f-a48d-326cbbd6d3ba,2019-11-26 20:37:49+00:00,2019-11-26 20:37:49+00:00,1,['cart'],572347339,1,1,1,162.6,0.0,0,1,0,True,False,False,0,162.6,0.0,0,0,0,0,0.0,High Priority
30fa1ca9-d967-412f-8541-15cf61a9d166,2019-11-26 20:38:35+00:00,2019-11-26 20:38:35+00:00,1,['cart'],512821949,1,1,1,86.23,0.0,0,1,0,True,False,False,0,86.23,0.0,0,0,0,0,0.0,High Priority
5bbcdf15-1641-4536-ba2f-924e97e72424,2019-11-26 20:39:58+00:00,2019-11-26 20:39:58+00:00,1,['cart'],540940978,1,1,1,282.63,0.0,0,1,0,True,False,False,0,282.63,0.0,0,0,0,0,0.0,High Priority
ca2e4b91-dd97-4707-aac3-95bcfa0d7c13,2019-11-26 20:40:39+00:00,2019-11-26 20:40:39+00:00,1,['cart'],524488285,1,1,1,174.26,0.0,0,1,0,True,False,False,0,174.26,0.0,0,0,0,0,0.0,High Priority
cb247db7-b3ce-45ce-929c-ab58395875bd,2019-11-26 20:53:42+00:00,2019-11-26 20:53:42+00:00,1,['cart'],556028030,1,1,1,125.85,0.0,0,1,0,True,False,False,0,125.85,0.0,0,0,0,0,0.0,High Priority
5a139513-ce37-4db8-9017-b8b6de133ef7,2019-11-26 21:10:07+00:00,2019-11-26 21:10:07+00:00,1,['cart'],512389278,1,1,1,122.27,0.0,0,1,0,True,False,False,0,122.27,0.0,0,0,0,0,0.0,High Priority
c83549e0-13e9-4e95-8a87-668f43affb8f,2019-11-26 21:35:45+00:00,2019-11-26 21:35:45+00:00,1,['cart'],551635015,1,1,0,614.12,0.0,0,1,0,True,False,False,0,614.12,0.0,0,0,0,0,0.0,High Priority
76101031-e5cb-4a7d-92ec-7575e43cb7ec,2019-11-26 21:57:00+00:00,2019-11-26 21:57:00+00:00,1,['cart'],541966488,1,1,1,94.73,0.0,0,1,0,True,False,False,0,94.73,0.0,0,0,0,0,0.0,High Priority
6f1b1d36-2804-4202-992f-01480c865c7f,2019-11-26 22:00:19+00:00,2019-11-26 22:00:19+00:00,1,['cart'],514444217,1,1,1,594.58,0.0,0,1,0,True,False,False,0,594.58,0.0,0,0,0,0,0.0,High Priority
275446fa-7011-4c87-9624-331fdea1e41c,2019-11-26 22:05:57+00:00,2019-11-26 22:05:57+00:00,1,['cart'],576406353,1,1,1,133.48,0.0,0,1,0,True,False,False,0,133.48,0.0,0,0,0,0,0.0,High Priority
9709cbea-b391-422b-bc2b-f701c418e23c,2019-11-26 22:14:02+00:00,2019-11-26 22:40:51+00:00,2,"['cart', 'view']",527771281,1,1,1,270.28,26.816666666666663,1,1,0,True,False,True,0,270.28,1.0,0,0,0,0,0.0,High Priority
f86979b6-5b57-4006-ac35-34614e862f18,2019-11-26 23:09:59+00:00,2019-11-26 23:09:59+00:00,1,['cart'],519568321,1,1,1,950.98,0.0,0,1,0,True,False,False,0,950.98,0.0,0,0,0,0,0.0,High Priority
03a6311c-8d02-4f76-a98b-fda53e2d8a49,2019-11-26 23:11:54+00:00,2019-11-26 23:11:54+00:00,1,['cart'],568387486,1,1,1,281.87,0.0,0,1,0,True,False,False,0,281.87,0.0,0,0,0,0,0.0,High Priority
555d542d-18d9-47dc-b0b9-0afb2ee40457,2019-11-27 00:46:44+00:00,2019-11-27 00:46:44+00:00,1,['cart'],518125287,1,1,1,41.23,0.0,0,1,0,True,False,False,0,41.23,0.0,0,0,0,0,0.0,High Priority
244b9fb4-bdc7-489a-8e91-fca56ea05cb8,2019-11-27 00:54:03+00:00,2019-11-27 00:54:03+00:00,1,['cart'],566304667,1,1,1,344.9,0.0,0,1,0,True,False,False,0,344.9,0.0,0,1,1,1,0.0,High Priority
e18992a6-fcc1-42e1-9c9c-5f872bc3b61e,2019-11-27 01:29:31+00:00,2019-11-27 01:29:31+00:00,1,['cart'],570976096,1,1,1,77.2,0.0,0,1,0,True,False,False,0,77.2,0.0,0,0,0,0,0.0,High Priority
172801e0-3bda-4897-9caa-35ab5d1f70c5,2019-11-27 01:52:08+00:00,2019-11-27 01:52:08+00:00,1,['cart'],576960926,1,1,1,281.87,0.0,0,1,0,True,False,False,0,281.87,0.0,0,0,0,0,0.0,High Priority
ade53193-3123-4131-8491-597afb61348d,2019-11-27 01:52:55+00:00,2019-11-27 01:52:55+00:00,1,['cart'],558640461,1,1,1,271.82,0.0,0,1,0,True,False,False,0,271.82,0.0,0,0,0,0,0.0,High Priority
dd8abf5e-dfc3-4957-80d7-0adfda3a85b0,2019-11-27 02:00:38+00:00,2019-11-27 02:00:38+00:00,1,['cart'],545527050,1,1,1,69.24,0.0,0,1,0,True,False,False,0,69.24,0.0,0,0,0,0,0.0,High Priority
4c6c2b65-fefa-4de5-9330-31f6d0aec44e,2019-11-27 02:25:36+00:00,2019-11-27 02:26:07+00:00,2,"['cart', 'view']",519134865,2,1,1,33.89,0.5166666666666667,1,1,0,True,False,True,0,16.945,1.0,0,0,0,0,0.0,High Priority
012cf4f1-640f-46fc-801c-827ffc654b21,2019-11-27 02:26:27+00:00,2019-11-27 02:26:27+00:00,1,['cart'],515356818,1,1,1,173.49,0.0,0,1,0,True,False,False,0,173.49,0.0,0,0,0,0,0.0,High Priority
df194067-a1b2-44b9-bbe6-c77a850cdfcd,2019-11-27 02:27:29+00:00,2019-11-27 02:27:29+00:00,1,['cart'],571659509,1,1,1,32.18,0.0,0,1,0,True,False,False,0,32.18,0.0,0,0,0,0,0.0,High Priority
89cdc23f-66db-4914-b05f-c4af61b6d9af,2019-11-27 02:29:36+00:00,2019-11-27 02:29:36+00:00,1,['cart'],512791160,1,1,1,43.73,0.0,0,1,0,True,False,False,0,43.73,0.0,0,0,0,0,0.0,High Priority
3586faa2-dfa9-4fee-b127-67d93a966264,2019-11-27 02:40:03+00:00,2019-11-27 02:40:03+00:00,1,['cart'],532547188,1,1,1,589.44,0.0,0,1,0,True,False,False,0,589.44,0.0,0,0,0,0,0.0,High Priority
69f2ff46-1883-43ec-aebb-1c581fc35572,2019-11-27 02:44:01+00:00,2019-11-27 02:44:01+00:00,1,['cart'],517820711,1,1,1,168.69,0.0,0,1,0,True,False,False,0,168.69,0.0,0,0,0,0,0.0,High Priority
3c8bd47d-e763-4ea1-905e-6d96ea8e2b3e,2019-11-27 02:46:24+00:00,2019-11-27 02:46:24+00:00,1,['cart'],544274649,1,1,1,235.59,0.0,0,1,0,True,False,False,0,235.59,0.0,0,0,0,0,0.0,High Priority
fa46ed16-d43f-4f9a-932b-f1e038b0e26e,2019-11-27 02:48:22+00:00,2019-11-27 02:48:22+00:00,1,['cart'],514431282,1,1,1,168.69,0.0,0,1,0,True,False,False,0,168.69,0.0,0,1,1,1,0.0,High Priority
d906f0f6-0594-4f5d-8de2-2b2f2fab500b,2019-11-27 03:02:15+00:00,2019-11-27 03:02:15+00:00,1,['cart'],576958370,1,1,1,15.19,0.0,0,1,0,True,False,False,0,15.19,0.0,0,0,0,0,0.0,High Priority
ae8aeeab-9206-4549-a475-59b13a334d62,2019-11-27 03:10:16+00:00,2019-11-27 03:10:16+00:00,1,['cart'],576970979,1,1,1,133.49,0.0,0,1,0,True,False,False,0,133.49,0.0,0,0,0,0,0.0,High Priority
74dca8bd-6708-4dbe-abb5-a222d88f9a57,2019-11-27 03:23:48+00:00,2019-11-27 03:23:48+00:00,1,['cart'],524089375,1,1,1,486.76,0.0,0,1,0,True,False,False,0,486.76,0.0,0,0,0,0,0.0,High Priority
f8cdd5e9-c27a-2628-20a6-0c2dd4521b97,2019-11-27 03:23:50+00:00,2019-11-27 03:23:50+00:00,1,['cart'],568860347,1,1,1,283.12,0.0,0,1,0,True,False,False,0,283.12,0.0,0,0,0,0,0.0,High Priority
6dd6c8c5-7a83-4076-ab3d-5f95b314c41e,2019-11-27 03:29:55+00:00,2019-11-27 03:29:55+00:00,1,['cart'],570930294,1,1,1,89.58,0.0,0,1,0,True,False,False,0,89.58,0.0,0,0,0,0,0.0,High Priority
6bd6d96d-ae11-4646-99cc-e9444610b5a1,2019-11-27 03:36:28+00:00,2019-11-27 03:36:28+00:00,1,['cart'],563914396,1,1,1,978.15,0.0,0,1,0,True,False,False,0,978.15,0.0,0,0,0,0,0.0,High Priority
8e89091d-363a-495f-82cd-f256393ea4b2,2019-11-27 03:42:12+00:00,2019-11-27 03:42:12+00:00,1,['cart'],572089502,1,1,1,246.94,0.0,0,1,0,True,False,False,0,246.94,0.0,0,1,1,1,0.0,High Priority
24d375ec-7912-4983-aa0e-baa801ba872d,2019-11-27 03:46:03+00:00,2019-11-27 03:46:03+00:00,1,['cart'],550017503,1,1,1,115.52,0.0,0,1,0,True,False,False,0,115.52,0.0,0,0,0,0,0.0,High Priority
10660be7-bbe3-4b7d-9ff1-57af05e5b730,2019-11-27 03:50:15+00:00,2019-11-27 03:50:15+00:00,1,['cart'],566790145,1,1,1,62.55,0.0,0,1,0,True,False,False,0,62.55,0.0,0,0,0,0,0.0,High Priority
26ffa5d8-9a0f-46a3-a1aa-f5157086ce48,2019-11-27 03:51:51+00:00,2019-11-27 03:51:51+00:00,1,['cart'],526040765,1,1,1,80.04,0.0,0,1,0,True,False,False,0,80.04,0.0,0,0,0,0,0.0,High Priority
d4cd4a1c-4731-45e0-a2ec-4f0690aa6886,2019-11-27 03:52:08+00:00,2019-11-27 03:52:08+00:00,1,['cart'],514002085,1,1,1,20.57,0.0,0,1,0,True,False,False,0,20.57,0.0,0,0,0,0,0.0,High Priority
5055ae94-e57a-49db-b9f2-212210d22a5c,2019-11-27 03:55:44+00:00,2019-11-27 03:55:44+00:00,1,['cart'],552297692,1,1,1,246.94,0.0,0,1,0,True,False,False,0,246.94,0.0,0,0,0,0,0.0,High Priority
6db36a4b-b3f2-4123-b298-b62e4075a8be,2019-11-27 03:56:19+00:00,2019-11-27 03:56:19+00:00,1,['cart'],577312160,1,1,1,120.98,0.0,0,1,0,True,False,False,0,120.98,0.0,0,0,0,0,0.0,High Priority
471300cc-d81c-4f9d-915a-59c523d5909c,2019-11-27 03:58:09+00:00,2019-11-27 03:58:09+00:00,1,['cart'],565950603,1,1,1,39.87,0.0,0,1,0,True,False,False,0,39.87,0.0,0,0,0,0,0.0,High Priority
41585702-9f0b-4ea5-b4c6-aac0090a8b87,2019-11-27 04:00:31+00:00,2019-11-27 04:00:31+00:00,1,['cart'],553070817,1,1,1,205.67,0.0,0,1,0,True,False,False,0,205.67,0.0,0,0,0,0,0.0,High Priority
09cb0c8a-fe6f-4ee6-8afe-28f11d692adb,2019-11-27 04:02:39+00:00,2019-11-27 04:03:06+00:00,2,"['cart', 'view']",513062740,1,1,1,1901.96,0.45,1,1,0,True,False,True,0,1901.96,1.0,0,0,0,0,0.0,High Priority
61866f45-c0e0-4452-99aa-81de02f5a304,2019-11-27 04:05:44+00:00,2019-11-27 04:05:44+00:00,1,['cart'],573338022,1,1,1,168.69,0.0,0,1,0,True,False,False,0,168.69,0.0,0,0,0,0,0.0,High Priority
221d57a5-d900-44c4-ac62-ffa2cabe3643,2019-11-27 04:07:49+00:00,2019-11-27 04:07:49+00:00,1,['cart'],577395432,1,1,1,39.9,0.0,0,1,0,True,False,False,0,39.9,0.0,0,0,0,0,0.0,High Priority
0452e247-a604-4a3a-b6f0-f78af9a78732,2019-11-27 04:10:43+00:00,2019-11-27 04:10:43+00:00,1,['cart'],519982161,1,1,1,90.09,0.0,0,1,0,True,False,False,0,90.09,0.0,0,0,0,0,0.0,High Priority
93d9e70c-0599-4c00-a9e8-4d491e4471e9,2019-11-27 04:11:01+00:00,2019-11-27 04:11:01+00:00,1,['cart'],552111686,1,1,1,85.82,0.0,0,1,0,True,False,False,0,85.82,0.0,0,0,0,0,0.0,High Priority
52a3f45b-fd64-4295-90e5-38fd09189f08,2019-11-27 04:12:27+00:00,2019-11-27 04:12:27+00:00,1,['cart'],557106814,1,1,1,25.2,0.0,0,1,0,True,False,False,0,25.2,0.0,0,0,0,0,0.0,High Priority
49a9dc25-d2ed-4045-bb3c-b55d3abecb1f,2019-11-27 04:14:39+00:00,2019-11-27 04:14:47+00:00,2,"['cart', 'view']",513020714,1,1,1,97.3,0.1333333333333333,1,1,0,True,False,True,0,97.3,1.0,0,0,0,0,0.0,High Priority
debbbfff-bb56-4a58-b0c9-3ab66fd4e86c,2019-11-27 04:20:30+00:00,2019-11-27 04:20:30+00:00,1,['cart'],552852475,1,1,1,61.49,0.0,0,1,0,True,False,False,0,61.49,0.0,0,0,0,0,0.0,High Priority
a3fd173a-c98a-492a-bc14-9cb0a427404f,2019-11-27 04:21:50+00:00,2019-11-27 04:21:50+00:00,1,['cart'],512732787,1,1,1,493.94,0.0,0,1,0,True,False,False,0,493.94,0.0,0,0,0,0,0.0,High Priority
8f7bc95c-5b04-4027-b0d6-55395c4127ad,2019-11-27 04:22:31+00:00,2019-11-27 04:22:31+00:00,1,['cart'],514636962,1,1,1,47.62,0.0,0,1,0,True,False,False,0,47.62,0.0,0,0,0,0,0.0,High Priority
2bfdb703-3f76-47e0-823d-46ad743bc9c9,2019-11-27 04:24:35+00:00,2019-11-27 04:24:35+00:00,1,['cart'],559244686,1,1,1,769.34,0.0,0,1,0,True,False,False,0,769.34,0.0,0,0,0,0,0.0,High Priority
5d72a462-6ba6-457c-b4ed-eb757ee99535,2019-11-27 04:29:23+00:00,2019-11-27 04:29:23+00:00,1,['cart'],512421160,1,1,1,1029.34,0.0,0,1,0,True,False,False,0,1029.34,0.0,0,0,0,0,0.0,High Priority
4bf2634e-f092-4d65-be0b-be00edcf8cfa,2019-11-27 04:29:45+00:00,2019-11-27 05:19:06+00:00,2,"['cart', 'view']",515017856,2,2,1,279.03,49.35,1,1,0,True,False,True,0,139.515,1.0,0,0,0,0,0.0,High Priority
bae23c2c-b1cb-4e0b-a00d-c7d0f9594cb9,2019-11-27 04:34:07+00:00,2019-11-27 04:34:07+00:00,1,['cart'],577412571,1,1,1,87.49,0.0,0,1,0,True,False,False,0,87.49,0.0,0,0,0,0,0.0,High Priority
6a160134-ecd1-48ee-8b90-76aa338418d7,2019-11-27 04:36:00+00:00,2019-11-27 04:36:00+00:00,1,['cart'],572440929,1,1,1,56.37,0.0,0,1,0,True,False,False,0,56.37,0.0,0,2,2,2,0.0,High Priority
976ea804-1926-4a7b-b80c-5a888e237121,2019-11-27 04:38:39+00:00,2019-11-27 04:38:39+00:00,1,['cart'],573275353,1,1,1,11.04,0.0,0,1,0,True,False,False,0,11.04,0.0,0,0,0,0,0.0,High Priority
c79f0fc6-7579-4642-80b7-f38463c91593,2019-11-27 04:40:42+00:00,2019-11-27 04:40:42+00:00,1,['cart'],527010930,1,1,1,66.41,0.0,0,1,0,True,False,False,0,66.41,0.0,0,0,0,0,0.0,High Priority
31d0aad3-bef0-476d-8cd0-00780659f114,2019-11-27 04:40:48+00:00,2019-11-27 04:40:48+00:00,1,['cart'],517044519,1,1,1,168.69,0.0,0,1,0,True,False,False,0,168.69,0.0,0,0,0,0,0.0,High Priority
4b805115-e2e0-475a-8b73-ff32a9401a58,2019-11-27 04:41:32+00:00,2019-11-27 04:41:32+00:00,1,['cart'],577415155,1,1,1,916.37,0.0,0,1,0,True,False,False,0,916.37,0.0,0,0,0,0,0.0,High Priority
d0da503a-7bc6-4846-9ab9-0f64b6f370cd,2019-11-27 04:43:40+00:00,2019-11-27 04:43:40+00:00,1,['cart'],551955880,1,1,1,130.05,0.0,0,1,0,True,False,False,0,130.05,0.0,0,0,0,0,0.0,High Priority
be638a44-d852-4457-a608-65372f340570,2019-11-27 04:49:07+00:00,2019-11-27 04:49:07+00:00,1,['cart'],518688315,1,1,1,123.56,0.0,0,1,0,True,False,False,0,123.56,0.0,0,1,1,1,0.0,High Priority
d78d1adf-e524-4f76-adb6-c3f4fd40fce7,2019-11-27 04:51:38+00:00,2019-11-27 04:51:38+00:00,1,['cart'],512386086,1,1,1,916.37,0.0,0,1,0,True,False,False,0,916.37,0.0,0,0,0,0,0.0,High Priority
f317b702-a6ca-450e-8e81-aa691131336e,2019-11-27 04:52:49+00:00,2019-11-27 04:52:49+00:00,1,['cart'],521760649,1,1,1,489.05,0.0,0,1,0,True,False,False,0,489.05,0.0,0,0,0,0,0.0,High Priority
323b39d3-05bd-423a-9adf-f8e20f434bdc,2019-11-27 04:54:09+00:00,2019-11-27 04:54:09+00:00,1,['cart'],577416787,1,1,1,109.4,0.0,0,1,0,True,False,False,0,109.4,0.0,0,0,0,0,0.0,High Priority
080670ee-1c87-40de-9c88-bc674df841d2,2019-11-27 04:55:39+00:00,2019-11-27 04:55:39+00:00,1,['cart'],540035792,1,1,0,180.06,0.0,0,1,0,True,False,False,0,180.06,0.0,0,0,0,0,0.0,High Priority
147a680e-ba99-4283-ad83-43ac68c13c15,2019-11-27 04:55:58+00:00,2019-11-27 04:55:58+00:00,1,['cart'],540842162,1,1,1,916.37,0.0,0,1,0,True,False,False,0,916.37,0.0,0,0,0,0,0.0,High Priority
54113232-2078-494b-b722-beb344515353,2019-11-27 04:59:17+00:00,2019-11-27 04:59:17+00:00,1,['cart'],526929108,1,1,1,15.16,0.0,0,1,0,True,False,False,0,15.16,0.0,0,0,0,0,0.0,High Priority
323e4716-24ed-40fc-b75c-6ab46e0d9a6f,2019-11-27 04:59:47+00:00,2019-11-27 04:59:47+00:00,1,['cart'],524362166,1,1,1,124.29,0.0,0,1,0,True,False,False,0,124.29,0.0,0,0,0,0,0.0,High Priority
a8a5d0d1-6252-474f-a6c8-7c7431b69c84,2019-11-27 04:59:53+00:00,2019-11-27 04:59:53+00:00,1,['cart'],563555954,1,1,1,229.71,0.0,0,1,0,True,False,False,0,229.71,0.0,0,0,0,0,0.0,High Priority
1687de72-7271-4dd9-9a57-f8e7dbca6250,2019-11-27 05:02:13+00:00,2019-11-27 05:02:13+00:00,1,['cart'],513082663,1,1,1,113.23,0.0,0,1,0,True,False,False,0,113.23,0.0,0,0,0,0,0.0,High Priority
12089f67-f9c9-47d3-bdc8-ddcc0a8a2aa6,2019-11-27 05:04:10+00:00,2019-11-27 05:04:10+00:00,1,['cart'],577421048,1,1,1,42.99,0.0,0,1,0,True,False,False,0,42.99,0.0,0,0,0,0,0.0,High Priority
3b1dca80-d3be-4e37-8284-e0669ffaeb1e,2019-11-27 05:11:57+00:00,2019-11-27 05:11:57+00:00,1,['cart'],542546958,1,1,1,25.75,0.0,0,1,0,True,False,False,0,25.75,0.0,0,0,0,0,0.0,High Priority
0e9d773d-f019-4d97-a6ac-02fc6e13057e,2019-11-27 05:16:06+00:00,2019-11-27 05:18:12+00:00,2,"['cart', 'view']",526988594,2,2,1,441.97,2.1,1,1,0,True,False,True,0,220.985,1.0,0,0,0,0,0.0,High Priority
d6a8e8e6-430e-4bae-ae7b-37c2d881692e,2019-11-27 05:20:55+00:00,2019-11-27 05:20:55+00:00,1,['cart'],523470544,1,1,1,40.36,0.0,0,1,0,True,False,False,0,40.36,0.0,0,0,0,0,0.0,High Priority
af9ae4e8-9c95-4db5-8d77-6b10ace7ae21,2019-11-27 05:21:46+00:00,2019-11-27 05:21:46+00:00,1,['cart'],577423853,1,1,1,125.85,0.0,0,1,0,True,False,False,0,125.85,0.0,0,0,0,0,0.0,High Priority
ad181212-576b-422a-ab58-1cbbf0b313b2,2019-11-27 05:22:28+00:00,2019-11-27 05:22:28+00:00,1,['cart'],560421075,1,1,1,392.47,0.0,0,1,0,True,False,False,0,392.47,0.0,0,0,0,0,0.0,High Priority
99d0fea5-3719-49bb-9a59-792fab3dfa9a,2019-11-27 05:23:41+00:00,2019-11-27 05:23:41+00:00,1,['cart'],574215184,1,1,1,125.83,0.0,0,1,0,True,False,False,0,125.83,0.0,0,0,0,0,0.0,High Priority
34f4e122-84fb-46a5-96da-356b08e89d4b,2019-11-27 05:23:48+00:00,2019-11-27 05:23:48+00:00,1,['cart'],513732283,1,1,0,427.04,0.0,0,1,0,True,False,False,0,427.04,0.0,0,0,0,0,0.0,High Priority
2f89496c-4418-4183-b3c5-68366a3ab180,2019-11-27 05:25:06+00:00,2019-11-27 05:25:06+00:00,1,['cart'],552477651,1,1,0,15.38,0.0,0,1,0,True,False,False,0,15.38,0.0,0,0,0,0,0.0,High Priority
bd691fdc-fd76-4a44-b187-49aefbaac0f1,2019-11-27 05:31:38+00:00,2019-11-27 05:31:38+00:00,1,['cart'],577424560,1,1,1,9.5,0.0,0,1,0,True,False,False,0,9.5,0.0,0,0,0,0,0.0,High Priority
9b34e5db-712a-4bc6-827c-8bd336e3b6af,2019-11-27 05:33:20+00:00,2019-11-27 05:33:20+00:00,1,['cart'],563276751,1,1,1,154.19,0.0,0,1,0,True,False,False,0,154.19,0.0,0,0,0,0,0.0,High Priority
9cc20b10-4c7c-41f9-9faf-31cf7a242e44,2019-11-27 05:34:41+00:00,2019-11-27 05:34:41+00:00,1,['cart'],513324679,1,1,1,71.3,0.0,0,1,0,True,False,False,0,71.3,0.0,0,0,0,0,0.0,High Priority
cc9d5d66-d84e-4983-b60b-efaff459d3c4,2019-11-27 05:36:23+00:00,2019-11-27 05:36:23+00:00,1,['cart'],567824844,1,1,1,69.5,0.0,0,1,0,True,False,False,0,69.5,0.0,0,0,0,0,0.0,High Priority
30ee9588-3c96-4ffe-af9f-ac70cf1a4c04,2019-11-27 05:42:32+00:00,2019-11-27 05:42:32+00:00,1,['cart'],560808849,1,1,1,125.85,0.0,0,1,0,True,False,False,0,125.85,0.0,0,0,0,0,0.0,High Priority
c10d8a38-4c64-44b4-8e20-b3047593e5d8,2019-11-27 05:42:32+00:00,2019-11-27 05:42:32+00:00,1,['cart'],567016478,1,1,1,256.74,0.0,0,1,0,True,False,False,0,256.74,0.0,0,0,0,0,0.0,High Priority
21d4b37a-37a0-453c-9b1b-2a4dc6dd57b1,2019-11-27 05:42:33+00:00,2019-11-27 05:42:33+00:00,1,['cart'],563361767,1,1,1,12.84,0.0,0,1,0,True,False,False,0,12.84,0.0,0,0,0,0,0.0,High Priority
61a2c847-4a93-46d8-9308-b842d78f3f55,2019-11-27 05:42:53+00:00,2019-11-27 05:42:53+00:00,1,['cart'],513199281,1,1,1,1387.4,0.0,0,1,0,True,False,False,0,1387.4,0.0,0,0,0,0,0.0,High Priority
799e7801-bfc2-43ba-9242-f36c9b76af09,2019-11-27 05:50:08+00:00,2019-11-27 05:50:08+00:00,1,['cart'],513997282,1,1,1,18.74,0.0,0,1,0,True,False,False,0,18.74,0.0,0,0,0,0,0.0,High Priority
ff30ef37-fd68-4155-8dc7-ca4e86e65639,2019-11-27 05:52:36+00:00,2019-11-27 05:52:36+00:00,1,['cart'],576797167,1,1,1,125.85,0.0,0,1,0,True,False,False,0,125.85,0.0,0,0,0,0,0.0,High Priority
ee134afe-7e87-400c-9b92-3644acf5e540,2019-11-27 05:53:05+00:00,2019-11-27 05:53:05+00:00,1,['cart'],512672336,1,1,1,171.34,0.0,0,1,0,True,False,False,0,171.34,0.0,0,0,0,0,0.0,High Priority
37931946-4b2a-4cdb-a3d0-e59950e68e66,2019-11-27 05:55:01+00:00,2019-11-27 05:55:01+00:00,1,['cart'],547834781,1,1,1,168.83,0.0,0,1,0,True,False,False,0,168.83,0.0,0,0,0,0,0.0,High Priority
646bfbf9-c0d6-4bac-829e-daebaf2d9acf,2019-11-27 05:55:42+00:00,2019-11-27 05:55:42+00:00,1,['cart'],577440335,1,1,1,155.29,0.0,0,1,0,True,False,False,0,155.29,0.0,0,0,0,0,0.0,High Priority
80edb3e5-b251-4599-ab7f-198f7713419b,2019-11-27 05:56:19+00:00,2019-11-27 05:56:19+00:00,1,['cart'],574522530,1,1,1,267.45,0.0,0,1,0,True,False,False,0,267.45,0.0,0,0,0,0,0.0,High Priority
6167c8d9-0185-4b9c-b4d7-604f2eaa1d11,2019-11-27 05:57:01+00:00,2019-11-27 05:57:01+00:00,1,['cart'],524842714,1,1,1,84.94,0.0,0,1,0,True,False,False,0,84.94,0.0,0,0,0,0,0.0,High Priority
84d6b753-bcbe-4424-8bef-e62f2c7ce7c6,2019-11-27 05:57:50+00:00,2019-11-27 05:57:50+00:00,1,['cart'],549794902,1,1,1,141.32,0.0,0,1,0,True,False,False,0,141.32,0.0,0,0,0,0,0.0,High Priority
3634193b-ac23-45ea-b86a-b2c4b059e1a7,2019-11-27 05:58:54+00:00,2019-11-27 05:58:54+00:00,1,['cart'],512873676,1,1,1,40.41,0.0,0,1,0,True,False,False,0,40.41,0.0,0,0,0,0,0.0,High Priority
46b4ff36-1632-4b0a-b185-467ee03bc0d2,2019-11-27 05:59:00+00:00,2019-11-27 05:59:00+00:00,1,['cart'],515628083,1,1,1,165.51,0.0,0,1,0,True,False,False,0,165.51,0.0,0,0,0,0,0.0,High Priority
00c43d82-45dc-4a1f-9c8c-fc15228e9729,2019-11-27 06:04:46+00:00,2019-11-27 06:04:46+00:00,1,['cart'],575229028,1,1,1,231.64,0.0,0,1,0,True,False,False,0,231.64,0.0,0,0,0,0,0.0,High Priority
4bf6bec4-548a-4de4-ba6b-2e1b8678867c,2019-11-27 06:05:59+00:00,2019-11-27 06:05:59+00:00,1,['cart'],522648813,1,1,1,41.16,0.0,0,1,0,True,False,False,0,41.16,0.0,0,0,0,0,0.0,High Priority
a8904869-4b1e-4acb-8629-0886d5f438e3,2019-11-27 06:06:08+00:00,2019-11-27 06:06:08+00:00,1,['cart'],520116896,1,1,0,7.59,0.0,0,1,0,True,False,False,0,7.59,0.0,0,0,0,0,0.0,High Priority
5f3c3247-0a6e-45ff-a449-8053742dc444,2019-11-27 06:08:12+00:00,2019-11-27 06:08:12+00:00,1,['cart'],574497703,1,1,1,1362.45,0.0,0,1,0,True,False,False,0,1362.45,0.0,0,0,0,0,0.0,High Priority
edf737b4-db75-43c9-b129-0799e0062b2d,2019-11-27 06:09:11+00:00,2019-11-27 06:09:11+00:00,1,['cart'],526726468,1,1,1,185.33,0.0,0,1,0,True,False,False,0,185.33,0.0,0,0,0,0,0.0,High Priority
c30b0383-b909-45f5-9ad2-e58785629bd4,2019-11-27 06:10:19+00:00,2019-11-27 07:11:39+00:00,2,"['cart', 'view']",554157459,2,1,1,694.95,61.333333333333336,1,1,0,True,False,True,0,347.475,1.0,0,0,0,0,0.0,High Priority
a862f572-d00c-432a-96b1-e2d14bba003a,2019-11-27 06:11:26+00:00,2019-11-27 06:11:26+00:00,1,['cart'],552329980,1,1,1,114.65,0.0,0,1,0,True,False,False,0,114.65,0.0,0,0,0,0,0.0,High Priority
0ff23ec9-87e3-4318-a121-0b1861422dd7,2019-11-27 06:12:34+00:00,2019-11-27 06:12:34+00:00,1,['cart'],577427781,1,1,1,66.41,0.0,0,1,0,True,False,False,0,66.41,0.0,0,0,0,0,0.0,High Priority
35b0010b-8da2-48e8-b75e-47ed054647f3,2019-11-27 06:13:47+00:00,2019-11-27 06:13:47+00:00,1,['cart'],522595458,1,1,1,73.36,0.0,0,1,0,True,False,False,0,73.36,0.0,0,0,0,0,0.0,High Priority
e65db1e9-1c1a-4c46-aa6f-d3e3546c69f7,2019-11-27 06:14:55+00:00,2019-11-27 06:14:55+00:00,1,['cart'],557278533,1,1,0,87.0,0.0,0,1,0,True,False,False,0,87.0,0.0,0,0,0,0,0.0,High Priority
0d409926-8443-4cec-b855-5651c6a87f91,2019-11-27 06:15:21+00:00,2019-11-27 06:15:21+00:00,1,['cart'],536599394,1,1,1,51.46,0.0,0,1,0,True,False,False,0,51.46,0.0,0,0,0,0,0.0,High Priority
ecdf3809-24cb-45ad-abf6-780ab0179787,2019-11-27 06:18:28+00:00,2019-11-27 06:18:28+00:00,1,['cart'],513640868,1,1,1,127.93,0.0,0,1,0,True,False,False,0,127.93,0.0,0,1,1,1,0.0,High Priority
ff39be6a-604a-4117-858e-75c4d755139d,2019-11-27 06:19:29+00:00,2019-11-27 06:19:29+00:00,1,['cart'],538625516,1,1,1,104.25,0.0,0,1,0,True,False,False,0,104.25,0.0,0,0,0,0,0.0,High Priority
34d69501-3078-457c-a649-473d2a24401d,2019-11-27 06:21:10+00:00,2019-11-27 06:21:10+00:00,1,['cart'],577446533,1,1,1,125.85,0.0,0,1,0,True,False,False,0,125.85,0.0,0,0,0,0,0.0,High Priority
eb17cb37-7baf-4521-844a-b1a7d9acbcb9,2019-11-27 06:24:03+00:00,2019-11-27 06:24:03+00:00,1,['cart'],513989429,1,1,1,180.16,0.0,0,1,0,True,False,False,0,180.16,0.0,0,0,0,0,0.0,High Priority
a7c76846-4560-404a-b8cc-021a96cddfce,2019-11-27 06:24:41+00:00,2019-11-27 06:24:41+00:00,1,['cart'],575754978,1,1,1,141.55,0.0,0,1,0,True,False,False,0,141.55,0.0,0,0,0,0,0.0,High Priority
e16ef071-2fd9-44be-a5ce-79a604906869,2019-11-27 06:25:58+00:00,2019-11-27 06:25:58+00:00,1,['cart'],533848692,1,1,1,49.42,0.0,0,1,0,True,False,False,0,49.42,0.0,0,0,0,0,0.0,High Priority
828677fd-7c4b-4f13-b3d9-8b5a7658c4ca,2019-11-27 06:26:30+00:00,2019-11-27 06:26:30+00:00,1,['cart'],515750253,1,1,0,102.08,0.0,0,1,0,True,False,False,0,102.08,0.0,0,0,0,0,0.0,High Priority
449e2f40-da66-4916-b50e-452e4bebda13,2019-11-27 06:26:35+00:00,2019-11-27 06:26:35+00:00,1,['cart'],571711147,1,1,1,92.38,0.0,0,1,0,True,False,False,0,92.38,0.0,0,0,0,0,0.0,High Priority
4c57238a-a9af-4d13-aab6-8c1f8627aede,2019-11-27 06:27:16+00:00,2019-11-27 06:27:16+00:00,1,['cart'],542173637,1,1,1,162.6,0.0,0,1,0,True,False,False,0,162.6,0.0,0,0,0,0,0.0,High Priority
ea6f8739-08c2-44e1-96d0-1d8bdbc3936e,2019-11-27 06:31:48+00:00,2019-11-27 06:31:48+00:00,1,['cart'],515385835,1,1,1,197.65,0.0,0,1,0,True,False,False,0,197.65,0.0,0,0,0,0,0.0,High Priority
64cf0245-57f3-480f-afbb-6c5e1424f925,2019-11-27 06:33:25+00:00,2019-11-27 06:33:25+00:00,1,['cart'],512418105,1,1,1,176.31,0.0,0,1,0,True,False,False,0,176.31,0.0,0,0,0,0,0.0,High Priority
3473084b-62b0-4eef-b535-73d91b0e698a,2019-11-27 06:34:39+00:00,2019-11-27 06:34:39+00:00,1,['cart'],513734340,1,1,1,916.37,0.0,0,1,0,True,False,False,0,916.37,0.0,0,0,0,0,0.0,High Priority
eb4255d2-9041-42ea-98c5-7a5a536314fa,2019-11-27 06:36:20+00:00,2019-11-27 06:36:20+00:00,1,['cart'],564447069,1,1,1,123.56,0.0,0,1,0,True,False,False,0,123.56,0.0,0,0,0,0,0.0,High Priority
e608115d-bd73-42a1-8de9-18880311f7f1,2019-11-27 06:37:42+00:00,2019-11-27 06:37:42+00:00,1,['cart'],554942240,1,1,1,35.52,0.0,0,1,0,True,False,False,0,35.52,0.0,0,0,0,0,0.0,High Priority
29e3362e-d35a-45a7-b01d-baa9aee5836a,2019-11-27 06:37:43+00:00,2019-11-27 06:37:43+00:00,1,['cart'],517705896,1,1,0,28.83,0.0,0,1,0,True,False,False,0,28.83,0.0,0,0,0,0,0.0,High Priority
8eae3b9f-4053-45d2-b7a6-aed6406ebbca,2019-11-27 06:38:33+00:00,2019-11-27 06:38:33+00:00,1,['cart'],577457631,1,1,1,152.86,0.0,0,1,0,True,False,False,0,152.86,0.0,0,0,0,0,0.0,High Priority
523cf7c8-543e-4c36-bfc6-51ee927b98c5,2019-11-27 06:39:06+00:00,2019-11-27 06:39:06+00:00,1,['cart'],577434234,1,1,1,141.55,0.0,0,1,0,True,False,False,0,141.55,0.0,0,0,0,0,0.0,High Priority
479cef6c-fd99-4693-86eb-3c5dfe862f91,2019-11-27 06:40:37+00:00,2019-11-27 06:40:37+00:00,1,['cart'],575504792,1,1,1,90.02,0.0,0,1,0,True,False,False,0,90.02,0.0,0,0,0,0,0.0,High Priority
4acc81f6-f66c-4fb0-81af-a3cb28396d4f,2019-11-27 06:43:15+00:00,2019-11-27 06:43:15+00:00,1,['cart'],521695466,1,1,1,38.59,0.0,0,1,0,True,False,False,0,38.59,0.0,0,0,0,0,0.0,High Priority
aa6088b3-f62d-4f08-9ccd-d4fa23e6d40d,2019-11-27 06:43:18+00:00,2019-11-27 06:43:18+00:00,1,['cart'],523727654,1,1,1,745.19,0.0,0,1,0,True,False,False,0,745.19,0.0,0,0,0,0,0.0,High Priority
d221ca2b-2399-4914-abc6-cfa95cc61d50,2019-11-27 06:44:02+00:00,2019-11-27 06:44:02+00:00,1,['cart'],520001338,1,1,1,19.82,0.0,0,1,0,True,False,False,0,19.82,0.0,0,0,0,0,0.0,High Priority
6f3697c0-62f4-4b83-b904-9f07d2c9013c,2019-11-27 06:44:19+00:00,2019-11-27 06:44:19+00:00,1,['cart'],566940558,1,1,0,36.04,0.0,0,1,0,True,False,False,0,36.04,0.0,0,0,0,0,0.0,High Priority
dbce5422-b346-4639-86d3-5008a63c820b,2019-11-27 06:44:27+00:00,2019-11-27 06:44:27+00:00,1,['cart'],518609170,1,1,0,25.74,0.0,0,1,0,True,False,False,0,25.74,0.0,0,0,0,0,0.0,High Priority
95b28e91-1920-48f0-b728-0644e761d97f,2019-11-27 06:51:20+00:00,2019-11-27 06:51:20+00:00,1,['cart'],576037565,1,1,1,53.54,0.0,0,1,0,True,False,False,0,53.54,0.0,0,0,0,0,0.0,High Priority
fa3bda4a-57e1-4da9-a5af-f07626cdb475,2019-11-27 06:52:09+00:00,2019-11-27 06:52:09+00:00,1,['cart'],520432878,1,1,1,282.63,0.0,0,1,0,True,False,False,0,282.63,0.0,0,0,0,0,0.0,High Priority
d05c1986-d2d9-402e-af74-7921a80265e4,2019-11-27 06:52:28+00:00,2019-11-27 06:52:28+00:00,1,['cart'],526617638,1,1,1,71.46,0.0,0,1,0,True,False,False,0,71.46,0.0,0,0,0,0,0.0,High Priority
5ca230b5-be27-425c-ab99-5a14562985f9,2019-11-27 06:58:52+00:00,2019-11-27 06:58:52+00:00,1,['cart'],514114027,1,1,1,916.37,0.0,0,1,0,True,False,False,0,916.37,0.0,0,0,0,0,0.0,High Priority
f6eda135-98a6-4600-9518-919568cb86c4,2019-11-27 07:00:20+00:00,2019-11-27 07:01:06+00:00,2,"['cart', 'view']",516506125,1,1,1,581.22,0.7666666666666667,1,1,0,True,False,True,0,581.22,1.0,0,0,0,0,0.0,High Priority
979bca84-8d13-49ef-a382-e2880b07598f,2019-11-27 07:00:56+00:00,2019-11-27 07:00:56+00:00,1,['cart'],549619008,1,1,1,45.82,0.0,0,1,0,True,False,False,0,45.82,0.0,0,0,0,0,0.0,High Priority
f870f2ee-9788-45cd-9d8b-1be81795cd67,2019-11-27 07:01:16+00:00,2019-11-27 07:01:16+00:00,1,['cart'],573647968,1,1,1,1002.86,0.0,0,1,0,True,False,False,0,1002.86,0.0,0,0,0,0,0.0,High Priority
6bb6a7ef-8d57-4b36-ba2d-8d4d1c3bdf9f,2019-11-27 07:03:06+00:00,2019-11-27 07:03:06+00:00,1,['cart'],513190103,1,1,1,480.06,0.0,0,1,0,True,False,False,0,480.06,0.0,0,0,0,0,0.0,High Priority
2ab63af6-4534-491a-a640-cc98a1023f37,2019-11-27 07:03:51+00:00,2019-11-27 07:03:51+00:00,1,['cart'],518073808,1,1,0,46.08,0.0,0,1,0,True,False,False,0,46.08,0.0,0,0,0,0,0.0,High Priority
52eae84c-2b1d-46e6-b15f-62b1c88f0b19,2019-11-27 07:03:58+00:00,2019-11-27 07:03:58+00:00,1,['cart'],546842053,1,1,1,143.58,0.0,0,1,0,True,False,False,0,143.58,0.0,0,0,0,0,0.0,High Priority
064de60e-821e-4f6b-b4cb-aff9b34ea2ee,2019-11-27 07:04:31+00:00,2019-11-27 07:04:31+00:00,1,['cart'],552362578,1,1,1,10.27,0.0,0,1,0,True,False,False,0,10.27,0.0,0,0,0,0,0.0,High Priority
34527726-38a3-4e44-b492-67ff2f5d4c0b,2019-11-27 07:10:14+00:00,2019-11-27 07:10:14+00:00,1,['cart'],523317775,1,1,1,1362.45,0.0,0,1,0,True,False,False,0,1362.45,0.0,0,0,0,0,0.0,High Priority
2cdea881-a007-4060-b007-65eb853bd6b5,2019-11-27 07:11:56+00:00,2019-11-27 07:11:56+00:00,1,['cart'],575479498,1,1,1,133.48,0.0,0,1,0,True,False,False,0,133.48,0.0,0,0,0,0,0.0,High Priority
7bc35e09-6e40-4923-8692-7ef546cb1fe8,2019-11-27 07:18:38+00:00,2019-11-27 07:18:38+00:00,1,['cart'],547889316,1,1,1,10.27,0.0,0,1,0,True,False,False,0,10.27,0.0,0,0,0,0,0.0,High Priority
d9a27874-2642-4e46-b0ce-3de97d56f844,2019-11-27 07:18:50+00:00,2019-11-27 07:18:50+00:00,1,['cart'],574437418,1,1,1,133.48,0.0,0,1,0,True,False,False,0,133.48,0.0,0,0,0,0,0.0,High Priority
b5ed037f-d89d-491c-8220-2dbb0113a41d,2019-11-27 07:21:22+00:00,2019-11-27 07:21:22+00:00,1,['cart'],544846734,1,1,1,2573.79,0.0,0,1,0,True,False,False,0,2573.79,0.0,0,0,0,0,0.0,High Priority
3bdd6f8a-1f07-4df4-ac1e-f5d13c594872,2019-11-27 07:21:41+00:00,2019-11-27 07:21:41+00:00,1,['cart'],570355845,1,1,1,35.78,0.0,0,1,0,True,False,False,0,35.78,0.0,0,0,0,0,0.0,High Priority
1bc1aad3-98be-4819-a736-dccdf14bed4a,2019-11-27 07:22:04+00:00,2019-11-27 07:23:17+00:00,2,"['cart', 'view']",527248039,1,1,0,198.06,1.2166666666666666,1,1,0,True,False,True,0,198.06,1.0,0,0,0,0,0.0,High Priority
686c9fac-f7c9-44f5-bfdf-0108ab19b229,2019-11-27 07:23:24+00:00,2019-11-27 07:24:24+00:00,2,"['cart', 'view']",577470635,1,1,1,380.56,1.0,1,1,0,True,False,True,0,380.56,1.0,0,0,0,0,0.0,High Priority
ea947390-cf5b-49bd-8a96-d55efc13c1d2,2019-11-27 07:23:53+00:00,2019-11-27 07:23:53+00:00,1,['cart'],568779440,1,1,1,437.57,0.0,0,1,0,True,False,False,0,437.57,0.0,0,0,0,0,0.0,High Priority
cbdd6d68-0ccf-44d7-a0ed-b7c929a0fb2c,2019-11-27 07:27:46+00:00,2019-11-27 07:27:46+00:00,1,['cart'],514592315,1,1,1,566.27,0.0,0,1,0,True,False,False,0,566.27,0.0,0,0,0,0,0.0,High Priority
a58384cd-b609-462e-8b77-e0f611cd7db7,2019-11-27 07:27:56+00:00,2019-11-27 07:27:56+00:00,1,['cart'],531381340,1,1,1,177.61,0.0,0,1,0,True,False,False,0,177.61,0.0,0,0,0,0,0.0,High Priority
266eed36-1320-482f-bf72-3c4c1b82f808,2019-11-27 07:29:28+00:00,2019-11-27 07:29:28+00:00,1,['cart'],570162577,1,1,1,154.24,0.0,0,1,0,True,False,False,0,154.24,0.0,0,0,0,0,0.0,High Priority
bbc9dd2e-f577-443d-81b9-a58fc08d5421,2019-11-27 07:30:03+00:00,2019-11-27 07:30:03+00:00,1,['cart'],570159553,1,1,1,171.34,0.0,0,1,0,True,False,False,0,171.34,0.0,0,1,1,1,0.0,High Priority
ae0e8474-9b3f-42ad-a8f1-fc9e2232288b,2019-11-27 07:30:30+00:00,2019-11-27 07:30:30+00:00,1,['cart'],567860098,1,1,1,6.62,0.0,0,1,0,True,False,False,0,6.62,0.0,0,0,0,0,0.0,High Priority
02287293-cf17-45f4-8edd-df05531cea6d,2019-11-27 07:32:12+00:00,2019-11-27 07:32:12+00:00,1,['cart'],554223561,1,1,1,98.33,0.0,0,1,0,True,False,False,0,98.33,0.0,0,0,0,0,0.0,High Priority
eeb92599-6ad2-4f82-95c9-ad19376ed6a1,2019-11-27 07:35:31+00:00,2019-11-27 07:35:31+00:00,1,['cart'],546231316,1,1,1,48.65,0.0,0,1,0,True,False,False,0,48.65,0.0,0,0,0,0,0.0,High Priority
442494da-4b30-451e-bed4-fd8eacc0d127,2019-11-27 07:37:31+00:00,2019-11-27 07:37:31+00:00,1,['cart'],518473913,1,1,1,246.94,0.0,0,1,0,True,False,False,0,246.94,0.0,0,0,0,0,0.0,High Priority
c9f8a115-0251-4446-bdac-d1aa900e8a0c,2019-11-27 07:40:40+00:00,2019-11-27 07:41:17+00:00,2,"['cart', 'view']",576979609,2,1,1,761.87,0.6166666666666667,1,1,0,True,False,True,0,380.935,1.0,0,0,0,0,0.0,High Priority
2c1e513b-fed3-43a9-aa7c-8bbb7e8a6479,2019-11-27 07:40:41+00:00,2019-11-27 07:40:41+00:00,1,['cart'],577486535,1,1,1,532.83,0.0,0,1,0,True,False,False,0,532.83,0.0,0,0,0,0,0.0,High Priority
d3ed8d23-21a1-4c21-beac-1687e450a41b,2019-11-27 07:41:42+00:00,2019-11-27 07:41:42+00:00,1,['cart'],552045436,1,1,1,168.69,0.0,0,1,0,True,False,False,0,168.69,0.0,0,0,0,0,0.0,High Priority
33ad6541-5339-42ba-9453-43eea6017da4,2019-11-27 07:42:59+00:00,2019-11-27 07:42:59+00:00,1,['cart'],519432545,1,1,1,238.36,0.0,0,1,0,True,False,False,0,238.36,0.0,0,0,0,0,0.0,High Priority
30b35498-4b3d-4e70-832a-53a73f0d214b,2019-11-27 07:44:05+00:00,2019-11-27 07:44:05+00:00,1,['cart'],549455624,1,1,1,38.48,0.0,0,1,0,True,False,False,0,38.48,0.0,0,0,0,0,0.0,High Priority
539bf663-9ca1-42f9-a26f-bb688369719d,2019-11-27 07:48:48+00:00,2019-11-27 07:48:48+00:00,1,['cart'],512570741,1,1,1,115.06,0.0,0,1,0,True,False,False,0,115.06,0.0,0,0,0,0,0.0,High Priority
f0d09fb2-a6fc-4b57-a1b4-06da273dbeaf,2019-11-27 07:53:28+00:00,2019-11-27 07:53:28+00:00,1,['cart'],549174380,1,1,1,939.54,0.0,0,1,0,True,False,False,0,939.54,0.0,0,0,0,0,0.0,High Priority
677dcaaf-dc0a-47bb-97be-3e0328321984,2019-11-27 07:54:06+00:00,2019-11-27 08:07:41+00:00,2,"['cart', 'view']",512387903,1,1,0,1386.4,13.583333333333334,1,1,0,True,False,True,0,1386.4,1.0,0,0,0,0,0.0,High Priority
f3b1b6a6-89be-4c88-968b-d4cbb3778648,2019-11-27 07:54:34+00:00,2019-11-27 07:54:34+00:00,1,['cart'],527570103,1,1,1,128.45,0.0,0,1,0,True,False,False,0,128.45,0.0,0,0,0,0,0.0,High Priority
2fb62ef1-dc43-4b2b-b7b6-b825a27eeda8,2019-11-27 07:55:34+00:00,2019-11-27 07:55:34+00:00,1,['cart'],513003264,1,1,1,48.14,0.0,0,1,0,True,False,False,0,48.14,0.0,0,0,0,0,0.0,High Priority
cebfc8e9-1bee-4a52-b465-99bdf97ebbe7,2019-11-27 07:55:57+00:00,2019-11-27 07:55:57+00:00,1,['cart'],577492453,1,1,0,818.55,0.0,0,1,0,True,False,False,0,818.55,0.0,0,0,0,0,0.0,High Priority
44128b45-093c-4dda-8d1b-2cf99b612fe6,2019-11-27 07:56:00+00:00,2019-11-27 07:56:00+00:00,1,['cart'],572065239,1,1,1,197.65,0.0,0,1,0,True,False,False,0,197.65,0.0,0,0,0,0,0.0,High Priority
e0caf960-ebfc-431c-82af-0413903f530f,2019-11-27 07:58:49+00:00,2019-11-27 07:58:49+00:00,1,['cart'],577494986,1,1,1,13.39,0.0,0,1,0,True,False,False,0,13.39,0.0,0,0,0,0,0.0,High Priority
1f3ff94a-81cc-430b-9e66-c105fba48cca,2019-11-27 08:01:20+00:00,2019-11-27 08:01:20+00:00,1,['cart'],522408316,1,1,1,177.19,0.0,0,1,0,True,False,False,0,177.19,0.0,0,0,0,0,0.0,High Priority
f29aceae-d4a0-4d07-98ee-ee3ffed462cb,2019-11-27 08:03:23+00:00,2019-11-27 08:03:23+00:00,1,['cart'],577497798,1,1,1,197.65,0.0,0,1,0,True,False,False,0,197.65,0.0,0,0,0,0,0.0,High Priority
2b8b8a38-ebbc-4343-bea8-611ab93d02ec,2019-11-27 08:04:11+00:00,2019-11-27 08:04:11+00:00,1,['cart'],554135823,1,1,1,589.44,0.0,0,1,0,True,False,False,0,589.44,0.0,0,0,0,0,0.0,High Priority
2c8e4837-3bda-4466-9677-67458f8d6b9b,2019-11-27 08:04:29+00:00,2019-11-27 08:04:29+00:00,1,['cart'],530610347,1,1,1,125.85,0.0,0,1,0,True,False,False,0,125.85,0.0,0,0,0,0,0.0,High Priority
354659b7-dba5-49b7-9344-53ef2df50525,2019-11-27 08:06:25+00:00,2019-11-27 08:06:25+00:00,1,['cart'],576074228,1,1,0,179.99,0.0,0,1,0,True,False,False,0,179.99,0.0,0,0,0,0,0.0,High Priority
eb10a89b-4796-45ed-b485-dfa647784f0d,2019-11-27 08:06:55+00:00,2019-11-27 08:06:55+00:00,1,['cart'],532502137,1,1,1,360.11,0.0,0,1,0,True,False,False,0,360.11,0.0,0,0,0,0,0.0,High Priority
2d6a60fd-9370-41ea-923b-707a9247b76c,2019-11-27 08:08:15+00:00,2019-11-27 08:08:15+00:00,1,['cart'],573305572,1,1,1,67.96,0.0,0,1,0,True,False,False,0,67.96,0.0,0,0,0,0,0.0,High Priority
d481870e-8919-4de8-99be-d05786a228a1,2019-11-27 08:09:22+00:00,2019-11-27 08:09:22+00:00,1,['cart'],564372187,1,1,1,322.25,0.0,0,1,0,True,False,False,0,322.25,0.0,0,0,0,0,0.0,High Priority
91e57d16-8b89-41cd-a888-92230bbfa358,2019-11-27 08:10:16+00:00,2019-11-27 08:10:16+00:00,1,['cart'],569302770,1,1,0,36.95,0.0,0,1,0,True,False,False,0,36.95,0.0,0,0,0,0,0.0,High Priority
eaaca37b-ab42-4bfb-8cc3-4e8f6f7c503f,2019-11-27 08:10:21+00:00,2019-11-27 08:10:21+00:00,1,['cart'],521041242,1,1,1,106.53,0.0,0,1,0,True,False,False,0,106.53,0.0,0,0,0,0,0.0,High Priority
e283b67e-1d87-4e31-a217-eb7dc52d3b6e,2019-11-27 08:12:29+00:00,2019-11-27 08:12:29+00:00,1,['cart'],562902398,1,1,1,35.39,0.0,0,1,0,True,False,False,0,35.39,0.0,0,0,0,0,0.0,High Priority
8866c027-0940-4bdc-975a-d04363306eec,2019-11-27 08:16:17+00:00,2019-11-27 08:16:17+00:00,1,['cart'],538644335,1,1,1,56.59,0.0,0,1,0,True,False,False,0,56.59,0.0,0,0,0,0,0.0,High Priority
c0d071a7-cfb5-461c-bd7a-83cfd2f822a0,2019-11-27 08:16:28+00:00,2019-11-27 08:16:28+00:00,1,['cart'],543319651,1,1,1,48.9,0.0,0,1,0,True,False,False,0,48.9,0.0,0,0,0,0,0.0,High Priority
28e476f0-39ce-413e-b05f-89ad73bc977a,2019-11-27 08:18:02+00:00,2019-11-27 08:18:02+00:00,1,['cart'],536437323,1,1,1,104.25,0.0,0,1,0,True,False,False,0,104.25,0.0,0,0,0,0,0.0,High Priority
565613b5-6ace-43e2-9376-ae468ad77b5b,2019-11-27 08:19:56+00:00,2019-11-27 08:19:56+00:00,1,['cart'],512434739,1,1,1,48.66,0.0,0,1,0,True,False,False,0,48.66,0.0,0,0,0,0,0.0,High Priority
8586d846-9722-43f5-8ab1-8c859790d1d2,2019-11-27 08:20:55+00:00,2019-11-27 08:20:55+00:00,1,['cart'],569181579,1,1,1,743.62,0.0,0,1,0,True,False,False,0,743.62,0.0,0,2,2,2,0.0,High Priority
12f2fd1d-dbcd-4979-963c-ec3202727922,2019-11-27 08:23:01+00:00,2019-11-27 08:23:01+00:00,1,['cart'],563329809,1,1,1,344.9,0.0,0,1,0,True,False,False,0,344.9,0.0,0,0,0,0,0.0,High Priority
55b9cae6-6e62-48a9-b1ac-e92e446347f2,2019-11-27 08:23:01+00:00,2019-11-27 08:23:01+00:00,1,['cart'],525833934,1,1,1,21.62,0.0,0,1,0,True,False,False,0,21.62,0.0,0,0,0,0,0.0,High Priority
e735548e-1238-42bf-865d-c44b20c3affb,2019-11-27 08:28:14+00:00,2019-11-27 08:28:14+00:00,1,['cart'],577447981,1,1,1,167.29,0.0,0,1,0,True,False,False,0,167.29,0.0,0,0,0,0,0.0,High Priority
356f652d-accb-4738-b8f3-90f1b91c9a77,2019-11-27 08:30:20+00:00,2019-11-27 08:30:20+00:00,1,['cart'],515154945,1,1,1,57.91,0.0,0,1,0,True,False,False,0,57.91,0.0,0,0,0,0,0.0,High Priority
4c6209c8-6876-456a-9c48-b8ed7ab3aeda,2019-11-27 08:33:21+00:00,2019-11-27 08:33:21+00:00,1,['cart'],577501035,1,1,1,480.06,0.0,0,1,0,True,False,False,0,480.06,0.0,0,0,0,0,0.0,High Priority
7ab47a07-317a-4e23-947e-dc65cb63ae51,2019-11-27 08:35:34+00:00,2019-11-27 08:35:34+00:00,1,['cart'],577444186,1,1,1,165.51,0.0,0,1,0,True,False,False,0,165.51,0.0,0,0,0,0,0.0,High Priority
7fca39ad-8dde-41fb-9c55-2daebeda1d62,2019-11-27 08:38:11+00:00,2019-11-27 08:38:11+00:00,1,['cart'],512514642,1,1,1,154.19,0.0,0,1,0,True,False,False,0,154.19,0.0,0,0,0,0,0.0,High Priority
0d81fe28-a4e3-4a28-a158-a5ee210fd27b,2019-11-27 08:38:40+00:00,2019-11-27 08:38:40+00:00,1,['cart'],531307142,1,1,1,1003.37,0.0,0,1,0,True,False,False,0,1003.37,0.0,0,0,0,0,0.0,High Priority
c1c36adf-b74b-432d-a4c8-318f7cb0fa83,2019-11-27 08:45:12+00:00,2019-11-27 08:45:12+00:00,1,['cart'],567504048,1,1,1,5.12,0.0,0,1,0,True,False,False,0,5.12,0.0,0,0,0,0,0.0,High Priority
5a78ec82-3d36-411e-b821-dfacb158d188,2019-11-27 08:45:18+00:00,2019-11-27 08:45:18+00:00,1,['cart'],559226075,1,1,1,36.04,0.0,0,1,0,True,False,False,0,36.04,0.0,0,0,0,0,0.0,High Priority
e0cb6ccb-c97d-4c85-9dff-3af0cbebc91b,2019-11-27 08:47:40+00:00,2019-11-27 08:47:40+00:00,1,['cart'],569789119,1,1,1,496.23,0.0,0,1,0,True,False,False,0,496.23,0.0,0,0,0,0,0.0,High Priority
87b7fdf7-69bd-449a-b762-8ff324c017c8,2019-11-27 08:51:48+00:00,2019-11-27 08:51:48+00:00,1,['cart'],512999934,1,1,1,180.16,0.0,0,1,0,True,False,False,0,180.16,0.0,0,0,0,0,0.0,High Priority
69d6b2a7-2a2f-4590-84df-87886c0e502d,2019-11-27 08:52:17+00:00,2019-11-27 08:52:17+00:00,1,['cart'],513161424,1,1,1,371.21,0.0,0,1,0,True,False,False,0,371.21,0.0,0,0,0,0,0.0,High Priority
d1c4f096-931f-43cf-b5da-9f463ffa4a30,2019-11-27 08:53:48+00:00,2019-11-27 08:53:48+00:00,1,['cart'],514565500,1,1,1,21.6,0.0,0,1,0,True,False,False,0,21.6,0.0,0,0,0,0,0.0,High Priority
0866bc53-41d7-4b12-8440-c9f42982240f,2019-11-27 08:57:56+00:00,2019-11-27 08:57:56+00:00,1,['cart'],513793786,1,1,0,90.07,0.0,0,1,0,True,False,False,0,90.07,0.0,0,0,0,0,0.0,High Priority
8f6666ab-288b-4620-942b-d8fa27f30b70,2019-11-27 08:59:02+00:00,2019-11-27 08:59:02+00:00,1,['cart'],550846742,1,1,1,257.38,0.0,0,1,0,True,False,False,0,257.38,0.0,0,0,0,0,0.0,High Priority
cc476253-9661-4782-8447-01d70b16f6ce,2019-11-27 08:59:04+00:00,2019-11-27 08:59:04+00:00,1,['cart'],513444466,1,1,0,47.59,0.0,0,1,0,True,False,False,0,47.59,0.0,0,0,0,0,0.0,High Priority
bf4e07cd-ab0a-4815-b0ff-2ede9ccca552,2019-11-27 09:02:44+00:00,2019-11-27 09:02:44+00:00,1,['cart'],567852677,1,1,1,125.61,0.0,0,1,0,True,False,False,0,125.61,0.0,0,0,0,0,0.0,High Priority
73d88d03-6aed-4b6d-be7e-9d297a62e307,2019-11-27 09:04:03+00:00,2019-11-27 09:04:03+00:00,1,['cart'],520588048,1,1,1,1451.59,0.0,0,1,0,True,False,False,0,1451.59,0.0,0,0,0,0,0.0,High Priority
73c3ef88-0e9c-469e-9d40-e7e0911bc2e0,2019-11-27 09:04:07+00:00,2019-11-27 09:04:07+00:00,1,['cart'],518189124,1,1,1,32.95,0.0,0,1,0,True,False,False,0,32.95,0.0,0,0,0,0,0.0,High Priority
5f241a80-fb6d-4532-a10a-e94c37600182,2019-11-27 09:11:12+00:00,2019-11-27 09:11:12+00:00,1,['cart'],514143327,1,1,1,360.11,0.0,0,1,0,True,False,False,0,360.11,0.0,0,0,0,0,0.0,High Priority
d802fd8d-7f92-490d-a382-27efaaf78c16,2019-11-27 09:13:10+00:00,2019-11-27 09:13:44+00:00,2,"['cart', 'view']",547192533,1,1,1,588.94,0.5666666666666667,1,1,0,True,False,True,0,588.94,1.0,0,0,0,0,0.0,High Priority
3e94218a-f79b-48a3-8ac2-dcead58c250d,2019-11-27 09:13:45+00:00,2019-11-27 09:13:45+00:00,1,['cart'],514671019,1,1,1,88.26,0.0,0,1,0,True,False,False,0,88.26,0.0,0,0,0,0,0.0,High Priority
00285ad5-de2a-4f66-ad07-70b5fcc79980,2019-11-27 09:15:22+00:00,2019-11-27 09:15:22+00:00,1,['cart'],574744334,1,1,0,66.64,0.0,0,1,0,True,False,False,0,66.64,0.0,0,0,0,0,0.0,High Priority
a016dc24-8c99-4bc8-8a00-6d42fa5fc172,2019-11-27 09:18:11+00:00,2019-11-27 09:18:11+00:00,1,['cart'],573158863,1,1,1,141.55,0.0,0,1,0,True,False,False,0,141.55,0.0,0,0,0,0,0.0,High Priority
dbb98dbd-d7ee-4bed-8018-41525312a21c,2019-11-27 09:19:19+00:00,2019-11-27 09:19:19+00:00,1,['cart'],547091706,1,1,1,384.54,0.0,0,1,0,True,False,False,0,384.54,0.0,0,0,0,0,0.0,High Priority
13f1c1e9-e743-4299-8f0d-0600283bd63d,2019-11-27 09:19:29+00:00,2019-11-27 09:19:29+00:00,1,['cart'],565187618,1,1,1,89.84,0.0,0,1,0,True,False,False,0,89.84,0.0,0,0,0,0,0.0,High Priority
c95bcda7-2780-4aab-bb39-4be03d432f5c,2019-11-27 09:23:15+00:00,2019-11-27 09:23:15+00:00,1,['cart'],525187957,1,1,1,231.41,0.0,0,1,0,True,False,False,0,231.41,0.0,0,0,0,0,0.0,High Priority
cb27ae98-0b0e-4d89-803d-304cdcff8df3,2019-11-27 09:25:18+00:00,2019-11-27 09:25:18+00:00,1,['cart'],521734384,1,1,1,668.6,0.0,0,1,0,True,False,False,0,668.6,0.0,0,0,0,0,0.0,High Priority
c96b8779-93d3-499a-a5a9-fd1dfda70857,2019-11-27 09:26:00+00:00,2019-11-27 09:26:00+00:00,1,['cart'],552461374,1,1,1,72.37,0.0,0,1,0,True,False,False,0,72.37,0.0,0,0,0,0,0.0,High Priority
b9379841-45d8-4c69-8971-89f546583ec1,2019-11-27 09:26:37+00:00,2019-11-27 09:29:45+00:00,2,"['cart', 'view']",519272765,1,1,1,192.52,3.1333333333333333,1,1,0,True,False,True,0,192.52,1.0,0,0,0,0,0.0,High Priority
3960011a-1244-4a6a-9c59-de81359230c2,2019-11-27 09:27:35+00:00,2019-11-27 09:27:35+00:00,1,['cart'],525258025,1,1,1,45.56,0.0,0,1,0,True,False,False,0,45.56,0.0,0,0,0,0,0.0,High Priority
e912a043-6674-46e7-9fc2-1d989119203d,2019-11-27 09:27:39+00:00,2019-11-27 09:27:39+00:00,1,['cart'],527375277,1,1,0,64.09,0.0,0,1,0,True,False,False,0,64.09,0.0,0,0,0,0,0.0,High Priority
1ba23c7f-7d2f-4904-a389-04ce0672672e,2019-11-27 09:28:29+00:00,2019-11-27 09:28:29+00:00,1,['cart'],518957175,1,1,1,1364.26,0.0,0,1,0,True,False,False,0,1364.26,0.0,0,0,0,0,0.0,High Priority
e2d835b2-352b-4f60-ad04-2a698ec11185,2019-11-27 09:30:56+00:00,2019-11-27 09:30:56+00:00,1,['cart'],514708252,1,1,1,120.44,0.0,0,1,0,True,False,False,0,120.44,0.0,0,0,0,0,0.0,High Priority
bb8701dd-6ead-46da-bacf-2a08f6a94f52,2019-11-27 09:33:55+00:00,2019-11-27 09:33:55+00:00,1,['cart'],577534317,1,1,1,42.99,0.0,0,1,0,True,False,False,0,42.99,0.0,0,0,0,0,0.0,High Priority
963cf888-8b25-4695-8acf-3554a91a5404,2019-11-27 09:34:22+00:00,2019-11-27 09:34:22+00:00,1,['cart'],577544531,1,1,1,133.48,0.0,0,1,0,True,False,False,0,133.48,0.0,0,0,0,0,0.0,High Priority
02d6e188-c07f-4b26-88f8-6a08b2b2f101,2019-11-27 09:34:32+00:00,2019-11-27 09:34:32+00:00,1,['cart'],519127620,1,1,1,308.86,0.0,0,1,0,True,False,False,0,308.86,0.0,0,0,0,0,0.0,High Priority
a514eb17-2f0d-43f6-9348-5477129e89a0,2019-11-27 09:34:43+00:00,2019-11-27 09:34:43+00:00,1,['cart'],514177632,1,1,1,39.9,0.0,0,1,0,True,False,False,0,39.9,0.0,0,0,0,0,0.0,High Priority
acaebce2-15cb-4d76-9d2d-29ce8d168504,2019-11-27 09:35:32+00:00,2019-11-27 09:35:32+00:00,1,['cart'],542222021,1,1,1,343.12,0.0,0,1,0,True,False,False,0,343.12,0.0,0,0,0,0,0.0,High Priority
9dff12e5-92e5-40c5-8325-220b46d320f9,2019-11-27 09:36:04+00:00,2019-11-27 09:36:04+00:00,1,['cart'],521882428,1,1,1,308.86,0.0,0,1,0,True,False,False,0,308.86,0.0,0,0,0,0,0.0,High Priority
3744bd62-5982-41e5-a874-5e39817b7065,2019-11-27 09:37:32+00:00,2019-11-27 09:37:32+00:00,1,['cart'],522981677,1,1,1,32.15,0.0,0,1,0,True,False,False,0,32.15,0.0,0,0,0,0,0.0,High Priority
a678ceba-29d8-4c4d-ac59-75a78f090ec5,2019-11-27 09:37:49+00:00,2019-11-27 09:37:49+00:00,1,['cart'],574320837,1,1,1,916.37,0.0,0,1,0,True,False,False,0,916.37,0.0,0,0,0,0,0.0,High Priority
763fbf91-f11f-4334-ad94-c9967a26c73f,2019-11-27 09:39:49+00:00,2019-11-27 09:56:22+00:00,3,"['cart', 'view', 'view']",570871799,2,1,1,537.0600000000001,16.55,2,1,0,True,False,True,0,268.53000000000003,2.0,0,0,0,0,0.01,High Priority
562c74a6-cff4-4692-86c9-d61f716ce4e7,2019-11-27 09:40:42+00:00,2019-11-27 09:40:42+00:00,1,['cart'],519814165,1,1,0,8.47,0.0,0,1,0,True,False,False,0,8.47,0.0,0,0,0,0,0.0,High Priority
ab0d9b0f-81cf-4d1f-98db-19e513c5a7e5,2019-11-27 09:41:40+00:00,2019-11-27 09:41:40+00:00,1,['cart'],553501469,1,1,0,77.3,0.0,0,1,0,True,False,False,0,77.3,0.0,0,0,0,0,0.0,High Priority
d5cd8c67-8a47-4602-b63b-bdc025cfdb27,2019-11-27 09:42:13+00:00,2019-11-27 09:42:13+00:00,1,['cart'],577544899,1,1,1,133.33,0.0,0,1,0,True,False,False,0,133.33,0.0,0,0,0,0,0.0,High Priority
4f8dafec-503b-4d77-a9d0-d3fe145df778,2019-11-27 09:42:55+00:00,2019-11-27 09:42:55+00:00,1,['cart'],532290812,1,1,1,565.75,0.0,0,1,0,True,False,False,0,565.75,0.0,0,0,0,0,0.0,High Priority
360c4108-339d-45d8-8ace-7dd5fa53f063,2019-11-27 09:43:20+00:00,2019-11-27 09:43:20+00:00,1,['cart'],551840817,1,1,1,463.31,0.0,0,1,0,True,False,False,0,463.31,0.0,0,0,0,0,0.0,High Priority
c6151cce-25f3-4ab9-898b-cf9749b76682,2019-11-27 09:43:34+00:00,2019-11-27 09:43:34+00:00,1,['cart'],547169491,1,1,1,916.37,0.0,0,1,0,True,False,False,0,916.37,0.0,0,0,0,0,0.0,High Priority
779d0f0a-2723-4dc5-b105-e74b28e7658b,2019-11-27 09:46:51+00:00,2019-11-27 09:46:51+00:00,1,['cart'],576075014,1,1,0,96.27,0.0,0,1,0,True,False,False,0,96.27,0.0,0,0,0,0,0.0,High Priority
76587de6-762f-4c0f-9fa2-c5407b66d20b,2019-11-27 09:49:28+00:00,2019-11-27 09:49:28+00:00,1,['cart'],517535236,1,1,1,123.79,0.0,0,1,0,True,False,False,0,123.79,0.0,0,0,0,0,0.0,High Priority
25cf9402-1272-4781-9f0e-701ee1703ece,2019-11-27 09:52:31+00:00,2019-11-27 09:52:31+00:00,1,['cart'],513866675,1,1,1,62.28,0.0,0,1,0,True,False,False,0,62.28,0.0,0,0,0,0,0.0,High Priority
fa6969ba-3be0-4ace-9d7f-bd9b65e7ae09,2019-11-27 09:53:44+00:00,2019-11-27 09:53:44+00:00,1,['cart'],517273460,1,1,1,91.12,0.0,0,1,0,True,False,False,0,91.12,0.0,0,0,0,0,0.0,High Priority
fd91a5a2-cc0a-44a8-8616-7c677bca9ce0,2019-11-27 09:54:10+00:00,2019-11-27 09:54:10+00:00,1,['cart'],518783034,1,1,0,52.77,0.0,0,1,0,True,False,False,0,52.77,0.0,0,0,0,0,0.0,High Priority
7fb56127-d035-4dd1-9d17-fab99ea389c1,2019-11-27 09:57:14+00:00,2019-11-27 10:16:38+00:00,2,"['cart', 'view']",577138116,2,2,2,140.03,19.4,1,1,0,True,False,True,0,70.015,1.0,0,0,0,0,0.0,High Priority
5f2c4e6c-99b3-4fcf-b4c1-2b11e6883f98,2019-11-27 09:59:30+00:00,2019-11-27 09:59:30+00:00,1,['cart'],575457998,1,1,0,209.76,0.0,0,1,0,True,False,False,0,209.76,0.0,0,0,0,0,0.0,High Priority
d07ce6d7-95b5-43cf-ad5b-4f3e6828534e,2019-11-27 10:00:18+00:00,2019-11-27 10:00:18+00:00,1,['cart'],573544863,1,1,1,130.22,0.0,0,1,0,True,False,False,0,130.22,0.0,0,0,0,0,0.0,High Priority
251dabbf-7000-4941-92a7-2b8fa9aed235,2019-11-27 10:00:26+00:00,2019-11-27 10:00:26+00:00,1,['cart'],536607733,1,1,1,771.94,0.0,0,1,0,True,False,False,0,771.94,0.0,0,0,0,0,0.0,High Priority
4a4da7f5-98ed-4cc0-96f3-adcb4ab1b971,2019-11-27 10:02:56+00:00,2019-11-27 10:02:56+00:00,1,['cart'],512460611,1,1,1,88.26,0.0,0,1,0,True,False,False,0,88.26,0.0,0,0,0,0,0.0,High Priority
6422227e-f190-4a22-8147-10fc8023586a,2019-11-27 10:03:49+00:00,2019-11-27 10:03:49+00:00,1,['cart'],562997918,1,1,1,1654.61,0.0,0,1,0,True,False,False,0,1654.61,0.0,0,0,0,0,0.0,High Priority
b3884747-613c-4717-a99c-bd0a28a31420,2019-11-27 10:04:49+00:00,2019-11-27 10:04:49+00:00,1,['cart'],576400044,1,1,1,246.94,0.0,0,1,0,True,False,False,0,246.94,0.0,0,0,0,0,0.0,High Priority
5fec494f-381b-41aa-b5f0-46418001e46e,2019-11-27 10:04:55+00:00,2019-11-27 10:04:55+00:00,1,['cart'],543434950,1,1,1,643.23,0.0,0,1,0,True,False,False,0,643.23,0.0,0,0,0,0,0.0,High Priority
1233aa53-73a1-45d8-afbe-f88ab6017b5a,2019-11-27 10:05:56+00:00,2019-11-27 10:05:56+00:00,1,['cart'],525116496,1,1,1,104.25,0.0,0,1,0,True,False,False,0,104.25,0.0,0,0,0,0,0.0,High Priority
e4eb116d-f5ec-401b-a001-d45499b966c2,2019-11-27 10:08:07+00:00,2019-11-27 10:11:49+00:00,2,"['cart', 'cart']",577560679,2,2,2,462.39,3.7,0,2,0,True,False,False,0,231.195,0.0,0,0,0,0,0.01,High Priority
00aaad06-9f08-42b7-ace8-25d3bf2949f5,2019-11-27 10:09:13+00:00,2019-11-27 10:09:13+00:00,1,['cart'],573301125,1,1,1,384.54,0.0,0,1,0,True,False,False,0,384.54,0.0,0,0,0,0,0.0,High Priority
8f51deee-a5e4-4fcb-9d2c-4612c4a8d44f,2019-11-27 10:09:40+00:00,2019-11-27 10:09:40+00:00,1,['cart'],559092498,1,1,1,315.56,0.0,0,1,0,True,False,False,0,315.56,0.0,0,0,0,0,0.0,High Priority
18a8c35b-37a5-4057-b7ec-21d48cccc0f7,2019-11-27 10:14:58+00:00,2019-11-27 10:14:58+00:00,1,['cart'],577406975,1,1,1,240.9,0.0,0,1,0,True,False,False,0,240.9,0.0,0,0,0,0,0.0,High Priority
f53cc949-4a30-424d-96f4-3a271607de68,2019-11-27 10:15:39+00:00,2019-11-27 10:15:39+00:00,1,['cart'],514637894,1,1,1,9.78,0.0,0,1,0,True,False,False,0,9.78,0.0,0,0,0,0,0.0,High Priority
ff3f3c9e-b3d7-4dee-a249-e879fb3dc65f,2019-11-27 10:16:59+00:00,2019-11-27 10:16:59+00:00,1,['cart'],567135745,1,1,0,436.82,0.0,0,1,0,True,False,False,0,436.82,0.0,0,0,0,0,0.0,High Priority
8fc09dcf-8c8e-44d8-a559-b6e75532c1ff,2019-11-27 10:17:23+00:00,2019-11-27 10:17:23+00:00,1,['cart'],548453832,1,1,0,56.37,0.0,0,1,0,True,False,False,0,56.37,0.0,0,0,0,0,0.0,High Priority
8051eae7-7818-46bf-a5ef-73f92e2ecae2,2019-11-27 10:25:18+00:00,2019-11-27 10:25:18+00:00,1,['cart'],577558387,1,1,1,298.31,0.0,0,1,0,True,False,False,0,298.31,0.0,0,0,0,0,0.0,High Priority
24f10136-19b6-4555-ad1f-b25058bce56b,2019-11-27 10:25:38+00:00,2019-11-27 10:25:38+00:00,1,['cart'],565973296,1,1,1,275.03,0.0,0,1,0,True,False,False,0,275.03,0.0,0,0,0,0,0.0,High Priority
da9ef437-781d-47ff-8ff2-7258583b3b7e,2019-11-27 10:27:52+00:00,2019-11-27 10:27:52+00:00,1,['cart'],513608900,1,1,1,950.98,0.0,0,1,0,True,False,False,0,950.98,0.0,0,0,0,0,0.0,High Priority
0e534d32-bc07-4d2f-a853-854bd886d72c,2019-11-27 10:29:43+00:00,2019-11-27 10:29:43+00:00,1,['cart'],514167051,1,1,1,42.47,0.0,0,1,0,True,False,False,0,42.47,0.0,0,0,0,0,0.0,High Priority
2a7394b1-1ff5-4d5f-bfc2-e15bc0b3e45b,2019-11-27 10:30:39+00:00,2019-11-27 10:30:39+00:00,1,['cart'],540648663,1,1,1,51.46,0.0,0,1,0,True,False,False,0,51.46,0.0,0,0,0,0,0.0,High Priority
875c576d-5004-4b3f-9308-5ed95d673ce4,2019-11-27 10:32:05+00:00,2019-11-27 10:32:05+00:00,1,['cart'],531770285,1,1,1,437.57,0.0,0,1,0,True,False,False,0,437.57,0.0,0,0,0,0,0.0,High Priority
55a63709-842b-44ef-9202-ac7a8f552fbc,2019-11-27 10:32:26+00:00,2019-11-27 10:32:26+00:00,1,['cart'],514442981,1,1,1,51.03,0.0,0,1,0,True,False,False,0,51.03,0.0,0,0,0,0,0.0,High Priority
c9efd020-a69d-43d9-b486-c9bcacae87ff,2019-11-27 10:32:29+00:00,2019-11-27 10:32:29+00:00,1,['cart'],568540874,1,1,1,85.41,0.0,0,1,0,True,False,False,0,85.41,0.0,0,0,0,0,0.0,High Priority
b2da1222-df07-4932-b1f8-226a7a4e98b6,2019-11-27 10:33:00+00:00,2019-11-27 10:33:00+00:00,1,['cart'],556094147,1,1,1,122.5,0.0,0,1,0,True,False,False,0,122.5,0.0,0,0,0,0,0.0,High Priority
e1849c02-8b47-43d0-948b-a37d0ae7941d,2019-11-27 10:34:33+00:00,2019-11-27 10:34:33+00:00,1,['cart'],521079830,1,1,0,100.36,0.0,0,1,0,True,False,False,0,100.36,0.0,0,0,0,0,0.0,High Priority
8a5ad1bf-26dc-4bc3-b03f-677d1a193b2f,2019-11-27 10:39:15+00:00,2019-11-27 10:39:15+00:00,1,['cart'],543294939,1,1,1,916.37,0.0,0,1,0,True,False,False,0,916.37,0.0,0,0,0,0,0.0,High Priority
dd13a998-9b99-43a7-9f63-cd909b6b14bd,2019-11-27 10:42:36+00:00,2019-11-27 10:42:36+00:00,1,['cart'],576639492,1,1,1,540.3,0.0,0,1,0,True,False,False,0,540.3,0.0,0,0,0,0,0.0,High Priority
055def41-7aa2-4177-bebc-6e4aa9d1382a,2019-11-27 10:43:14+00:00,2019-11-27 10:43:14+00:00,1,['cart'],513293196,1,1,0,282.12,0.0,0,1,0,True,False,False,0,282.12,0.0,0,0,0,0,0.0,High Priority
d8f17537-f9cf-468b-8855-46272b0ad6fc,2019-11-27 10:43:51+00:00,2019-11-27 10:43:51+00:00,1,['cart'],547738894,1,1,1,113.95,0.0,0,1,0,True,False,False,0,113.95,0.0,0,0,0,0,0.0,High Priority
9f45eda4-42eb-4193-840b-c481e9b41903,2019-11-27 10:44:32+00:00,2019-11-27 10:44:32+00:00,1,['cart'],562041126,1,1,1,185.33,0.0,0,1,0,True,False,False,0,185.33,0.0,0,0,0,0,0.0,High Priority
f558272d-d9c7-45f9-b277-74285b1285ed,2019-11-27 10:44:52+00:00,2019-11-27 10:44:52+00:00,1,['cart'],577577939,1,1,1,246.94,0.0,0,1,0,True,False,False,0,246.94,0.0,0,0,0,0,0.0,High Priority
c70704d9-8acd-4622-b299-91be9337f5d1,2019-11-27 10:45:27+00:00,2019-11-27 10:45:27+00:00,1,['cart'],525323769,1,1,1,246.94,0.0,0,1,0,True,False,False,0,246.94,0.0,0,0,0,0,0.0,High Priority
ebfd7597-f8c3-41a9-b23b-6ba916f3ebe0,2019-11-27 10:45:38+00:00,2019-11-27 10:45:38+00:00,1,['cart'],513215651,1,1,0,15.96,0.0,0,1,0,True,False,False,0,15.96,0.0,0,0,0,0,0.0,High Priority
d0d5bc20-0943-4462-baaf-60059ea993c3,2019-11-27 10:46:15+00:00,2019-11-27 10:46:15+00:00,1,['cart'],552718313,1,1,1,495.91,0.0,0,1,0,True,False,False,0,495.91,0.0,0,0,0,0,0.0,High Priority
bc3c9c11-2869-46a0-8040-391364a11d46,2019-11-27 10:49:42+00:00,2019-11-27 10:49:42+00:00,1,['cart'],512736046,1,1,1,195.22,0.0,0,1,0,True,False,False,0,195.22,0.0,0,0,0,0,0.0,High Priority
5c0be9a3-92fd-4caa-8204-91cce63a9d7c,2019-11-27 10:50:49+00:00,2019-11-27 10:50:49+00:00,1,['cart'],531190931,1,1,1,180.16,0.0,0,1,0,True,False,False,0,180.16,0.0,0,0,0,0,0.0,High Priority
90aee18a-a13e-4909-9b0d-3e5762d92d84,2019-11-27 10:51:15+00:00,2019-11-27 10:51:15+00:00,1,['cart'],552598538,1,1,0,9.85,0.0,0,1,0,True,False,False,0,9.85,0.0,0,0,0,0,0.0,High Priority
0be40a48-b168-4dbd-a5e6-da63675b3256,2019-11-27 10:51:23+00:00,2019-11-27 10:51:23+00:00,1,['cart'],574941040,1,1,1,257.15,0.0,0,1,0,True,False,False,0,257.15,0.0,0,0,0,0,0.0,High Priority
3706563d-e08a-46dc-9855-de1831895d28,2019-11-27 10:51:50+00:00,2019-11-27 10:51:50+00:00,1,['cart'],577265034,1,1,1,1347.22,0.0,0,1,0,True,False,False,0,1347.22,0.0,0,0,0,0,0.0,High Priority
cb3afe88-774d-435a-a416-b59870f2930f,2019-11-27 10:52:42+00:00,2019-11-27 10:52:42+00:00,1,['cart'],576854803,1,1,1,14.15,0.0,0,1,0,True,False,False,0,14.15,0.0,0,0,0,0,0.0,High Priority
d3630b8e-ba9b-449e-b7f9-78ffb611613a,2019-11-27 10:53:34+00:00,2019-11-27 10:53:34+00:00,1,['cart'],549709725,1,1,0,580.97,0.0,0,1,0,True,False,False,0,580.97,0.0,0,0,0,0,0.0,High Priority
f6abfa29-6c23-4a52-b224-e3c4397ced9b,2019-11-27 10:55:38+00:00,2019-11-27 10:55:44+00:00,2,"['cart', 'view']",526697524,1,1,1,365.0,0.1,1,1,0,True,False,True,0,365.0,1.0,0,0,0,0,0.0,High Priority
6df0fa5e-e1e7-75cc-cdcc-fd7cb01ec7a1,2019-11-27 10:56:09+00:00,2019-11-27 10:56:09+00:00,1,['cart'],524199263,1,1,1,100.36,0.0,0,1,0,True,False,False,0,100.36,0.0,0,0,0,0,0.0,High Priority
8f67eda1-0cda-4d55-820c-b667a1597cc1,2019-11-27 11:01:15+00:00,2019-11-27 11:01:15+00:00,1,['cart'],516364805,1,1,0,9.24,0.0,0,1,0,True,False,False,0,9.24,0.0,0,0,0,0,0.0,High Priority
ba8bd961-b2bd-4ec7-b33e-88d2c25f01ca,2019-11-27 11:01:18+00:00,2019-11-27 11:01:18+00:00,1,['cart'],514069909,1,1,1,162.6,0.0,0,1,0,True,False,False,0,162.6,0.0,0,0,0,0,0.0,High Priority
9fb0006e-f1c5-4390-a598-7c9f29c8e01b,2019-11-27 11:02:16+00:00,2019-11-27 11:02:16+00:00,1,['cart'],577589529,1,1,1,16.99,0.0,0,1,0,True,False,False,0,16.99,0.0,0,0,0,0,0.0,High Priority
5171d6a6-4937-483c-89ef-46d47ca910fd,2019-11-27 11:03:44+00:00,2019-11-27 11:03:44+00:00,1,['cart'],560839719,1,1,1,9.78,0.0,0,1,0,True,False,False,0,9.78,0.0,0,0,0,0,0.0,High Priority
6f2acc64-479e-487e-bd0b-235e694aa699,2019-11-27 11:06:03+00:00,2019-11-27 11:06:03+00:00,1,['cart'],564003950,1,1,1,246.94,0.0,0,1,0,True,False,False,0,246.94,0.0,0,0,0,0,0.0,High Priority
9dce84a0-87e8-4123-bffd-6dc6870a7ef8,2019-11-27 11:06:45+00:00,2019-11-27 11:06:45+00:00,1,['cart'],571773923,1,1,1,167.06,0.0,0,1,0,True,False,False,0,167.06,0.0,0,0,0,0,0.0,High Priority
34e5d6f9-a39e-4b3c-8046-f1401a9d40df,2019-11-27 11:07:14+00:00,2019-11-27 11:07:14+00:00,1,['cart'],560355024,1,1,1,125.79,0.0,0,1,0,True,False,False,0,125.79,0.0,0,0,0,0,0.0,High Priority
ddf4dc95-3909-44c4-8648-6859979c47b7,2019-11-27 11:07:56+00:00,2019-11-27 11:07:56+00:00,1,['cart'],513274297,1,1,1,38.61,0.0,0,1,0,True,False,False,0,38.61,0.0,0,0,0,0,0.0,High Priority
c9e460d8-a43e-42d3-9ac3-3c270430964d,2019-11-27 11:09:14+00:00,2019-11-27 11:09:14+00:00,1,['cart'],525295810,1,1,1,64.35,0.0,0,1,0,True,False,False,0,64.35,0.0,0,0,0,0,0.0,High Priority
42e0eb3b-dee7-43b3-aeac-01b80428ed6d,2019-11-27 11:10:22+00:00,2019-11-27 11:10:22+00:00,1,['cart'],517595531,1,1,1,1002.86,0.0,0,1,0,True,False,False,0,1002.86,0.0,0,0,0,0,0.0,High Priority
d6101e89-2057-4ac7-ae7e-da3f50a134e7,2019-11-27 11:11:21+00:00,2019-11-27 11:11:21+00:00,1,['cart'],512478745,1,1,0,86.21,0.0,0,1,0,True,False,False,0,86.21,0.0,0,0,0,0,0.0,High Priority
08d99b32-eded-4199-85cd-2bbbcd71daaf,2019-11-27 11:11:55+00:00,2019-11-27 11:11:55+00:00,1,['cart'],541421430,1,1,1,42.47,0.0,0,1,0,True,False,False,0,42.47,0.0,0,0,0,0,0.0,High Priority
8819ec03-dfb9-40ce-950d-a87bee4774f1,2019-11-27 11:12:11+00:00,2019-11-27 11:12:11+00:00,1,['cart'],512867562,1,1,1,233.59,0.0,0,1,0,True,False,False,0,233.59,0.0,0,0,0,0,0.0,High Priority
4193095b-fa47-412c-93fb-e7fd4a817f6f,2019-11-27 11:12:32+00:00,2019-11-27 11:12:32+00:00,1,['cart'],571789203,1,1,1,869.65,0.0,0,1,0,True,False,False,0,869.65,0.0,0,0,0,0,0.0,High Priority
5a04375b-fc78-4eeb-8596-b5e55ed75ba2,2019-11-27 11:12:55+00:00,2019-11-27 11:12:55+00:00,1,['cart'],572060683,1,1,1,20.34,0.0,0,1,0,True,False,False,0,20.34,0.0,0,0,0,0,0.0,High Priority
e93b88b5-862f-400a-980b-97949c4468d0,2019-11-27 11:13:32+00:00,2019-11-27 11:13:32+00:00,1,['cart'],568907660,1,1,1,125.83,0.0,0,1,0,True,False,False,0,125.83,0.0,0,1,1,1,0.0,High Priority
1ec6ce70-7e0d-4983-a26a-8f82a1d94ddd,2019-11-27 11:16:19+00:00,2019-11-27 11:16:19+00:00,1,['cart'],542346210,1,1,1,308.63,0.0,0,1,0,True,False,False,0,308.63,0.0,0,0,0,0,0.0,High Priority
6bb1c3e9-b6c1-497e-a570-ac989aa66235,2019-11-27 11:17:17+00:00,2019-11-27 11:17:17+00:00,1,['cart'],512780163,1,1,1,23.16,0.0,0,1,0,True,False,False,0,23.16,0.0,0,0,0,0,0.0,High Priority
2b2ac37f-b188-4c4c-bdc8-2e03ffcf0c98,2019-11-27 11:20:50+00:00,2019-11-27 11:20:50+00:00,1,['cart'],567327745,1,1,1,246.94,0.0,0,1,0,True,False,False,0,246.94,0.0,0,0,0,0,0.0,High Priority
ab962961-f838-443d-bcf3-8a4487ff8488,2019-11-27 11:22:23+00:00,2019-11-27 11:22:23+00:00,1,['cart'],519599433,1,1,1,818.53,0.0,0,1,0,True,False,False,0,818.53,0.0,0,0,0,0,0.0,High Priority
ffd7a4ba-982e-4351-94f0-37533b4de6dd,2019-11-27 11:22:29+00:00,2019-11-27 11:22:29+00:00,1,['cart'],532730677,1,1,1,480.06,0.0,0,1,0,True,False,False,0,480.06,0.0,0,0,0,0,0.0,High Priority
7ba19e02-15a4-4dab-8eb2-dc04b512c6d2,2019-11-27 11:22:36+00:00,2019-11-27 11:22:36+00:00,1,['cart'],524950239,1,1,0,20.57,0.0,0,1,0,True,False,False,0,20.57,0.0,0,0,0,0,0.0,High Priority
ab4fef71-6e71-4e95-bf3d-945b55b3f138,2019-11-27 11:23:00+00:00,2019-11-27 11:23:00+00:00,1,['cart'],515649563,1,1,1,47.59,0.0,0,1,0,True,False,False,0,47.59,0.0,0,0,0,0,0.0,High Priority
4f10f630-06a8-4951-9287-a286eba59e5a,2019-11-27 11:24:14+00:00,2019-11-27 11:24:14+00:00,1,['cart'],575985090,1,1,1,344.9,0.0,0,1,0,True,False,False,0,344.9,0.0,0,0,0,0,0.0,High Priority
96f49c71-01c3-4173-b051-3bf12f560264,2019-11-27 11:25:05+00:00,2019-11-27 11:25:05+00:00,1,['cart'],541371314,1,1,1,197.02,0.0,0,1,0,True,False,False,0,197.02,0.0,0,0,0,0,0.0,High Priority
3219ec9d-5e3a-40ac-b545-565a43c6ab56,2019-11-27 11:27:22+00:00,2019-11-27 11:27:22+00:00,1,['cart'],514812262,1,1,1,2562.49,0.0,0,1,0,True,False,False,0,2562.49,0.0,0,0,0,0,0.0,High Priority
fa02312b-77e8-4e34-864e-632c12167df7,2019-11-27 11:28:17+00:00,2019-11-27 11:28:17+00:00,1,['cart'],576514487,1,1,1,233.59,0.0,0,1,0,True,False,False,0,233.59,0.0,0,0,0,0,0.0,High Priority
69287863-b2bc-4309-9ece-96c7c176c662,2019-11-27 11:29:55+00:00,2019-11-27 11:29:55+00:00,1,['cart'],564845154,1,1,1,210.82,0.0,0,1,0,True,False,False,0,210.82,0.0,0,0,0,0,0.0,High Priority
0129f267-d7cc-4a23-bb75-46167b2cd63b,2019-11-27 11:30:13+00:00,2019-11-27 11:30:13+00:00,1,['cart'],515484419,1,1,1,1070.3,0.0,0,1,0,True,False,False,0,1070.3,0.0,0,0,0,0,0.0,High Priority
1b24825b-c7eb-49e6-8fc1-a6e3104eb090,2019-11-27 11:33:20+00:00,2019-11-27 11:33:20+00:00,1,['cart'],565838447,1,1,1,119.69,0.0,0,1,0,True,False,False,0,119.69,0.0,0,0,0,0,0.0,High Priority
db60e143-97a9-4651-97a1-bae3687c7cf5,2019-11-27 11:35:05+00:00,2019-11-27 11:35:05+00:00,1,['cart'],517595128,1,1,1,247.08,0.0,0,1,0,True,False,False,0,247.08,0.0,0,0,0,0,0.0,High Priority
6b4996c0-6dad-45bf-a341-08e19a7386e9,2019-11-27 11:37:46+00:00,2019-11-27 11:37:46+00:00,1,['cart'],555123384,1,1,1,149.9,0.0,0,1,0,True,False,False,0,149.9,0.0,0,0,0,0,0.0,High Priority
e774e172-c892-46f3-9ebb-6619b665382c,2019-11-27 11:37:56+00:00,2019-11-27 11:37:56+00:00,1,['cart'],577606798,1,1,1,290.98,0.0,0,1,0,True,False,False,0,290.98,0.0,0,0,0,0,0.0,High Priority
a83dc999-4d42-4d67-82ec-f41d562dea7f,2019-11-27 11:38:11+00:00,2019-11-27 11:38:11+00:00,1,['cart'],527715394,1,1,1,411.8,0.0,0,1,0,True,False,False,0,411.8,0.0,0,0,0,0,0.0,High Priority
a2ca9b2c-eccd-4a5f-b100-babac20cbdaa,2019-11-27 11:44:03+00:00,2019-11-27 11:44:03+00:00,1,['cart'],557499779,1,1,1,229.71,0.0,0,1,0,True,False,False,0,229.71,0.0,0,0,0,0,0.0,High Priority
9e49f9ab-fa4f-4400-bc83-8ac09e8ea6c1,2019-11-27 11:44:39+00:00,2019-11-27 11:44:39+00:00,1,['cart'],569595485,1,1,1,1029.34,0.0,0,1,0,True,False,False,0,1029.34,0.0,0,0,0,0,0.0,High Priority
ab11379e-6568-4819-92aa-d177ee98e9dd,2019-11-27 11:44:51+00:00,2019-11-27 11:44:51+00:00,1,['cart'],576893967,1,1,1,323.02,0.0,0,1,0,True,False,False,0,323.02,0.0,0,0,0,0,0.0,High Priority
8abe9566-1be5-4994-abdf-405f41ca73db,2019-11-27 11:45:51+00:00,2019-11-27 11:45:51+00:00,1,['cart'],527849536,1,1,1,1646.8,0.0,0,1,0,True,False,False,0,1646.8,0.0,0,0,0,0,0.0,High Priority
23d126c6-21de-4d44-b6b4-b54181876ee0,2019-11-27 11:50:13+00:00,2019-11-27 11:55:55+00:00,2,"['cart', 'view']",577610596,2,2,1,79.8,5.7,1,1,0,True,False,True,0,39.9,1.0,0,0,0,0,0.0,High Priority
64d41d8e-5390-4aa3-9831-ec7c5de46bc8,2019-11-27 11:51:01+00:00,2019-11-27 11:51:01+00:00,1,['cart'],523583889,1,1,1,32.18,0.0,0,1,0,True,False,False,0,32.18,0.0,0,0,0,0,0.0,High Priority
4c2e46b3-4598-46b3-82e3-4fd31dfeaff9,2019-11-27 11:51:35+00:00,2019-11-27 11:51:35+00:00,1,['cart'],574548513,1,1,1,132.82,0.0,0,1,0,True,False,False,0,132.82,0.0,0,0,0,0,0.0,High Priority
54073b16-8962-4d07-b79d-38206db347dd,2019-11-27 11:52:27+00:00,2019-11-27 11:52:27+00:00,1,['cart'],553194504,1,1,1,88.26,0.0,0,1,0,True,False,False,0,88.26,0.0,0,0,0,0,0.0,High Priority
b48441c7-429e-4038-9163-dbebe4e6c961,2019-11-27 11:53:21+00:00,2019-11-27 11:53:21+00:00,1,['cart'],570646327,1,1,1,370.64,0.0,0,1,0,True,False,False,0,370.64,0.0,0,0,0,0,0.0,High Priority
f35467cc-d4a9-40c0-a12c-85d8a492fe10,2019-11-27 11:53:26+00:00,2019-11-27 11:53:26+00:00,1,['cart'],577612487,1,1,1,168.69,0.0,0,1,0,True,False,False,0,168.69,0.0,0,0,0,0,0.0,High Priority
c3509b07-1fb9-72d3-4e9e-9099a96414bb,2019-11-27 11:54:03+00:00,2019-11-27 11:54:03+00:00,1,['cart'],518801025,1,1,1,36.01,0.0,0,1,0,True,False,False,0,36.01,0.0,0,0,0,0,0.0,High Priority
adb9051b-fb26-4a57-b683-84f8d86b2107,2019-11-27 11:56:05+00:00,2019-11-27 11:56:05+00:00,1,['cart'],577525660,1,1,1,308.86,0.0,0,1,0,True,False,False,0,308.86,0.0,0,0,0,0,0.0,High Priority
e4ce1472-c8cf-0418-89b6-a54237260704,2019-11-27 11:58:32+00:00,2019-11-27 11:58:32+00:00,1,['cart'],543351839,1,1,1,916.37,0.0,0,1,0,True,False,False,0,916.37,0.0,0,0,0,0,0.0,High Priority
2d2ede6a-a3ca-41dd-ad52-1726c25d2ef5,2019-11-27 11:59:48+00:00,2019-11-27 11:59:48+00:00,1,['cart'],560675825,1,1,0,127.42,0.0,0,1,0,True,False,False,0,127.42,0.0,0,0,0,0,0.0,High Priority
49d41c0a-daaf-4585-be15-225c9163b0ff,2019-11-27 12:04:24+00:00,2019-11-27 12:04:24+00:00,1,['cart'],577620431,1,1,1,370.64,0.0,0,1,0,True,False,False,0,370.64,0.0,0,0,0,0,0.0,High Priority
27c4eda6-b4db-4ae4-8b73-e4818f71ed88,2019-11-27 12:09:33+00:00,2019-11-27 12:13:23+00:00,2,"['cart', 'purchase']",523304947,1,1,1,394.04,3.8333333333333335,0,1,1,True,True,False,1,394.04,0.0,0,0,0,0,0.91,Monitor Only
972146da-5c09-4bd5-b108-d2f05a33867c,2019-11-27 12:10:04+00:00,2019-11-27 12:10:04+00:00,1,['cart'],489085769,1,1,0,0.0,0.0,0,1,0,True,False,False,0,0.0,0.0,0,0,0,0,0.0,High Priority
6d98891d-33d1-483e-aa6a-df01db7136da,2019-11-27 12:10:43+00:00,2019-11-27 12:10:43+00:00,1,['cart'],573522136,1,1,0,29.58,0.0,0,1,0,True,False,False,0,29.58,0.0,0,0,0,0,0.0,High Priority
55d294ce-dc91-47db-b65c-a07005baed4b,2019-11-27 12:11:12+00:00,2019-11-27 12:11:12+00:00,1,['cart'],525052841,1,1,1,197.02,0.0,0,1,0,True,False,False,0,197.02,0.0,0,0,0,0,0.0,High Priority
af4e5895-6229-4f51-bf57-9a7a984a7913,2019-11-27 12:11:53+00:00,2019-11-27 12:11:53+00:00,1,['cart'],514530894,1,1,1,281.59,0.0,0,1,0,True,False,False,0,281.59,0.0,0,0,0,0,0.0,High Priority
5f1e472f-15e7-444c-9232-d2f5d423bb1e,2019-11-27 12:11:56+00:00,2019-11-27 12:11:56+00:00,1,['cart'],519097482,1,1,1,38.59,0.0,0,1,0,True,False,False,0,38.59,0.0,0,0,0,0,0.0,High Priority
609806a1-ebbc-4c7e-a6b7-b0e5408f73de,2019-11-27 12:19:26+00:00,2019-11-27 12:19:26+00:00,1,['cart'],551275264,1,1,1,246.94,0.0,0,1,0,True,False,False,0,246.94,0.0,0,0,0,0,0.0,High Priority
1f05c6d8-bb44-4a3c-ae78-cc67763e78dd,2019-11-27 12:20:35+00:00,2019-11-27 12:20:35+00:00,1,['cart'],577554181,1,1,0,411.85,0.0,0,1,0,True,False,False,0,411.85,0.0,0,0,0,0,0.0,High Priority
fad971f3-8aa2-4fdf-880a-77c91e279bc0,2019-11-27 12:21:13+00:00,2019-11-27 12:21:13+00:00,1,['cart'],518664449,1,1,1,1543.58,0.0,0,1,0,True,False,False,0,1543.58,0.0,0,0,0,0,0.0,High Priority
06ebe977-01ab-4047-a372-e3009c8a5ea6,2019-11-27 12:21:18+00:00,2019-11-27 12:21:18+00:00,1,['cart'],514727845,1,1,1,486.76,0.0,0,1,0,True,False,False,0,486.76,0.0,0,0,0,0,0.0,High Priority
7ffcb99f-a832-4542-85ba-985e772bea9b,2019-11-27 12:23:23+00:00,2019-11-27 12:23:23+00:00,1,['cart'],541745169,1,1,1,281.87,0.0,0,1,0,True,False,False,0,281.87,0.0,0,0,0,0,0.0,High Priority
1a74c644-fdd2-49e9-b1ea-b888a1920243,2019-11-27 12:24:29+00:00,2019-11-27 12:24:29+00:00,1,['cart'],514931994,1,1,1,1070.3,0.0,0,1,0,True,False,False,0,1070.3,0.0,0,0,0,0,0.0,High Priority
0ce0bbd6-5acc-4379-b14f-88e1e3c90427,2019-11-27 12:26:24+00:00,2019-11-27 12:26:24+00:00,1,['cart'],556811605,1,1,1,197.03,0.0,0,1,0,True,False,False,0,197.03,0.0,0,0,0,0,0.0,High Priority
ec11110a-99b9-41ce-b22a-29b7bbf2b475,2019-11-27 12:28:00+00:00,2019-11-27 12:28:00+00:00,1,['cart'],543016634,1,1,1,566.01,0.0,0,1,0,True,False,False,0,566.01,0.0,0,0,0,0,0.0,High Priority
d5860fd9-a29a-4c2e-a5e9-6b3ff257a5e5,2019-11-27 12:28:18+00:00,2019-11-27 12:28:18+00:00,1,['cart'],540913666,1,1,1,125.85,0.0,0,1,0,True,False,False,0,125.85,0.0,0,0,0,0,0.0,High Priority
dc1be234-68da-4d42-9ca9-4ab1355c014c,2019-11-27 12:28:44+00:00,2019-11-27 12:28:44+00:00,1,['cart'],571374140,1,1,1,343.12,0.0,0,1,0,True,False,False,0,343.12,0.0,0,0,0,0,0.0,High Priority
093f5c2d-39f0-4695-8f6c-6fc346ccf3d5,2019-11-27 12:30:45+00:00,2019-11-27 12:30:45+00:00,1,['cart'],539401681,1,1,1,281.58,0.0,0,1,0,True,False,False,0,281.58,0.0,0,0,0,0,0.0,High Priority
713cdf5c-baa0-4cfe-bd10-9e9c7d32a17e,2019-11-27 12:31:09+00:00,2019-11-27 12:31:09+00:00,1,['cart'],577633483,1,1,1,197.03,0.0,0,1,0,True,False,False,0,197.03,0.0,0,0,0,0,0.0,High Priority
f18d3bf6-ad05-40b2-849a-90ffbfa94138,2019-11-27 12:32:52+00:00,2019-11-27 12:32:52+00:00,1,['cart'],552084341,1,1,1,168.19,0.0,0,1,0,True,False,False,0,168.19,0.0,0,0,0,0,0.0,High Priority
3ab4755f-4e18-4065-b4ba-00e4b9238549,2019-11-27 12:33:42+00:00,2019-11-27 12:33:42+00:00,1,['cart'],515534690,1,1,1,344.9,0.0,0,1,0,True,False,False,0,344.9,0.0,0,0,0,0,0.0,High Priority
daa84d27-e541-4c9d-96c8-265bf857fe63,2019-11-27 12:35:33+00:00,2019-11-27 12:35:33+00:00,1,['cart'],539650453,1,1,0,38.48,0.0,0,1,0,True,False,False,0,38.48,0.0,0,0,0,0,0.0,High Priority
1c47eaed-0da1-4c94-868f-648ac93775e3,2019-11-27 12:37:28+00:00,2019-11-27 12:37:28+00:00,1,['cart'],567398259,1,1,1,163.96,0.0,0,1,0,True,False,False,0,163.96,0.0,0,0,0,0,0.0,High Priority
555ab99a-3277-4fe1-8271-c70a31e14c49,2019-11-27 12:39:35+00:00,2019-11-27 12:39:35+00:00,1,['cart'],566564425,1,1,1,162.6,0.0,0,1,0,True,False,False,0,162.6,0.0,0,0,0,0,0.0,High Priority
b8578472-5f69-43e6-b3e6-a46279ca921f,2019-11-27 12:44:19+00:00,2019-11-27 12:44:19+00:00,1,['cart'],577638768,1,1,1,81.06,0.0,0,1,0,True,False,False,0,81.06,0.0,0,0,0,0,0.0,High Priority
8e08d78a-aa89-4877-9f20-08dd151f6c53,2019-11-27 12:45:53+00:00,2019-11-27 12:45:53+00:00,1,['cart'],516831790,1,1,1,199.95,0.0,0,1,0,True,False,False,0,199.95,0.0,0,0,0,0,0.0,High Priority
88edc9f2-1357-43b2-bcd9-2a8169e3f2b5,2019-11-27 12:46:26+00:00,2019-11-27 12:46:26+00:00,1,['cart'],549745729,1,1,1,32.18,0.0,0,1,0,True,False,False,0,32.18,0.0,0,0,0,0,0.0,High Priority
41b1d1da-8ace-4117-899c-fd3504990ad4,2019-11-27 12:47:28+00:00,2019-11-27 12:47:28+00:00,1,['cart'],569791060,1,1,1,48.39,0.0,0,1,0,True,False,False,0,48.39,0.0,0,0,0,0,0.0,High Priority
f377a2ed-d717-4baf-9fad-4770533e2f62,2019-11-27 12:50:55+00:00,2019-11-27 12:50:55+00:00,1,['cart'],569973667,1,1,1,229.71,0.0,0,1,0,True,False,False,0,229.71,0.0,0,0,0,0,0.0,High Priority
cb2994ee-81bb-4610-b4e6-583270df5880,2019-11-27 12:51:53+00:00,2019-11-27 12:51:53+00:00,1,['cart'],542363851,1,1,1,35.52,0.0,0,1,0,True,False,False,0,35.52,0.0,0,0,0,0,0.0,High Priority
07bd8924-de3f-4d5b-bf10-db4c6af969c1,2019-11-27 12:52:23+00:00,2019-11-27 12:57:19+00:00,2,"['cart', 'view']",543151408,1,1,1,241.44,4.933333333333334,1,1,0,True,False,True,0,241.44,1.0,0,0,0,0,0.01,High Priority
d2e558d0-86dc-45c6-8fc3-1c2cd71e64af,2019-11-27 12:53:16+00:00,2019-11-27 12:53:16+00:00,1,['cart'],514647740,1,1,1,792.56,0.0,0,1,0,True,False,False,0,792.56,0.0,0,0,0,0,0.0,High Priority
5f53fdea-90f3-46ec-b2e7-bbad3e055123,2019-11-27 12:54:20+00:00,2019-11-27 12:55:22+00:00,2,"['cart', 'view']",567515710,1,1,1,254.84,1.0333333333333334,1,1,0,True,False,True,0,254.84,1.0,0,0,0,0,0.01,High Priority
e808c730-ddd0-44c3-b52d-cdccdaed3899,2019-11-27 12:54:28+00:00,2019-11-27 12:54:28+00:00,1,['cart'],541174406,1,1,1,118.38,0.0,0,1,0,True,False,False,0,118.38,0.0,0,0,0,0,0.0,High Priority
8208e835-9041-4f37-beef-e6b81e86b19f,2019-11-27 12:57:09+00:00,2019-11-27 12:57:09+00:00,1,['cart'],556334372,1,1,1,168.69,0.0,0,1,0,True,False,False,0,168.69,0.0,0,0,0,0,0.0,High Priority
ec4ff5ee-b538-4707-96dd-127a0467a682,2019-11-27 12:59:53+00:00,2019-11-27 12:59:53+00:00,1,['cart'],515875716,1,1,1,246.94,0.0,0,1,0,True,False,False,0,246.94,0.0,0,0,0,0,0.0,High Priority
de20bd14-175b-46cb-b7d3-e87e2c01783b,2019-11-27 13:05:41+00:00,2019-11-27 13:05:41+00:00,1,['cart'],543433103,1,1,1,79.02,0.0,0,1,0,True,False,False,0,79.02,0.0,0,0,0,0,0.0,High Priority
b305ea47-a908-49f2-898c-24fa3153c609,2019-11-27 13:07:27+00:00,2019-11-27 13:07:27+00:00,1,['cart'],513309604,1,1,1,2393.86,0.0,0,1,0,True,False,False,0,2393.86,0.0,0,1,1,1,0.0,High Priority
b5b973ff-aa75-497e-9994-9582a62d951d,2019-11-27 13:13:16+00:00,2019-11-27 13:13:16+00:00,1,['cart'],544431078,1,1,1,486.76,0.0,0,1,0,True,False,False,0,486.76,0.0,0,0,0,0,0.0,High Priority
b1c8b6a4-3d5d-4510-a2c2-f48cb444d300,2019-11-27 13:13:19+00:00,2019-11-27 13:13:19+00:00,1,['cart'],540808333,1,1,1,565.78,0.0,0,1,0,True,False,False,0,565.78,0.0,0,0,0,0,0.0,High Priority
865e52dc-d388-491f-9487-f7637e22f0bf,2019-11-27 13:14:01+00:00,2019-11-27 13:14:01+00:00,1,['cart'],512715521,1,1,1,50.19,0.0,0,1,0,True,False,False,0,50.19,0.0,0,0,0,0,0.0,High Priority
5b78f0e3-dc2b-4723-920b-4c4d7a1e1bad,2019-11-27 13:18:44+00:00,2019-11-27 13:18:44+00:00,1,['cart'],512440085,1,1,0,334.37,0.0,0,1,0,True,False,False,0,334.37,0.0,0,0,0,0,0.0,High Priority
fd384ec4-8925-47e7-bcc8-b071d992b4b4,2019-11-27 13:21:39+00:00,2019-11-27 13:21:39+00:00,1,['cart'],556787121,1,1,1,334.35,0.0,0,1,0,True,False,False,0,334.35,0.0,0,0,0,0,0.0,High Priority
5d3f5e79-aa07-4296-b07d-ccdd86f29d59,2019-11-27 13:21:52+00:00,2019-11-27 13:21:52+00:00,1,['cart'],577609453,1,1,1,349.8,0.0,0,1,0,True,False,False,0,349.8,0.0,0,0,0,0,0.0,High Priority
261f5eba-1f61-407a-ab0d-9c8d700287cc,2019-11-27 13:22:45+00:00,2019-11-27 13:22:45+00:00,1,['cart'],553926582,1,1,1,26.13,0.0,0,1,0,True,False,False,0,26.13,0.0,0,0,0,0,0.0,High Priority
89035319-1f27-4fbc-9278-519151b1bf9d,2019-11-27 13:24:07+00:00,2019-11-27 13:24:07+00:00,1,['cart'],516670023,1,1,1,743.62,0.0,0,1,0,True,False,False,0,743.62,0.0,0,0,0,0,0.0,High Priority
43c3438e-c547-438e-9117-c051395a1dc8,2019-11-27 13:26:39+00:00,2019-11-27 13:26:39+00:00,1,['cart'],577658695,1,1,1,171.18,0.0,0,1,0,True,False,False,0,171.18,0.0,0,0,0,0,0.0,High Priority
95085f86-cdda-4b31-848e-d30f07badfb6,2019-11-27 13:29:48+00:00,2019-11-27 13:29:48+00:00,1,['cart'],575743255,1,1,1,105.51,0.0,0,1,0,True,False,False,0,105.51,0.0,0,0,0,0,0.0,High Priority
fc651e23-7ad4-43e8-b475-cf2edf856fc3,2019-11-27 13:32:10+00:00,2019-11-27 13:32:10+00:00,1,['cart'],516135896,1,1,1,15.16,0.0,0,1,0,True,False,False,0,15.16,0.0,0,0,0,0,0.0,High Priority
fb23d73e-f2ca-4c8c-9b83-65c2eefc3ee9,2019-11-27 13:36:05+00:00,2019-11-27 13:44:11+00:00,2,"['cart', 'view']",570586681,2,1,1,190.71,8.1,1,1,0,True,False,True,0,95.355,1.0,0,0,0,0,0.0,High Priority
9f6033e7-0690-4d04-aa08-8875e80cb9a1,2019-11-27 13:36:26+00:00,2019-11-27 13:36:26+00:00,1,['cart'],514776264,1,1,1,36.01,0.0,0,1,0,True,False,False,0,36.01,0.0,0,0,0,0,0.0,High Priority
7e27a8c1-5f01-4481-adf9-e7e5d2af62c2,2019-11-27 13:36:41+00:00,2019-11-27 13:36:41+00:00,1,['cart'],513331414,1,1,1,1002.86,0.0,0,1,0,True,False,False,0,1002.86,0.0,0,0,0,0,0.0,High Priority
6951add9-b669-4f61-af45-0e3eb97c6921,2019-11-27 13:38:44+00:00,2019-11-27 13:38:44+00:00,1,['cart'],543717185,1,1,1,62.27,0.0,0,1,0,True,False,False,0,62.27,0.0,0,0,0,0,0.0,High Priority
ef226928-9d1b-4796-a106-18f580d07701,2019-11-27 13:41:04+00:00,2019-11-27 13:41:04+00:00,1,['cart'],561631575,1,1,1,246.94,0.0,0,1,0,True,False,False,0,246.94,0.0,0,0,0,0,0.0,High Priority
d71899cf-aba6-4793-8b08-8c2bf4a20ffd,2019-11-27 13:51:16+00:00,2019-11-27 13:51:16+00:00,1,['cart'],574764143,1,1,1,11.2,0.0,0,1,0,True,False,False,0,11.2,0.0,0,0,0,0,0.0,High Priority
09876fb9-b03a-4533-bd09-ecdad3195b0e,2019-11-27 13:51:47+00:00,2019-11-27 13:51:47+00:00,1,['cart'],531170103,1,1,1,73.1,0.0,0,1,0,True,False,False,0,73.1,0.0,0,0,0,0,0.0,High Priority
393a6532-14a8-4ae9-9e77-b69b14806bad,2019-11-27 13:53:44+00:00,2019-11-27 13:53:44+00:00,1,['cart'],542372126,1,1,1,69.37,0.0,0,1,0,True,False,False,0,69.37,0.0,0,0,0,0,0.0,High Priority
af8cfca3-dcca-47de-b263-633d934ed78a,2019-11-27 13:58:48+00:00,2019-11-27 13:58:48+00:00,1,['cart'],563303865,1,1,1,694.48,0.0,0,1,0,True,False,False,0,694.48,0.0,0,0,0,0,0.0,High Priority
42f72afe-79d4-4f56-87f0-3fe28ab1c4df,2019-11-27 13:59:28+00:00,2019-11-27 13:59:28+00:00,1,['cart'],552472691,1,1,1,771.94,0.0,0,1,0,True,False,False,0,771.94,0.0,0,0,0,0,0.0,High Priority
69c5836e-a624-4f67-a9aa-bf1bc8c4104f,2019-11-27 13:59:31+00:00,2019-11-27 14:07:18+00:00,2,"['cart', 'view']",556470229,2,1,2,485.7,7.783333333333333,1,1,0,True,False,True,0,242.85,1.0,0,0,0,0,0.0,High Priority
f00c9c08-718c-47ce-9360-64f697752c04,2019-11-27 14:01:15+00:00,2019-11-27 14:01:15+00:00,1,['cart'],576568239,1,1,1,8.96,0.0,0,1,0,True,False,False,0,8.96,0.0,0,0,0,0,0.0,High Priority
7544870a-a28a-4464-8663-ea78502112ff,2019-11-27 14:05:20+00:00,2019-11-27 14:05:20+00:00,1,['cart'],551100401,1,1,1,49.16,0.0,0,1,0,True,False,False,0,49.16,0.0,0,0,0,0,0.0,High Priority
dcc22a86-45ff-461b-88b9-115588e93afd,2019-11-27 14:06:59+00:00,2019-11-27 14:06:59+00:00,1,['cart'],566003385,1,1,1,1466.96,0.0,0,1,0,True,False,False,0,1466.96,0.0,0,0,0,0,0.0,High Priority
ac065aef-1f6f-4e31-aca6-433cd041374f,2019-11-27 14:10:37+00:00,2019-11-27 14:10:37+00:00,1,['cart'],555885103,1,1,1,405.92,0.0,0,1,0,True,False,False,0,405.92,0.0,0,0,0,0,0.0,High Priority
2aba6fca-f4a5-4469-932f-b8267528d89c,2019-11-27 14:12:06+00:00,2019-11-27 14:12:06+00:00,1,['cart'],513664560,1,1,1,916.37,0.0,0,1,0,True,False,False,0,916.37,0.0,0,0,0,0,0.0,High Priority
de270cd0-0185-41b1-b01a-c040721f0775,2019-11-27 14:13:34+00:00,2019-11-27 14:13:34+00:00,1,['cart'],572550058,1,1,0,136.17,0.0,0,1,0,True,False,False,0,136.17,0.0,0,0,0,0,0.0,High Priority
cb7bdaec-23eb-47d1-9990-13893183f4d2,2019-11-27 14:13:44+00:00,2019-11-27 14:13:44+00:00,1,['cart'],520231837,1,1,1,48.88,0.0,0,1,0,True,False,False,0,48.88,0.0,0,0,0,0,0.0,High Priority
f8297d4d-4903-43f4-9f4d-44bc4b8780c9,2019-11-27 14:14:31+00:00,2019-11-27 14:32:54+00:00,3,"['cart', 'view', 'view']",516352569,1,1,0,532.05,18.383333333333333,2,1,0,True,False,True,0,532.05,2.0,0,0,0,0,0.0,High Priority
1b71e785-3839-4529-9d9c-9a130d19afb4,2019-11-27 14:16:06+00:00,2019-11-27 14:16:06+00:00,1,['cart'],525157251,1,1,1,500.37,0.0,0,1,0,True,False,False,0,500.37,0.0,0,0,0,0,0.0,High Priority
69163c38-ed96-4360-ba04-e83282eff489,2019-11-27 14:17:56+00:00,2019-11-27 14:17:56+00:00,1,['cart'],532239111,1,1,1,88.26,0.0,0,1,0,True,False,False,0,88.26,0.0,0,0,0,0,0.0,High Priority
1eff6a34-e6bf-42e6-8f80-ed1c828808b3,2019-11-27 14:20:27+00:00,2019-11-27 14:20:27+00:00,1,['cart'],517969504,1,1,1,76.71,0.0,0,1,0,True,False,False,0,76.71,0.0,0,0,0,0,0.0,High Priority
a6053a37-c96a-494a-9b9c-a7c465f81347,2019-11-27 14:24:13+00:00,2019-11-27 14:24:13+00:00,1,['cart'],577689780,1,1,1,253.43,0.0,0,1,0,True,False,False,0,253.43,0.0,0,0,0,0,0.0,High Priority
8439d67f-a4f6-4fc5-bf8d-ba461e16b0ad,2019-11-27 14:25:37+00:00,2019-11-27 14:25:37+00:00,1,['cart'],577691811,1,1,1,253.43,0.0,0,1,0,True,False,False,0,253.43,0.0,0,0,0,0,0.0,High Priority
842e6257-8613-4223-b86f-f79a92dfbac2,2019-11-27 14:30:07+00:00,2019-11-27 14:30:07+00:00,1,['cart'],546798781,1,1,1,246.33,0.0,0,1,0,True,False,False,0,246.33,0.0,0,0,0,0,0.0,High Priority
ae91923b-f01c-4e65-a6f1-4089bca525e2,2019-11-27 14:30:14+00:00,2019-11-27 14:31:10+00:00,2,"['cart', 'view']",572463993,2,2,2,523.83,0.9333333333333332,1,1,0,True,False,True,0,261.915,1.0,0,0,0,0,0.0,High Priority
52de78bf-33a0-480b-805d-614ca2faf95a,2019-11-27 14:30:26+00:00,2019-11-27 14:30:26+00:00,1,['cart'],574081212,1,1,1,1182.22,0.0,0,1,0,True,False,False,0,1182.22,0.0,0,0,0,0,0.0,High Priority
334dcab3-af10-4448-9561-c2c695e47008,2019-11-27 14:31:21+00:00,2019-11-27 14:31:21+00:00,1,['cart'],512930628,1,1,1,92.38,0.0,0,1,0,True,False,False,0,92.38,0.0,0,0,0,0,0.0,High Priority
31939d71-bb4c-4637-85c3-00dc2ed57638,2019-11-27 14:31:33+00:00,2019-11-27 14:31:33+00:00,1,['cart'],550861591,1,1,1,77.07,0.0,0,1,0,True,False,False,0,77.07,0.0,0,0,0,0,0.0,High Priority
637413d0-f301-439b-b902-c36fdb558d7c,2019-11-27 14:32:05+00:00,2019-11-27 14:32:05+00:00,1,['cart'],548747057,1,1,1,348.64,0.0,0,1,0,True,False,False,0,348.64,0.0,0,0,0,0,0.0,High Priority
0b324a38-b2ff-405b-9c50-cc9129532705,2019-11-27 14:32:44+00:00,2019-11-27 14:32:44+00:00,1,['cart'],517854141,1,1,1,246.33,0.0,0,1,0,True,False,False,0,246.33,0.0,0,0,0,0,0.0,High Priority
017a8e5a-7606-451d-8e57-43f9d831e4f3,2019-11-27 14:32:47+00:00,2019-11-27 14:32:47+00:00,1,['cart'],571679581,1,1,1,48.91,0.0,0,1,0,True,False,False,0,48.91,0.0,0,0,0,0,0.0,High Priority
81ab16dd-ebfd-4fd2-847b-343acb93e477,2019-11-27 14:35:13+00:00,2019-11-27 14:35:13+00:00,1,['cart'],514730324,1,1,1,246.33,0.0,0,1,0,True,False,False,0,246.33,0.0,0,0,0,0,0.0,High Priority
3b4d4660-4acf-46ab-a5e9-35ec87d93a5d,2019-11-27 14:36:18+00:00,2019-11-27 14:36:18+00:00,1,['cart'],515179519,1,1,0,46.05,0.0,0,1,0,True,False,False,0,46.05,0.0,0,0,0,0,0.0,High Priority
88d180a7-5cfb-4282-a6f8-ab45c4610c6c,2019-11-27 14:38:32+00:00,2019-11-27 14:38:32+00:00,1,['cart'],573463705,1,1,1,916.37,0.0,0,1,0,True,False,False,0,916.37,0.0,0,0,0,0,0.0,High Priority
f9507b41-c428-4a70-86a4-68b519baae36,2019-11-27 14:42:35+00:00,2019-11-27 14:42:35+00:00,1,['cart'],535153084,1,1,1,15.7,0.0,0,1,0,True,False,False,0,15.7,0.0,0,0,0,0,0.0,High Priority
e7c65dc2-1d4f-478d-9726-14c72ef8b2d1,2019-11-27 14:43:59+00:00,2019-11-27 14:43:59+00:00,1,['cart'],518608506,1,1,1,179.9,0.0,0,1,0,True,False,False,0,179.9,0.0,0,0,0,0,0.0,High Priority
42052955-5e86-4d11-ba04-37adbeae29d5,2019-11-27 14:44:59+00:00,2019-11-27 14:44:59+00:00,1,['cart'],513353132,1,1,1,246.33,0.0,0,1,0,True,False,False,0,246.33,0.0,0,0,0,0,0.0,High Priority
8e7fc121-ef87-4b7f-a815-1e9998357c8a,2019-11-27 14:47:50+00:00,2019-11-27 14:47:50+00:00,1,['cart'],548831297,1,1,1,53.8,0.0,0,1,0,True,False,False,0,53.8,0.0,0,0,0,0,0.0,High Priority
9b913c6d-3937-4ed4-aea2-5cbac097f033,2019-11-27 14:48:05+00:00,2019-11-27 14:48:05+00:00,1,['cart'],577452694,1,1,1,168.66,0.0,0,1,0,True,False,False,0,168.66,0.0,0,0,0,0,0.0,High Priority
e3424e00-a40a-44ea-9b24-46f82f0120f2,2019-11-27 14:49:39+00:00,2019-11-27 14:56:24+00:00,2,"['cart', 'view']",559480749,2,1,2,118.15,6.75,1,1,0,True,False,True,0,59.075,1.0,0,0,0,0,0.0,High Priority
8ca9bddf-8e27-4586-a959-1eaeea55a8bc,2019-11-27 14:51:29+00:00,2019-11-27 14:51:29+00:00,1,['cart'],574294049,1,1,1,142.15,0.0,0,1,0,True,False,False,0,142.15,0.0,0,0,0,0,0.0,High Priority
f64f2c65-2049-4630-be09-66dca57adc75,2019-11-27 14:53:07+00:00,2019-11-27 14:53:07+00:00,1,['cart'],577686073,1,1,1,12.1,0.0,0,1,0,True,False,False,0,12.1,0.0,0,0,0,0,0.0,High Priority
325aed4f-808c-4cc9-9b50-aa880096913c,2019-11-27 14:53:11+00:00,2019-11-27 14:53:11+00:00,1,['cart'],522514543,1,1,1,200.49,0.0,0,1,0,True,False,False,0,200.49,0.0,0,0,0,0,0.0,High Priority
cd8b4127-82b0-4ce5-a0e0-c57b5d00d0f7,2019-11-27 14:53:31+00:00,2019-11-27 14:53:31+00:00,1,['cart'],515081716,1,1,1,121.24,0.0,0,1,0,True,False,False,0,121.24,0.0,0,0,0,0,0.0,High Priority
6da6b72c-21e9-4383-8e80-9707cfa62115,2019-11-27 14:54:58+00:00,2019-11-27 14:54:58+00:00,1,['cart'],544817113,1,1,1,117.87,0.0,0,1,0,True,False,False,0,117.87,0.0,0,0,0,0,0.0,High Priority
3600ca95-673e-4aaa-802a-787c67305e9a,2019-11-27 14:55:16+00:00,2019-11-27 14:58:48+00:00,2,"['cart', 'purchase']",516864566,1,1,1,251.46,3.533333333333333,0,1,1,True,True,False,1,251.46,0.0,0,0,0,0,0.85,Monitor Only
0f421448-670a-408e-9a80-8c48c30812d7,2019-11-27 14:55:54+00:00,2019-11-27 14:57:58+00:00,2,"['cart', 'view']",570662992,2,1,1,120.93,2.066666666666667,1,1,0,True,False,True,0,60.465,1.0,0,0,0,0,0.0,High Priority
f90741bc-4422-415b-beec-f1a04789b4db,2019-11-27 14:56:42+00:00,2019-11-27 14:56:42+00:00,1,['cart'],565261059,1,1,1,133.31,0.0,0,1,0,True,False,False,0,133.31,0.0,0,0,0,0,0.0,High Priority
0a334bed-0dea-4503-abd4-54938a8fca5c,2019-11-27 14:56:43+00:00,2019-11-27 14:56:43+00:00,1,['cart'],513353132,1,1,1,233.74,0.0,0,1,0,True,False,False,0,233.74,0.0,0,1,1,1,0.0,High Priority
45c9963f-91ff-4cfb-a960-9ae23297aff4,2019-11-27 14:56:44+00:00,2019-11-27 14:56:44+00:00,1,['cart'],531970294,1,1,1,766.82,0.0,0,1,0,True,False,False,0,766.82,0.0,0,0,0,0,0.0,High Priority
8a4a63f3-566b-4cdd-bfa8-4771381cdc32,2019-11-27 15:00:28+00:00,2019-11-27 15:02:56+00:00,2,"['cart', 'view']",575789320,2,1,2,1329.81,2.466666666666667,1,1,0,True,False,True,0,664.905,1.0,0,0,0,0,0.01,High Priority
06e43048-d0ad-4aca-8f47-088248eed831,2019-11-27 15:01:35+00:00,2019-11-27 15:01:35+00:00,1,['cart'],566809189,1,1,1,168.7,0.0,0,1,0,True,False,False,0,168.7,0.0,0,0,0,0,0.0,High Priority
2ab91e1f-ae7d-4735-aab3-144603782f4f,2019-11-27 15:01:52+00:00,2019-11-27 15:01:52+00:00,1,['cart'],515810766,1,1,1,283.12,0.0,0,1,0,True,False,False,0,283.12,0.0,0,0,0,0,0.0,High Priority
2cb8a0a5-de88-46c8-9c1f-fc3663ab3282,2019-11-27 15:04:17+00:00,2019-11-27 15:04:17+00:00,1,['cart'],519901286,1,1,0,24.79,0.0,0,1,0,True,False,False,0,24.79,0.0,0,0,0,0,0.0,High Priority
6e9368dc-a454-4525-918d-afd6ede5b33c,2019-11-27 15:08:23+00:00,2019-11-27 15:08:36+00:00,2,"['cart', 'view']",561583475,1,1,1,42.22,0.2166666666666666,1,1,0,True,False,True,0,42.22,1.0,0,0,0,0,0.0,High Priority
8e0d003c-a9ed-46ef-a020-ae55fa2930ab,2019-11-27 15:09:43+00:00,2019-11-27 15:09:43+00:00,1,['cart'],577611027,1,1,1,229.71,0.0,0,1,0,True,False,False,0,229.71,0.0,0,0,0,0,0.0,High Priority
24499966-a80d-4850-adbe-62242e46ccbc,2019-11-27 15:11:12+00:00,2019-11-27 15:11:12+00:00,1,['cart'],575470531,1,1,0,64.33,0.0,0,1,0,True,False,False,0,64.33,0.0,0,0,0,0,0.0,High Priority
b99292f6-681a-455b-b75e-8ade0ad9e017,2019-11-27 15:12:25+00:00,2019-11-27 15:12:25+00:00,1,['cart'],576462468,1,1,1,64.87,0.0,0,1,0,True,False,False,0,64.87,0.0,0,0,0,0,0.0,High Priority
289bdcae-1c5a-4ce8-8352-964a894f25d7,2019-11-27 15:13:12+00:00,2019-11-27 15:13:12+00:00,1,['cart'],517863908,1,1,1,127.93,0.0,0,1,0,True,False,False,0,127.93,0.0,0,0,0,0,0.0,High Priority
9602925c-2deb-448e-a3eb-f3f102130c66,2019-11-27 15:15:02+00:00,2019-11-27 15:15:02+00:00,1,['cart'],565763902,1,1,1,223.92,0.0,0,1,0,True,False,False,0,223.92,0.0,0,0,0,0,0.0,High Priority
ee5ec8c8-fd34-4f14-b1d3-37c60c31e5b6,2019-11-27 15:15:14+00:00,2019-11-27 15:15:14+00:00,1,['cart'],577717041,1,1,0,61.78,0.0,0,1,0,True,False,False,0,61.78,0.0,0,0,0,0,0.0,High Priority
52dc788a-00a5-451a-aea5-f64b3ab18ae8,2019-11-27 15:16:17+00:00,2019-11-27 15:16:17+00:00,1,['cart'],514054032,1,1,1,246.33,0.0,0,1,0,True,False,False,0,246.33,0.0,0,0,0,0,0.0,High Priority
31230e7d-5923-4579-b0f7-d5deb4426cf6,2019-11-27 15:26:40+00:00,2019-11-27 15:26:40+00:00,1,['cart'],576419520,1,1,1,38.87,0.0,0,1,0,True,False,False,0,38.87,0.0,0,0,0,0,0.0,High Priority
65e2e47f-8a67-4461-bf10-f6840ab310ff,2019-11-27 15:29:22+00:00,2019-11-27 15:29:22+00:00,1,['cart'],577725484,1,1,1,168.7,0.0,0,1,0,True,False,False,0,168.7,0.0,0,0,0,0,0.0,High Priority
8f407652-a28a-4221-94ec-bb79c282633b,2019-11-27 15:30:17+00:00,2019-11-27 15:30:17+00:00,1,['cart'],541422220,1,1,1,451.29,0.0,0,1,0,True,False,False,0,451.29,0.0,0,0,0,0,0.0,High Priority
31f7294d-e071-4689-9b01-dbcaf2d5796d,2019-11-27 15:33:52+00:00,2019-11-27 15:33:52+00:00,1,['cart'],513505601,1,1,1,45.02,0.0,0,1,0,True,False,False,0,45.02,0.0,0,0,0,0,0.0,High Priority
7b087d32-ac44-460a-8634-560e07d09740,2019-11-27 15:35:00+00:00,2019-11-27 15:35:00+00:00,1,['cart'],539882257,1,1,1,565.29,0.0,0,1,0,True,False,False,0,565.29,0.0,0,0,0,0,0.0,High Priority
92d055d8-f4a3-4386-95c4-8c423a4495f7,2019-11-27 15:36:52+00:00,2019-11-27 15:40:17+00:00,2,"['cart', 'view']",527571616,2,1,1,137.46,3.4166666666666665,1,1,0,True,False,True,0,68.73,1.0,0,0,0,0,0.0,High Priority
31c7c56c-fe0c-460a-8054-6f29d70956ae,2019-11-27 15:37:46+00:00,2019-11-27 15:37:46+00:00,1,['cart'],568720910,1,1,0,11.6,0.0,0,1,0,True,False,False,0,11.6,0.0,0,0,0,0,0.0,High Priority
21917738-e648-4026-891c-e4500a1ee77d,2019-11-27 15:38:02+00:00,2019-11-27 15:38:02+00:00,1,['cart'],543128872,1,1,1,161.73,0.0,0,1,0,True,False,False,0,161.73,0.0,0,0,0,0,0.0,High Priority
917cd7e4-9f7d-4add-82d4-7d90850807b0,2019-11-27 15:39:46+00:00,2019-11-27 15:39:46+00:00,1,['cart'],577726491,1,1,1,6.22,0.0,0,1,0,True,False,False,0,6.22,0.0,0,0,0,0,0.0,High Priority
c62467f6-4e69-4937-8db5-3b7ca6ec1f91,2019-11-27 15:41:50+00:00,2019-11-27 15:41:50+00:00,1,['cart'],560318380,1,1,1,102.71,0.0,0,1,0,True,False,False,0,102.71,0.0,0,0,0,0,0.0,High Priority
4c18bc8c-1566-4ecd-8f07-da62e009ec20,2019-11-27 15:42:22+00:00,2019-11-27 15:42:22+00:00,1,['cart'],519075103,1,1,1,385.67,0.0,0,1,0,True,False,False,0,385.67,0.0,0,0,0,0,0.0,High Priority
f7da1ff8-bf94-41c5-b03d-a424fd1dfa73,2019-11-27 15:44:59+00:00,2019-11-27 15:44:59+00:00,1,['cart'],570884365,1,1,1,229.71,0.0,0,1,0,True,False,False,0,229.71,0.0,0,0,0,0,0.0,High Priority
a4a48b0b-b1d8-40df-a634-2ad7d5f009ce,2019-11-27 15:46:04+00:00,2019-11-27 15:46:04+00:00,1,['cart'],536096468,1,1,1,2239.18,0.0,0,1,0,True,False,False,0,2239.18,0.0,0,0,0,0,0.0,High Priority
e94de516-dc0d-45b5-b098-4e4fe1bc6bb0,2019-11-27 15:51:55+00:00,2019-11-27 15:51:55+00:00,1,['cart'],525392859,1,1,1,171.05,0.0,0,1,0,True,False,False,0,171.05,0.0,0,0,0,0,0.0,High Priority
c15e199f-be9a-4a1c-9c4a-34c1c84373dd,2019-11-27 15:52:49+00:00,2019-11-27 15:52:49+00:00,1,['cart'],547192108,1,1,1,257.66,0.0,0,1,0,True,False,False,0,257.66,0.0,0,0,0,0,0.0,High Priority
4aa2d6ab-c991-4508-8cb3-68193a8578e8,2019-11-27 15:52:55+00:00,2019-11-27 15:52:55+00:00,1,['cart'],519023222,1,1,1,176.04,0.0,0,1,0,True,False,False,0,176.04,0.0,0,0,0,0,0.0,High Priority
30ea3e26-a6bd-45d1-bfbd-1ff322f36c67,2019-11-27 15:53:23+00:00,2019-11-27 15:53:23+00:00,1,['cart'],574605778,1,1,1,88.03,0.0,0,1,0,True,False,False,0,88.03,0.0,0,0,0,0,0.0,High Priority
aee199a2-65d1-41a8-9898-7b6eac3526fe,2019-11-27 15:56:47+00:00,2019-11-27 15:56:47+00:00,1,['cart'],558711745,1,1,1,40.93,0.0,0,1,0,True,False,False,0,40.93,0.0,0,0,0,0,0.0,High Priority
c3e67cbb-7909-4439-8f55-3868399db358,2019-11-27 15:57:31+00:00,2019-11-27 15:57:31+00:00,1,['cart'],563388054,1,1,1,99.08,0.0,0,1,0,True,False,False,0,99.08,0.0,0,0,0,0,0.0,High Priority
11b0b1c5-0c13-4a87-be6c-80cb5b6a9132,2019-11-27 15:57:46+00:00,2019-11-27 15:57:46+00:00,1,['cart'],522040364,1,1,1,72.07,0.0,0,1,0,True,False,False,0,72.07,0.0,0,0,0,0,0.0,High Priority
1a20352e-3ffc-4ed3-87cc-f27fb85edae1,2019-11-27 15:59:18+00:00,2019-11-27 15:59:18+00:00,1,['cart'],512470550,1,1,1,1157.76,0.0,0,1,0,True,False,False,0,1157.76,0.0,0,0,0,0,0.0,High Priority
f992ee6f-39b6-4d13-be6f-7f882625fc26,2019-11-27 16:00:14+00:00,2019-11-27 16:00:14+00:00,1,['cart'],577737114,1,1,1,35.78,0.0,0,1,0,True,False,False,0,35.78,0.0,0,0,0,0,0.0,High Priority
b399b7b2-38b7-422a-a03f-1d85e6c845b8,2019-11-27 16:02:51+00:00,2019-11-27 16:02:51+00:00,1,['cart'],576929705,1,1,1,41.19,0.0,0,1,0,True,False,False,0,41.19,0.0,0,0,0,0,0.0,High Priority
cde441cc-6615-4bda-929a-3874a576c21d,2019-11-27 16:04:34+00:00,2019-11-27 16:04:34+00:00,1,['cart'],567564174,1,1,1,133.31,0.0,0,1,0,True,False,False,0,133.31,0.0,0,0,0,0,0.0,High Priority
220d92b6-3954-454f-a1b2-09810d1dd397,2019-11-27 16:05:46+00:00,2019-11-27 16:05:46+00:00,1,['cart'],513926871,1,1,1,196.2,0.0,0,1,0,True,False,False,0,196.2,0.0,0,0,0,0,0.0,High Priority
51b3f851-3668-46d3-8634-4327b79ab763,2019-11-27 16:06:24+00:00,2019-11-27 16:06:24+00:00,1,['cart'],520444565,1,1,1,142.15,0.0,0,1,0,True,False,False,0,142.15,0.0,0,0,0,0,0.0,High Priority
10b9b0c5-cfc3-4be6-9007-81a5459b2ed9,2019-11-27 16:06:44+00:00,2019-11-27 16:06:44+00:00,1,['cart'],519904886,1,1,1,41.19,0.0,0,1,0,True,False,False,0,41.19,0.0,0,0,0,0,0.0,High Priority
724a8db6-d912-4605-8b82-14b9262f506b,2019-11-27 16:07:47+00:00,2019-11-27 16:07:47+00:00,1,['cart'],512801766,1,1,1,223.94,0.0,0,1,0,True,False,False,0,223.94,0.0,0,0,0,0,0.0,High Priority
afcb4539-6815-49c8-aa43-8a20b04cb3ef,2019-11-27 16:09:34+00:00,2019-11-27 16:09:34+00:00,1,['cart'],513086866,1,1,0,147.78,0.0,0,1,0,True,False,False,0,147.78,0.0,0,0,0,0,0.0,High Priority
8482e7f0-3109-4785-bb85-04d68a1acf60,2019-11-27 16:11:43+00:00,2019-11-27 16:11:43+00:00,1,['cart'],568989814,1,1,1,216.78,0.0,0,1,0,True,False,False,0,216.78,0.0,0,0,0,0,0.0,High Priority
9fedf7bf-81c8-4dcf-9910-f6116295806d,2019-11-27 16:16:14+00:00,2019-11-27 16:16:14+00:00,1,['cart'],555312955,1,1,1,424.7,0.0,0,1,0,True,False,False,0,424.7,0.0,0,0,0,0,0.0,High Priority
e572a11a-df10-45c9-8d49-a206b87b4d81,2019-11-27 16:22:15+00:00,2019-11-27 16:22:15+00:00,1,['cart'],577617794,1,1,1,90.07,0.0,0,1,0,True,False,False,0,90.07,0.0,0,0,0,0,0.0,High Priority
d924d2ba-a5a8-4c22-8458-ccf5c8cdb609,2019-11-27 16:23:05+00:00,2019-11-27 16:23:05+00:00,1,['cart'],576282947,1,1,1,125.73,0.0,0,1,0,True,False,False,0,125.73,0.0,0,0,0,0,0.0,High Priority
3c257605-fccd-4188-9446-382a2cd7e981,2019-11-27 16:25:13+00:00,2019-11-27 16:25:13+00:00,1,['cart'],524426262,1,1,1,315.56,0.0,0,1,0,True,False,False,0,315.56,0.0,0,0,0,0,0.0,High Priority
c0dc063c-51c3-4797-9d82-c08ec0c7cb98,2019-11-27 16:26:02+00:00,2019-11-27 16:26:02+00:00,1,['cart'],520438912,1,1,1,196.2,0.0,0,1,0,True,False,False,0,196.2,0.0,0,0,0,0,0.0,High Priority
479ba332-e594-4e25-b551-899db5e19d89,2019-11-27 16:26:06+00:00,2019-11-27 16:26:06+00:00,1,['cart'],515967843,1,1,1,23.14,0.0,0,1,0,True,False,False,0,23.14,0.0,0,0,0,0,0.0,High Priority
6200966b-30c0-4241-a5d8-34d40b748517,2019-11-27 16:27:44+00:00,2019-11-27 16:27:44+00:00,1,['cart'],567527364,1,1,1,311.01,0.0,0,1,0,True,False,False,0,311.01,0.0,0,0,0,0,0.0,High Priority
1aec3163-8867-4a88-a7d8-15fb820962b8,2019-11-27 16:31:34+00:00,2019-11-27 16:31:34+00:00,1,['cart'],566807492,1,1,0,156.5,0.0,0,1,0,True,False,False,0,156.5,0.0,0,0,0,0,0.0,High Priority
ae4257b8-4706-44ba-9928-65963205b8fe,2019-11-27 16:32:49+00:00,2019-11-27 16:32:49+00:00,1,['cart'],576704101,1,1,0,37.58,0.0,0,1,0,True,False,False,0,37.58,0.0,0,0,0,0,0.0,High Priority
0f1b86c5-23bd-413a-aa25-f67c714f15a0,2019-11-27 16:33:46+00:00,2019-11-27 16:42:48+00:00,2,"['cart', 'view']",514239956,2,1,1,336.92,9.033333333333331,1,1,0,True,False,True,0,168.46,1.0,0,0,0,0,0.0,High Priority
00dbb6ec-9d83-4474-9d02-2b36c8671211,2019-11-27 16:35:23+00:00,2019-11-27 16:46:57+00:00,2,"['cart', 'view']",558122895,2,1,2,79.67,11.566666666666666,1,1,0,True,False,True,0,39.835,1.0,0,0,0,0,0.0,High Priority
39b4b467-4506-4461-8f1d-3912af56b69e,2019-11-27 16:42:16+00:00,2019-11-27 16:42:16+00:00,1,['cart'],561689596,1,1,1,47.62,0.0,0,1,0,True,False,False,0,47.62,0.0,0,0,0,0,0.0,High Priority
38555560-87d0-4f81-b6c3-dd6f2eaa3644,2019-11-27 16:43:20+00:00,2019-11-27 16:43:20+00:00,1,['cart'],571688184,1,1,1,168.7,0.0,0,1,0,True,False,False,0,168.7,0.0,0,0,0,0,0.0,High Priority
81fe4265-376d-48f5-970e-1cbb8332241a,2019-11-27 16:44:37+00:00,2019-11-27 16:44:37+00:00,1,['cart'],551394389,1,1,1,1003.37,0.0,0,1,0,True,False,False,0,1003.37,0.0,0,0,0,0,0.0,High Priority
1bf56cc7-d65a-4033-942d-33d916b15ca5,2019-11-27 16:46:15+00:00,2019-11-27 16:46:15+00:00,1,['cart'],516213778,1,1,1,98.84,0.0,0,1,0,True,False,False,0,98.84,0.0,0,0,0,0,0.0,High Priority
e9a4832a-546a-4fd0-b8ce-4c70bc4a72bf,2019-11-27 16:48:34+00:00,2019-11-27 16:48:34+00:00,1,['cart'],577764678,1,1,1,392.44,0.0,0,1,0,True,False,False,0,392.44,0.0,0,0,0,0,0.0,High Priority
bf62ba2b-12c9-4946-b3dd-82e01433f6d0,2019-11-27 16:49:40+00:00,2019-11-27 16:49:40+00:00,1,['cart'],571339045,1,1,1,771.94,0.0,0,1,0,True,False,False,0,771.94,0.0,0,0,0,0,0.0,High Priority
273ad387-a320-486a-b970-0c304e84cb1b,2019-11-27 16:51:29+00:00,2019-11-27 16:51:29+00:00,1,['cart'],516457253,1,1,1,62.58,0.0,0,1,0,True,False,False,0,62.58,0.0,0,0,0,0,0.0,High Priority
fbaa1be8-b30f-4425-b34c-1d9979bf73b2,2019-11-27 16:53:52+00:00,2019-11-27 16:53:52+00:00,1,['cart'],516016201,1,1,1,56.89,0.0,0,1,0,True,False,False,0,56.89,0.0,0,0,0,0,0.0,High Priority
99a2afd9-82b0-4664-86a6-a0a6f27c5d95,2019-11-27 16:57:19+00:00,2019-11-27 17:02:49+00:00,2,"['cart', 'view']",548341294,2,1,1,61.47,5.5,1,1,0,True,False,True,0,30.735,1.0,0,0,0,0,0.0,High Priority
14dbfc87-cfff-4361-b898-06e3989ec08d,2019-11-27 16:57:45+00:00,2019-11-27 16:57:45+00:00,1,['cart'],540765753,1,1,1,17.99,0.0,0,1,0,True,False,False,0,17.99,0.0,0,0,0,0,0.0,High Priority
f06d71a6-2229-4cfc-91b3-fbc53777e1c7,2019-11-27 17:04:10+00:00,2019-11-27 17:04:10+00:00,1,['cart'],557474780,1,1,1,76.29,0.0,0,1,0,True,False,False,0,76.29,0.0,0,0,0,0,0.0,High Priority
f13d261d-c1b6-4d6a-a848-81249047a1af,2019-11-27 17:10:27+00:00,2019-11-27 17:15:16+00:00,2,"['cart', 'view']",552793470,2,1,1,229.6,4.816666666666666,1,1,0,True,False,True,0,114.8,1.0,0,0,0,0,0.0,High Priority
94c39df9-dba7-4839-a81b-9138edb8e842,2019-11-27 17:14:41+00:00,2019-11-27 17:14:41+00:00,1,['cart'],575550319,1,1,1,617.52,0.0,0,1,0,True,False,False,0,617.52,0.0,0,0,0,0,0.0,High Priority
15d4e60a-1a8b-4761-861f-2bf182892588,2019-11-27 17:15:26+00:00,2019-11-27 17:15:26+00:00,1,['cart'],577508368,1,1,1,125.73,0.0,0,1,0,True,False,False,0,125.73,0.0,0,0,0,0,0.0,High Priority
eaf2fffa-97fd-447d-a083-f83fa029ad77,2019-11-27 17:16:01+00:00,2019-11-27 17:16:01+00:00,1,['cart'],577758479,1,1,1,88.26,0.0,0,1,0,True,False,False,0,88.26,0.0,0,0,0,0,0.0,High Priority
dfeceb74-ec25-41a6-bdef-8a65d69f125e,2019-11-27 17:20:25+00:00,2019-11-27 17:20:25+00:00,1,['cart'],577776183,1,1,0,170.66,0.0,0,1,0,True,False,False,0,170.66,0.0,0,0,0,0,0.0,High Priority
c00abcc4-358c-40c6-a370-985065f096c3,2019-11-27 17:22:32+00:00,2019-11-27 17:22:32+00:00,1,['cart'],521731716,1,1,0,7.86,0.0,0,1,0,True,False,False,0,7.86,0.0,0,0,0,0,0.0,High Priority
8dfd6020-23e2-4059-a163-bcdb7cd1aa05,2019-11-27 17:23:28+00:00,2019-11-27 17:23:28+00:00,1,['cart'],548940222,1,1,1,51.93,0.0,0,1,0,True,False,False,0,51.93,0.0,0,0,0,0,0.0,High Priority
da28b7d6-73c5-4094-9df2-b66709f506c3,2019-11-27 17:24:10+00:00,2019-11-27 17:24:10+00:00,1,['cart'],566105019,1,1,1,197.17,0.0,0,1,0,True,False,False,0,197.17,0.0,0,0,0,0,0.0,High Priority
a7710d81-efb9-44af-88e2-c5c018758822,2019-11-27 17:26:57+00:00,2019-11-27 17:26:57+00:00,1,['cart'],559693089,1,1,1,48.9,0.0,0,1,0,True,False,False,0,48.9,0.0,0,0,0,0,0.0,High Priority
4be5a237-d9e3-4d74-9adf-20cda4d6c852,2019-11-27 17:27:31+00:00,2019-11-27 17:27:31+00:00,1,['cart'],513073764,1,1,1,500.37,0.0,0,1,0,True,False,False,0,500.37,0.0,0,0,0,0,0.0,High Priority
9341fd58-fe80-45d2-813b-f1fb2e5e3035,2019-11-27 17:29:54+00:00,2019-11-27 17:29:54+00:00,1,['cart'],576555305,1,1,0,46.82,0.0,0,1,0,True,False,False,0,46.82,0.0,0,0,0,0,0.0,High Priority
18520003-3e7e-403e-96b5-bf8f9dcf8def,2019-11-27 17:30:15+00:00,2019-11-27 17:30:15+00:00,1,['cart'],537278299,1,1,1,118.38,0.0,0,1,0,True,False,False,0,118.38,0.0,0,0,0,0,0.0,High Priority
bc7a74b4-1f0e-4141-b8d1-bfd60ba12c6f,2019-11-27 17:31:37+00:00,2019-11-27 17:31:37+00:00,1,['cart'],514315693,1,1,1,103.73,0.0,0,1,0,True,False,False,0,103.73,0.0,0,1,1,1,0.0,High Priority
d48ad3a8-e340-45cf-bef4-be437d1073e4,2019-11-27 17:33:15+00:00,2019-11-27 17:33:15+00:00,1,['cart'],568297199,1,1,1,167.29,0.0,0,1,0,True,False,False,0,167.29,0.0,0,0,0,0,0.0,High Priority
0e95224c-b515-40ac-88d5-83aadb617589,2019-11-27 17:35:38+00:00,2019-11-27 17:35:38+00:00,1,['cart'],514170922,1,1,1,257.38,0.0,0,1,0,True,False,False,0,257.38,0.0,0,0,0,0,0.0,High Priority
5adecc7f-88c1-4fd9-afb9-2fa29e757dd0,2019-11-27 17:40:02+00:00,2019-11-27 17:40:02+00:00,1,['cart'],542714374,1,1,1,152.72,0.0,0,1,0,True,False,False,0,152.72,0.0,0,0,0,0,0.0,High Priority
7c5e9459-240d-4a9b-a06f-0e281aad0030,2019-11-27 17:41:12+00:00,2019-11-27 17:41:12+00:00,1,['cart'],567253757,1,1,1,40.93,0.0,0,1,0,True,False,False,0,40.93,0.0,0,0,0,0,0.0,High Priority
853f9ff3-2970-49c6-839c-5e7860adde9d,2019-11-27 17:43:27+00:00,2019-11-27 17:43:27+00:00,1,['cart'],541768009,1,1,1,89.84,0.0,0,1,0,True,False,False,0,89.84,0.0,0,0,0,0,0.0,High Priority
80c503fc-e113-4b11-952d-e0d4fc8736da,2019-11-27 17:43:37+00:00,2019-11-27 17:43:37+00:00,1,['cart'],528435368,1,1,0,11.58,0.0,0,1,0,True,False,False,0,11.58,0.0,0,0,0,0,0.0,High Priority
5f8aaa81-ba2f-4260-ab03-7ed93f9a2537,2019-11-27 17:45:11+00:00,2019-11-27 17:45:11+00:00,1,['cart'],572854766,1,1,1,771.94,0.0,0,1,0,True,False,False,0,771.94,0.0,0,0,0,0,0.0,High Priority
e9640c62-6950-4d2d-a4ce-722c307df1c6,2019-11-27 17:48:15+00:00,2019-11-27 17:48:15+00:00,1,['cart'],560106797,1,1,1,133.18,0.0,0,1,0,True,False,False,0,133.18,0.0,0,2,2,2,0.0,High Priority
4760edb0-b42e-7748-aaf1-7f270a73f38c,2019-11-27 17:48:45+00:00,2019-11-27 18:17:28+00:00,5,"['cart', 'view', 'view', 'view', 'view']",525577465,3,1,1,961.16,28.716666666666665,4,1,0,True,False,True,0,320.38666666666666,4.0,0,0,0,0,0.0,High Priority
bd4d433b-eb38-463c-b68a-e52622231590,2019-11-27 17:48:48+00:00,2019-11-27 17:48:48+00:00,1,['cart'],558483323,1,1,1,161.99,0.0,0,1,0,True,False,False,0,161.99,0.0,0,0,0,0,0.0,High Priority
b2e4dc65-ffe4-4704-b5d2-518e28ecdb4d,2019-11-27 17:51:38+00:00,2019-11-27 17:51:38+00:00,1,['cart'],552414191,1,1,1,231.41,0.0,0,1,0,True,False,False,0,231.41,0.0,0,0,0,0,0.0,High Priority
c0c116c9-c872-44e2-b538-7d956e86c1fc,2019-11-27 17:52:01+00:00,2019-11-27 17:52:01+00:00,1,['cart'],542714374,1,1,1,152.72,0.0,0,1,0,True,False,False,0,152.72,0.0,0,1,1,1,0.0,High Priority
6eca21e7-609b-55d8-2ef8-973af5b83033,2019-11-27 17:53:55+00:00,2019-11-27 17:53:55+00:00,1,['cart'],571123738,1,1,1,1312.26,0.0,0,1,0,True,False,False,0,1312.26,0.0,0,0,0,0,0.0,High Priority
c7fe9d35-6788-4782-9ee8-b73f24a431a4,2019-11-27 17:55:31+00:00,2019-11-27 17:55:31+00:00,1,['cart'],513682259,1,1,1,15.84,0.0,0,1,0,True,False,False,0,15.84,0.0,0,0,0,0,0.0,High Priority
46e8613c-5692-434f-bb40-f48d3990c125,2019-11-27 17:57:14+00:00,2019-11-27 17:57:14+00:00,1,['cart'],514986922,1,1,1,53.03,0.0,0,1,0,True,False,False,0,53.03,0.0,0,0,0,0,0.0,High Priority
a65bb33b-db0e-41f9-863e-78569e2a6c0e,2019-11-27 18:00:51+00:00,2019-11-27 18:01:18+00:00,2,"['cart', 'cart']",554695635,1,1,1,2621.44,0.45,0,2,0,True,False,False,0,2621.44,0.0,0,0,0,0,0.08,High Priority
26c08bfd-b6e4-4a7a-af76-0de5ca3d587e,2019-11-27 18:02:58+00:00,2019-11-27 18:03:49+00:00,2,"['cart', 'cart']",545678978,1,1,1,492.48,0.85,0,2,0,True,False,False,0,492.48,0.0,0,0,0,0,0.02,High Priority
46db2ca6-f435-4352-8e82-3fbc446b61c5,2019-11-27 18:04:01+00:00,2019-11-27 18:04:01+00:00,1,['cart'],563030104,1,1,1,16.73,0.0,0,1,0,True,False,False,0,16.73,0.0,0,0,0,0,0.0,High Priority
2b7a3719-0446-4fd2-839b-09c01d35681f,2019-11-27 18:07:35+00:00,2019-11-27 18:07:35+00:00,1,['cart'],515146450,1,1,1,916.37,0.0,0,1,0,True,False,False,0,916.37,0.0,0,0,0,0,0.0,High Priority
3087dd5c-b66c-4cf2-acc5-3a6fa7e45081,2019-11-27 18:10:27+00:00,2019-11-27 18:10:27+00:00,1,['cart'],515987963,1,1,1,58.95,0.0,0,1,0,True,False,False,0,58.95,0.0,0,0,0,0,0.0,High Priority
06705e2d-395e-4805-8f7b-56f631463cc1,2019-11-27 18:11:57+00:00,2019-11-27 18:11:57+00:00,1,['cart'],577795953,1,1,1,566.01,0.0,0,1,0,True,False,False,0,566.01,0.0,0,0,0,0,0.0,High Priority
ffd7398d-3a97-46d3-a1c2-40f1bfa97dc3,2019-11-27 18:13:54+00:00,2019-11-27 18:13:54+00:00,1,['cart'],577796423,1,1,1,205.67,0.0,0,1,0,True,False,False,0,205.67,0.0,0,0,0,0,0.0,High Priority
db67c595-9f9e-4c7d-95b8-0e9be2f24b33,2019-11-27 18:16:11+00:00,2019-11-27 18:16:11+00:00,1,['cart'],542446360,1,1,1,41.92,0.0,0,1,0,True,False,False,0,41.92,0.0,0,0,0,0,0.0,High Priority
f5c08ea9-7d77-4c38-84a8-7b03536729ba,2019-11-27 18:19:13+00:00,2019-11-27 18:24:38+00:00,2,"['cart', 'view']",572887043,2,1,0,33.72,5.416666666666667,1,1,0,True,False,True,0,16.86,1.0,0,0,0,0,0.0,High Priority
33ffaeae-a737-4e8e-b536-969388d5402f,2019-11-27 18:20:16+00:00,2019-11-27 18:20:16+00:00,1,['cart'],512951058,1,1,1,985.29,0.0,0,1,0,True,False,False,0,985.29,0.0,0,0,0,0,0.0,High Priority
f0a77e77-23da-4573-9c3b-c482ebf1daa7,2019-11-27 18:20:33+00:00,2019-11-27 18:20:33+00:00,1,['cart'],513106940,1,1,1,168.7,0.0,0,1,0,True,False,False,0,168.7,0.0,0,0,0,0,0.0,High Priority
135afb03-1f27-4d74-baa2-e060103abeac,2019-11-27 18:23:44+00:00,2019-11-27 18:23:44+00:00,1,['cart'],513000426,1,1,1,283.15,0.0,0,1,0,True,False,False,0,283.15,0.0,0,0,0,0,0.0,High Priority
29162207-10d8-4a2f-b6ca-765fd9af2543,2019-11-27 18:39:03+00:00,2019-11-27 18:39:03+00:00,1,['cart'],577632640,1,1,1,1002.55,0.0,0,1,0,True,False,False,0,1002.55,0.0,0,0,0,0,0.0,High Priority
20d0d461-1c8a-45d8-8c44-e5c17bbb38cc,2019-11-27 18:42:53+00:00,2019-11-27 19:14:30+00:00,4,"['cart', 'view', 'view', 'view']",565752092,4,1,2,329.74,31.616666666666667,3,1,0,True,False,True,0,82.435,3.0,0,0,0,0,0.05,High Priority
9d427fe2-cbef-402f-b75c-da67a2045e7b,2019-11-27 18:45:44+00:00,2019-11-27 18:45:44+00:00,1,['cart'],573631597,1,1,1,43.73,0.0,0,1,0,True,False,False,0,43.73,0.0,0,0,0,0,0.0,High Priority
06053558-01f5-46d6-94a1-f3e3a43a3a88,2019-11-27 18:46:04+00:00,2019-11-27 18:46:04+00:00,1,['cart'],546168661,1,1,1,161.7,0.0,0,1,0,True,False,False,0,161.7,0.0,0,0,0,0,0.0,High Priority
be7652a0-e491-4dc2-982f-44fc3ee2ea56,2019-11-27 18:50:12+00:00,2019-11-27 18:50:12+00:00,1,['cart'],534309550,1,1,1,766.82,0.0,0,1,0,True,False,False,0,766.82,0.0,0,0,0,0,0.0,High Priority
0b7c8dc5-c2ef-4771-a3c4-7d9190a1b4b4,2019-11-27 18:53:05+00:00,2019-11-27 18:53:05+00:00,1,['cart'],520969889,1,1,1,48.88,0.0,0,1,0,True,False,False,0,48.88,0.0,0,0,0,0,0.0,High Priority
76df5731-f75d-4695-a97f-a0abef32d1ac,2019-11-27 18:54:14+00:00,2019-11-27 18:54:14+00:00,1,['cart'],518504725,1,1,1,1157.51,0.0,0,1,0,True,False,False,0,1157.51,0.0,0,0,0,0,0.0,High Priority
9ef39f58-b207-4afa-a522-eba0e100839c,2019-11-27 19:10:53+00:00,2019-11-27 19:10:53+00:00,1,['cart'],551104248,1,1,1,101.67,0.0,0,1,0,True,False,False,0,101.67,0.0,0,0,0,0,0.0,High Priority
c8c37195-126e-4aab-af06-477344873420,2019-11-27 19:26:29+00:00,2019-11-27 19:26:29+00:00,1,['cart'],573369444,1,1,1,86.03,0.0,0,1,0,True,False,False,0,86.03,0.0,0,0,0,0,0.0,High Priority
7d5c7b65-daa5-4028-a64a-24ec1816f5d5,2019-11-27 19:30:32+00:00,2019-11-27 19:30:32+00:00,1,['cart'],569704097,1,1,1,14.93,0.0,0,1,0,True,False,False,0,14.93,0.0,0,0,0,0,0.0,High Priority
c2cd6754-b007-43f3-ac0c-ec46c1f59833,2019-11-27 19:40:27+00:00,2019-11-27 19:53:57+00:00,2,"['cart', 'view']",518726909,1,1,0,87.52,13.5,1,1,0,True,False,True,0,87.52,1.0,0,0,0,0,0.0,High Priority
888bee8b-f6b9-4cbf-b110-33bbb85f8a8a,2019-11-27 19:57:32+00:00,2019-11-27 19:57:32+00:00,1,['cart'],577853892,1,1,1,133.18,0.0,0,1,0,True,False,False,0,133.18,0.0,0,0,0,0,0.0,High Priority
be5719a4-ebf1-4e35-a17d-b9eee0a2aa1a,2019-11-27 20:17:00+00:00,2019-11-27 20:17:00+00:00,1,['cart'],515130864,1,1,1,87.08,0.0,0,1,0,True,False,False,0,87.08,0.0,0,0,0,0,0.0,High Priority
5b29090e-4b30-4f05-b22b-3e32761f557c,2019-11-27 20:17:41+00:00,2019-11-27 20:17:41+00:00,1,['cart'],575626174,1,1,1,939.28,0.0,0,1,0,True,False,False,0,939.28,0.0,0,0,0,0,0.0,High Priority
feed0884-d027-4628-b41f-c859f30e54ed,2019-11-27 20:36:44+00:00,2019-11-27 20:36:44+00:00,1,['cart'],516770431,1,1,1,50.76,0.0,0,1,0,True,False,False,0,50.76,0.0,0,0,0,0,0.0,High Priority
c030682d-553c-41c1-8218-4175c3a1a85e,2019-11-27 20:38:12+00:00,2019-11-27 20:42:50+00:00,2,"['cart', 'view']",514500921,2,2,2,2014.19,4.633333333333334,1,1,0,True,False,True,0,1007.095,1.0,0,0,0,0,0.0,High Priority
b83718b1-fba6-4cf6-9f77-70b4bd2912ad,2019-11-27 21:00:47+00:00,2019-11-27 21:00:47+00:00,1,['cart'],568886901,1,1,1,118.15,0.0,0,1,0,True,False,False,0,118.15,0.0,0,0,0,0,0.0,High Priority
72af73ad-5ca9-4a86-9482-75d753434f7d,2019-11-27 21:10:27+00:00,2019-11-27 21:10:27+00:00,1,['cart'],567424653,1,1,1,125.73,0.0,0,1,0,True,False,False,0,125.73,0.0,0,0,0,0,0.0,High Priority
8d0c8ad6-816c-4767-85e0-586a85a2a250,2019-11-27 21:21:53+00:00,2019-11-27 21:21:53+00:00,1,['cart'],513772175,1,1,1,405.9,0.0,0,1,0,True,False,False,0,405.9,0.0,0,0,0,0,0.0,High Priority
0f35b659-c5c8-498d-8e29-2b6823d60d64,2019-11-27 21:38:04+00:00,2019-11-27 21:38:04+00:00,1,['cart'],562476756,1,1,1,257.12,0.0,0,1,0,True,False,False,0,257.12,0.0,0,0,0,0,0.0,High Priority
0006988c-a112-409e-9507-2b03d9cfc585,2019-11-27 21:49:33+00:00,2019-11-27 21:49:33+00:00,1,['cart'],570953482,1,1,1,253.37,0.0,0,1,0,True,False,False,0,253.37,0.0,0,1,1,1,0.0,High Priority
dd4f7fd9-820a-4cac-bf76-dce72fa24969,2019-11-27 21:54:04+00:00,2019-11-27 21:54:04+00:00,1,['cart'],555027334,1,1,0,407.39,0.0,0,1,0,True,False,False,0,407.39,0.0,0,0,0,0,0.0,High Priority
1114be1a-8371-4095-8c27-52a252ccac03,2019-11-27 22:32:46+00:00,2019-11-27 22:32:46+00:00,1,['cart'],568968549,1,1,1,530.23,0.0,0,1,0,True,False,False,0,530.23,0.0,0,0,0,0,0.0,High Priority
a23e77d1-0259-42d5-872e-4f60c48d9ccf,2019-11-27 22:42:53+00:00,2019-11-27 22:42:53+00:00,1,['cart'],526565893,1,1,1,133.18,0.0,0,1,0,True,False,False,0,133.18,0.0,0,0,0,0,0.0,High Priority
ae836cd5-1b3b-46cd-ae22-e9fc77b31f98,2019-11-27 22:56:13+00:00,2019-11-27 22:56:13+00:00,1,['cart'],577912735,1,1,1,8.96,0.0,0,1,0,True,False,False,0,8.96,0.0,0,0,0,0,0.0,High Priority
5a79965a-5105-433e-b925-e75a9fb83cba,2019-11-27 23:39:29+00:00,2019-11-27 23:39:29+00:00,1,['cart'],576594185,1,1,1,14.13,0.0,0,1,0,True,False,False,0,14.13,0.0,0,0,0,0,0.0,High Priority
8c40d48c-21d7-405f-bbdf-7f2ea09ef9fb,2019-11-28 00:04:13+00:00,2019-11-28 00:04:13+00:00,1,['cart'],555291674,1,1,1,246.24,0.0,0,1,0,True,False,False,0,246.24,0.0,0,0,0,0,0.0,High Priority
6cdc4cc1-53b6-4d3a-8b3c-b92e56ab5af8,2019-11-28 00:28:29+00:00,2019-11-28 00:28:29+00:00,1,['cart'],517613579,1,1,1,161.7,0.0,0,1,0,True,False,False,0,161.7,0.0,0,0,0,0,0.0,High Priority
34ae356b-7ec2-4918-aee2-05382e134338,2019-11-28 01:04:16+00:00,2019-11-28 01:04:16+00:00,1,['cart'],541314950,1,1,1,93.77,0.0,0,1,0,True,False,False,0,93.77,0.0,0,0,0,0,0.0,High Priority
1efed826-ae35-44d5-abc4-2f276031b6cd,2019-11-28 01:06:43+00:00,2019-11-28 01:06:43+00:00,1,['cart'],520133716,1,1,1,161.7,0.0,0,1,0,True,False,False,0,161.7,0.0,0,0,0,0,0.0,High Priority
650d3887-f3d6-4f29-9a2b-dee57e22b10c,2019-11-28 01:17:16+00:00,2019-11-28 01:17:16+00:00,1,['cart'],552589092,1,1,1,45.82,0.0,0,1,0,True,False,False,0,45.82,0.0,0,0,0,0,0.0,High Priority
6a18c7cc-8c1d-406b-868d-c10f0c2fd306,2019-11-28 01:39:58+00:00,2019-11-28 01:39:58+00:00,1,['cart'],577907350,1,1,1,125.73,0.0,0,1,0,True,False,False,0,125.73,0.0,0,0,0,0,0.0,High Priority
c692d24c-61b8-4216-9422-e304696963f0,2019-11-28 01:46:33+00:00,2019-11-28 01:46:33+00:00,1,['cart'],517255006,1,1,1,202.81,0.0,0,1,0,True,False,False,0,202.81,0.0,0,0,0,0,0.0,High Priority
53078198-d00e-42ed-a75d-dbfcfe3cbf40,2019-11-28 01:55:50+00:00,2019-11-28 01:55:50+00:00,1,['cart'],517732263,1,1,1,49.16,0.0,0,1,0,True,False,False,0,49.16,0.0,0,0,0,0,0.0,High Priority
5b0b00ea-b342-4576-91c2-b3cd1b12275b,2019-11-28 01:57:20+00:00,2019-11-28 01:57:20+00:00,1,['cart'],515344823,1,1,1,349.44,0.0,0,1,0,True,False,False,0,349.44,0.0,0,0,0,0,0.0,High Priority
3c2ee900-3ed4-49c8-b3de-ecdb11c2e130,2019-11-28 02:02:49+00:00,2019-11-28 02:02:49+00:00,1,['cart'],569171198,1,1,0,57.92,0.0,0,1,0,True,False,False,0,57.92,0.0,0,0,0,0,0.0,High Priority
b2b104c2-11a5-4f63-80fa-e6abc6a964cf,2019-11-28 02:05:00+00:00,2019-11-28 02:05:00+00:00,1,['cart'],568298819,1,1,1,93.77,0.0,0,1,0,True,False,False,0,93.77,0.0,0,0,0,0,0.0,High Priority
8b5b8db3-8a54-4630-b7df-0801497f43d3,2019-11-28 02:07:59+00:00,2019-11-28 02:07:59+00:00,1,['cart'],514177632,1,1,1,39.9,0.0,0,1,0,True,False,False,0,39.9,0.0,0,1,1,1,0.0,High Priority
d931b57f-3b4c-447b-b4b2-7df5007e6e98,2019-11-28 02:10:54+00:00,2019-11-28 02:10:54+00:00,1,['cart'],517954282,1,1,1,89.84,0.0,0,1,0,True,False,False,0,89.84,0.0,0,0,0,0,0.0,High Priority
713b3670-20c8-4e93-b2be-f8e8d729d365,2019-11-28 02:11:21+00:00,2019-11-28 02:11:21+00:00,1,['cart'],529199927,1,1,1,472.86,0.0,0,1,0,True,False,False,0,472.86,0.0,0,0,0,0,0.0,High Priority
fc581d8b-3c10-40cd-ad95-e91734cfbbf3,2019-11-28 02:15:35+00:00,2019-11-28 02:15:35+00:00,1,['cart'],513110776,1,1,1,20.71,0.0,0,1,0,True,False,False,0,20.71,0.0,0,0,0,0,0.0,High Priority
33f22f16-300d-4588-9a3c-7e9c66438bd9,2019-11-28 02:16:33+00:00,2019-11-28 02:16:33+00:00,1,['cart'],577956787,1,1,1,384.54,0.0,0,1,0,True,False,False,0,384.54,0.0,0,0,0,0,0.0,High Priority
0f36e9cd-1dee-49a7-9829-bb096b6ee191,2019-11-28 02:21:18+00:00,2019-11-28 02:21:18+00:00,1,['cart'],540694621,1,1,1,43.5,0.0,0,1,0,True,False,False,0,43.5,0.0,0,0,0,0,0.0,High Priority
670f4332-ef1f-4914-97ae-88b5e0398d69,2019-11-28 02:23:03+00:00,2019-11-28 02:23:03+00:00,1,['cart'],538735665,1,1,1,441.45,0.0,0,1,0,True,False,False,0,441.45,0.0,0,0,0,0,0.0,High Priority
68742758-bcca-492c-97af-0732fcee2cdf,2019-11-28 02:30:09+00:00,2019-11-28 02:30:09+00:00,1,['cart'],527376162,1,1,1,25.46,0.0,0,1,0,True,False,False,0,25.46,0.0,0,0,0,0,0.0,High Priority
5be02093-916d-45c1-9737-c9848708cdcb,2019-11-28 02:30:32+00:00,2019-11-28 02:30:32+00:00,1,['cart'],543829422,1,1,1,15.32,0.0,0,1,0,True,False,False,0,15.32,0.0,0,0,0,0,0.0,High Priority
f519c49c-fc54-411d-b92c-d58a29dc6f45,2019-11-28 02:32:52+00:00,2019-11-28 02:32:52+00:00,1,['cart'],522855533,1,1,0,87.49,0.0,0,1,0,True,False,False,0,87.49,0.0,0,0,0,0,0.0,High Priority
b758b6c3-753f-44d6-9e22-6365df0fec2c,2019-11-28 02:38:02+00:00,2019-11-28 02:38:02+00:00,1,['cart'],523919016,1,1,1,89.31,0.0,0,1,0,True,False,False,0,89.31,0.0,0,0,0,0,0.0,High Priority
99bd7ad1-8c0a-43cd-bf2c-5694df838091,2019-11-28 02:45:44+00:00,2019-11-28 02:45:44+00:00,1,['cart'],520740826,1,1,1,348.67,0.0,0,1,0,True,False,False,0,348.67,0.0,0,0,0,0,0.0,High Priority
7070aa07-1e83-4dae-8acf-a803719eeb5c,2019-11-28 02:53:41+00:00,2019-11-28 02:53:41+00:00,1,['cart'],549216542,1,1,1,321.73,0.0,0,1,0,True,False,False,0,321.73,0.0,0,0,0,0,0.0,High Priority
79798e0a-2e1e-4376-8fcf-9677c0c50479,2019-11-28 02:58:21+00:00,2019-11-28 02:58:21+00:00,1,['cart'],577542914,1,1,1,120.41,0.0,0,1,0,True,False,False,0,120.41,0.0,0,0,0,0,0.0,High Priority
a7c80373-c18f-4615-8678-7cdee0a13899,2019-11-28 03:15:42+00:00,2019-11-28 03:15:42+00:00,1,['cart'],576257483,1,1,1,89.84,0.0,0,1,0,True,False,False,0,89.84,0.0,0,0,0,0,0.0,High Priority
48777aab-89ee-4c68-a69f-446151640a0f,2019-11-28 03:16:00+00:00,2019-11-28 03:16:00+00:00,1,['cart'],576370913,1,1,1,384.53,0.0,0,1,0,True,False,False,0,384.53,0.0,0,0,0,0,0.0,High Priority
96870dd1-5aca-4389-877f-46ee8a417930,2019-11-28 03:18:19+00:00,2019-11-28 03:18:19+00:00,1,['cart'],512809842,1,1,1,79.02,0.0,0,1,0,True,False,False,0,79.02,0.0,0,0,0,0,0.0,High Priority
76f86784-f297-4d54-930b-173753dc2262,2019-11-28 03:18:50+00:00,2019-11-28 03:18:50+00:00,1,['cart'],545310189,1,1,1,168.7,0.0,0,1,0,True,False,False,0,168.7,0.0,0,0,0,0,0.0,High Priority
0eeae02f-fa74-4dbc-9144-56124a6f919c,2019-11-28 03:29:25+00:00,2019-11-28 03:29:25+00:00,1,['cart'],561455634,1,1,1,246.24,0.0,0,1,0,True,False,False,0,246.24,0.0,0,0,0,0,0.0,High Priority
fc884f79-101b-460f-83d8-6ea34de340af,2019-11-28 03:33:06+00:00,2019-11-28 03:33:06+00:00,1,['cart'],560439669,1,1,1,566.04,0.0,0,1,0,True,False,False,0,566.04,0.0,0,0,0,0,0.0,High Priority
a676902f-ef29-43cc-8e40-73d2a6b9d726,2019-11-28 03:40:18+00:00,2019-11-28 03:40:18+00:00,1,['cart'],514917219,1,1,1,172.44,0.0,0,1,0,True,False,False,0,172.44,0.0,0,0,0,0,0.0,High Priority
a0d154e4-ad78-47f7-9ee8-0abc4b33693e,2019-11-28 03:41:07+00:00,2019-11-28 03:41:07+00:00,1,['cart'],577975928,1,1,0,108.11,0.0,0,1,0,True,False,False,0,108.11,0.0,0,0,0,0,0.0,High Priority
32fea539-9e9e-4360-80c7-4c4867c063d2,2019-11-28 03:41:57+00:00,2019-11-28 03:41:57+00:00,1,['cart'],552079075,1,1,1,1002.55,0.0,0,1,0,True,False,False,0,1002.55,0.0,0,0,0,0,0.0,High Priority
e0a8882a-4ab8-43f3-9e2c-71b9504db4d5,2019-11-28 03:42:13+00:00,2019-11-28 03:42:13+00:00,1,['cart'],515677590,1,1,1,51.48,0.0,0,1,0,True,False,False,0,51.48,0.0,0,0,0,0,0.0,High Priority
c50ef27e-accd-434d-86a8-877ac280f191,2019-11-28 03:43:52+00:00,2019-11-28 03:43:52+00:00,1,['cart'],526891075,1,1,1,33.21,0.0,0,1,0,True,False,False,0,33.21,0.0,0,0,0,0,0.0,High Priority
70fc9119-b9d2-4cde-8b7e-167a4fc4a9ef,2019-11-28 03:47:47+00:00,2019-11-28 03:47:47+00:00,1,['cart'],546971752,1,1,1,742.36,0.0,0,1,0,True,False,False,0,742.36,0.0,0,0,0,0,0.0,High Priority
44489df3-a05f-470d-8455-cf93a14d9ac7,2019-11-28 03:49:29+00:00,2019-11-28 03:49:29+00:00,1,['cart'],519789902,1,1,1,135.43,0.0,0,1,0,True,False,False,0,135.43,0.0,0,0,0,0,0.0,High Priority
e1cc4c50-c69a-4ece-bd7f-cb63966d6b7c,2019-11-28 03:52:23+00:00,2019-11-28 03:52:23+00:00,1,['cart'],549347866,1,1,1,229.66,0.0,0,1,0,True,False,False,0,229.66,0.0,0,0,0,0,0.0,High Priority
e2a7d27b-6b26-4e2b-9850-d15fa59f7400,2019-11-28 03:54:08+00:00,2019-11-28 03:54:08+00:00,1,['cart'],521788321,1,1,1,46.85,0.0,0,1,0,True,False,False,0,46.85,0.0,0,0,0,0,0.0,High Priority
c4abad97-a181-4d7e-b407-24b0230c7fbf,2019-11-28 04:00:10+00:00,2019-11-28 04:00:10+00:00,1,['cart'],531569321,1,1,1,258.05,0.0,0,1,0,True,False,False,0,258.05,0.0,0,0,0,0,0.0,High Priority
b07b75d5-d457-44a7-af0a-a95dc62970a5,2019-11-28 04:00:41+00:00,2019-11-28 04:00:41+00:00,1,['cart'],564907730,1,1,1,196.22,0.0,0,1,0,True,False,False,0,196.22,0.0,0,0,0,0,0.0,High Priority
be924864-4d70-4873-8fc1-e77df84a6a80,2019-11-28 04:00:51+00:00,2019-11-28 04:00:51+00:00,1,['cart'],533675318,1,1,1,54.06,0.0,0,1,0,True,False,False,0,54.06,0.0,0,0,0,0,0.0,High Priority
e8642961-685b-4cd3-afa4-c57d4e39076b,2019-11-28 04:00:54+00:00,2019-11-28 04:02:04+00:00,2,"['cart', 'cart']",552642087,1,1,1,337.4,1.1666666666666667,0,2,0,True,False,False,0,337.4,0.0,0,0,0,0,0.0,High Priority
4f93b46f-8be9-48af-aae2-f82061d03ff2,2019-11-28 04:01:36+00:00,2019-11-28 04:01:36+00:00,1,['cart'],577854521,1,1,1,151.61,0.0,0,1,0,True,False,False,0,151.61,0.0,0,0,0,0,0.0,High Priority
89f1e6d8-7447-48dc-abe4-b74a68a3a673,2019-11-28 04:02:54+00:00,2019-11-28 04:05:34+00:00,2,"['cart', 'view']",512779283,2,2,2,322.78,2.6666666666666665,1,1,0,True,False,True,0,161.39,1.0,0,0,0,0,0.01,High Priority
6885f8e6-6a1c-48fa-81c5-126d160f92d0,2019-11-28 04:03:18+00:00,2019-11-28 04:03:18+00:00,1,['cart'],549134844,1,1,0,308.63,0.0,0,1,0,True,False,False,0,308.63,0.0,0,0,0,0,0.0,High Priority
67a968cc-8b5f-491b-ba56-b646c7fece3a,2019-11-28 04:04:28+00:00,2019-11-28 04:04:28+00:00,1,['cart'],523720214,1,1,1,63.06,0.0,0,1,0,True,False,False,0,63.06,0.0,0,0,0,0,0.0,High Priority
c41d7e86-862c-4daa-97de-c30217237413,2019-11-28 04:05:46+00:00,2019-11-28 04:05:46+00:00,1,['cart'],515554108,1,1,1,290.49,0.0,0,1,0,True,False,False,0,290.49,0.0,0,0,0,0,0.0,High Priority
165128ed-8db7-4545-a8b6-b8f5effd273b,2019-11-28 04:12:35+00:00,2019-11-28 04:12:35+00:00,1,['cart'],512590177,1,1,1,161.63,0.0,0,1,0,True,False,False,0,161.63,0.0,0,0,0,0,0.0,High Priority
b94f68ed-e802-4a36-9a10-b2d5a4763d10,2019-11-28 04:16:27+00:00,2019-11-28 04:16:27+00:00,1,['cart'],568035742,1,1,0,48.88,0.0,0,1,0,True,False,False,0,48.88,0.0,0,1,1,1,0.0,High Priority
71a0e473-e992-4249-8414-b8d26495e8aa,2019-11-28 04:18:59+00:00,2019-11-28 04:18:59+00:00,1,['cart'],577668811,1,1,1,196.97,0.0,0,1,0,True,False,False,0,196.97,0.0,0,0,0,0,0.0,High Priority
e504b420-1887-42a0-9c96-23760f5f9810,2019-11-28 04:27:30+00:00,2019-11-28 04:27:30+00:00,1,['cart'],512431428,1,1,1,168.65,0.0,0,1,0,True,False,False,0,168.65,0.0,0,0,0,0,0.0,High Priority
6395c09c-23ff-f2f0-81c3-4258be3c14d1,2019-11-28 04:31:27+00:00,2019-11-28 04:31:27+00:00,1,['cart'],543137851,1,1,1,928.07,0.0,0,1,0,True,False,False,0,928.07,0.0,0,0,0,0,0.0,High Priority
99f3bb45-f915-4d12-8396-b3137f02f705,2019-11-28 04:31:39+00:00,2019-11-28 04:31:39+00:00,1,['cart'],555937840,1,1,1,2562.49,0.0,0,1,0,True,False,False,0,2562.49,0.0,0,0,0,0,0.0,High Priority
fc6f7c55-72be-4d40-9c43-54d0a9a29e4f,2019-11-28 04:33:04+00:00,2019-11-28 04:33:04+00:00,1,['cart'],524311822,1,1,1,244.46,0.0,0,1,0,True,False,False,0,244.46,0.0,0,0,0,0,0.0,High Priority
a0f7029f-0d97-4633-bf27-bc44755b23a3,2019-11-28 04:34:30+00:00,2019-11-28 04:34:30+00:00,1,['cart'],547684954,1,1,1,186.06,0.0,0,1,0,True,False,False,0,186.06,0.0,0,0,0,0,0.0,High Priority
fa861af7-05be-4156-b289-055e7697f8fb,2019-11-28 04:38:14+00:00,2019-11-28 04:38:14+00:00,1,['cart'],514675744,1,1,1,911.19,0.0,0,1,0,True,False,False,0,911.19,0.0,0,0,0,0,0.0,High Priority
e1bbeedd-ea88-4a8b-9ceb-8335de83082a,2019-11-28 04:38:28+00:00,2019-11-28 04:38:28+00:00,1,['cart'],516628397,1,1,1,257.38,0.0,0,1,0,True,False,False,0,257.38,0.0,0,0,0,0,0.0,High Priority
31586b8c-0271-4519-9c76-09befbfa916a,2019-11-28 04:41:17+00:00,2019-11-28 04:41:17+00:00,1,['cart'],577630252,1,1,1,258.02,0.0,0,1,0,True,False,False,0,258.02,0.0,0,0,0,0,0.0,High Priority
8fb2f9f6-abc5-4672-a0e0-a24ee03f6dc2,2019-11-28 04:43:37+00:00,2019-11-28 04:43:37+00:00,1,['cart'],514269122,1,1,1,15.42,0.0,0,1,0,True,False,False,0,15.42,0.0,0,0,0,0,0.0,High Priority
287170ed-146e-4006-965f-3cbfde54b260,2019-11-28 04:43:45+00:00,2019-11-28 04:43:45+00:00,1,['cart'],577994344,1,1,1,434.3,0.0,0,1,0,True,False,False,0,434.3,0.0,0,0,0,0,0.0,High Priority
d0d7ef09-f783-4364-9d1c-ce619fda6a30,2019-11-28 04:46:04+00:00,2019-11-28 04:46:04+00:00,1,['cart'],518522890,1,1,1,35.9,0.0,0,1,0,True,False,False,0,35.9,0.0,0,0,0,0,0.0,High Priority
589990ce-d0be-4241-a5bb-178078c43eff,2019-11-28 04:49:17+00:00,2019-11-28 04:49:17+00:00,1,['cart'],560318658,1,1,1,15.42,0.0,0,1,0,True,False,False,0,15.42,0.0,0,0,0,0,0.0,High Priority
ca154edc-ceca-41c8-a162-91b44ec18a31,2019-11-28 04:49:32+00:00,2019-11-28 04:58:47+00:00,2,"['cart', 'view']",572038477,2,1,1,484.74,9.25,1,1,0,True,False,True,0,242.37,1.0,0,0,0,0,0.0,High Priority
7d72fc29-5eba-4659-9040-989d0dc64baf,2019-11-28 04:49:38+00:00,2019-11-28 04:49:38+00:00,1,['cart'],514596274,1,1,1,69.47,0.0,0,1,0,True,False,False,0,69.47,0.0,0,0,0,0,0.0,High Priority
b6fc704a-532e-48f5-9ce6-1750789420ac,2019-11-28 04:52:10+00:00,2019-11-28 04:52:10+00:00,1,['cart'],514269122,1,1,0,57.38,0.0,0,1,0,True,False,False,0,57.38,0.0,0,1,1,1,0.0,High Priority
003b79b6-2738-47c9-9621-313392986a31,2019-11-28 04:53:03+00:00,2019-11-28 04:53:04+00:00,2,"['cart', 'cart']",577996437,1,1,1,671.32,0.0166666666666666,0,2,0,True,False,False,0,671.32,0.0,0,0,0,0,0.0,High Priority
46fd7fd2-75f2-4ba0-a0e3-54291b4b42dc,2019-11-28 04:53:37+00:00,2019-11-28 05:19:35+00:00,2,"['cart', 'view']",577997650,1,1,0,591.98,25.966666666666665,1,1,0,True,False,True,0,591.98,1.0,0,0,0,0,0.01,High Priority
269c74c1-f133-40f7-b15c-b92433ac439a,2019-11-28 04:53:49+00:00,2019-11-28 04:53:49+00:00,1,['cart'],563030081,1,1,1,771.94,0.0,0,1,0,True,False,False,0,771.94,0.0,0,0,0,0,0.0,High Priority
928724ae-b7f5-466e-8057-4d3b7568347c,2019-11-28 04:54:04+00:00,2019-11-28 04:54:04+00:00,1,['cart'],571617576,1,1,1,106.55,0.0,0,1,0,True,False,False,0,106.55,0.0,0,0,0,0,0.0,High Priority
a52d7b75-9830-4302-b3cb-08b7bece257a,2019-11-28 04:54:19+00:00,2019-11-28 04:54:19+00:00,1,['cart'],577990607,1,1,1,196.13,0.0,0,1,0,True,False,False,0,196.13,0.0,0,0,0,0,0.0,High Priority
4d615366-5c3f-49e1-bce8-702808b16d44,2019-11-28 04:56:16+00:00,2019-11-28 04:56:16+00:00,1,['cart'],515448101,1,1,1,104.25,0.0,0,1,0,True,False,False,0,104.25,0.0,0,0,0,0,0.0,High Priority
f46088e7-1e1d-4edb-ab94-23fbf8aa379c,2019-11-28 05:11:09+00:00,2019-11-28 05:11:09+00:00,1,['cart'],573625199,1,1,1,208.5,0.0,0,1,0,True,False,False,0,208.5,0.0,0,0,0,0,0.0,High Priority
37faceb9-4d7b-4db9-8da6-dad80283aa31,2019-11-28 05:14:33+00:00,2019-11-28 05:16:11+00:00,3,"['cart', 'cart', 'view']",512607694,3,1,1,14.86,1.6333333333333333,1,2,0,True,False,True,0,4.953333333333333,0.5,0,1,1,1,0.0,High Priority
298b43a6-92ba-445f-b5f4-6ed13128e791,2019-11-28 05:19:04+00:00,2019-11-28 05:19:04+00:00,1,['cart'],513130914,1,1,1,120.39,0.0,0,1,0,True,False,False,0,120.39,0.0,0,0,0,0,0.0,High Priority
b8470c7a-8bdc-42f9-94c1-65817f9b2329,2019-11-28 05:21:40+00:00,2019-11-28 05:21:40+00:00,1,['cart'],575575451,1,1,1,40.93,0.0,0,1,0,True,False,False,0,40.93,0.0,0,0,0,0,0.0,High Priority
d1e3e6d9-e714-4513-9fb8-c1d4390c6ea8,2019-11-28 05:35:50+00:00,2019-11-28 05:35:50+00:00,1,['cart'],574252612,1,1,0,36.17,0.0,0,1,0,True,False,False,0,36.17,0.0,0,0,0,0,0.0,High Priority
ddd247c6-efd2-462b-984a-a4da56a1e5d6,2019-11-28 05:38:08+00:00,2019-11-28 05:38:08+00:00,1,['cart'],527909608,1,1,1,32.18,0.0,0,1,0,True,False,False,0,32.18,0.0,0,0,0,0,0.0,High Priority
99f75e8f-6acf-4c50-8238-ccf706f4cb50,2019-11-28 05:39:33+00:00,2019-11-28 05:39:33+00:00,1,['cart'],514418884,1,1,1,71.56,0.0,0,1,0,True,False,False,0,71.56,0.0,0,0,0,0,0.0,High Priority
8e8c9c8c-7d6c-4968-bccd-f5644d3289fb,2019-11-28 05:40:21+00:00,2019-11-28 05:40:21+00:00,1,['cart'],542792507,1,1,0,216.22,0.0,0,1,0,True,False,False,0,216.22,0.0,0,0,0,0,0.0,High Priority
dc7c4770-e11e-4c4a-94c5-0b9123d80659,2019-11-28 05:43:01+00:00,2019-11-28 05:43:01+00:00,1,['cart'],512459535,1,1,1,32.18,0.0,0,1,0,True,False,False,0,32.18,0.0,0,0,0,0,0.0,High Priority
15c05244-3917-47a8-abfe-32df62448a08,2019-11-28 05:44:16+00:00,2019-11-28 05:44:16+00:00,1,['cart'],571656559,1,1,1,216.74,0.0,0,1,0,True,False,False,0,216.74,0.0,0,0,0,0,0.0,High Priority
8334ddea-7db5-476f-b3ec-853aa40c39ab,2019-11-28 05:45:36+00:00,2019-11-28 05:45:36+00:00,1,['cart'],522159202,1,1,1,283.4,0.0,0,1,0,True,False,False,0,283.4,0.0,0,0,0,0,0.0,High Priority
9320a8d1-8183-4c07-8ac2-50ebb7499b95,2019-11-28 05:48:56+00:00,2019-11-28 05:48:56+00:00,1,['cart'],560412381,1,1,1,652.41,0.0,0,1,0,True,False,False,0,652.41,0.0,0,0,0,0,0.0,High Priority
fae7c8b6-7d9b-42f4-8bed-bc49fcfca79e,2019-11-28 05:51:21+00:00,2019-11-28 05:51:21+00:00,1,['cart'],566394951,1,1,1,180.67,0.0,0,1,0,True,False,False,0,180.67,0.0,0,0,0,0,0.0,High Priority
dd63d885-7dac-4f06-b5a3-5dd138dc6dc5,2019-11-28 05:52:54+00:00,2019-11-28 05:52:54+00:00,1,['cart'],574603429,1,1,1,643.23,0.0,0,1,0,True,False,False,0,643.23,0.0,0,0,0,0,0.0,High Priority
d8190d01-c473-4edd-81bc-7c9a0c53acdb,2019-11-28 05:54:46+00:00,2019-11-28 05:54:48+00:00,2,"['cart', 'view']",577499612,1,1,1,124.02,0.0333333333333333,1,1,0,True,False,True,0,124.02,1.0,0,0,0,0,0.0,High Priority
d2e34f63-4115-45d6-b083-91cc8d53b651,2019-11-28 05:58:33+00:00,2019-11-28 05:58:33+00:00,1,['cart'],565926123,1,1,1,405.89,0.0,0,1,0,True,False,False,0,405.89,0.0,0,0,0,0,0.0,High Priority
b05d4cb3-e081-496c-815d-ff48cee4476e,2019-11-28 05:58:48+00:00,2019-11-28 05:58:48+00:00,1,['cart'],512860229,1,1,1,8.98,0.0,0,1,0,True,False,False,0,8.98,0.0,0,0,0,0,0.0,High Priority
317ace07-4a49-4184-b8a7-98cc03bcc43c,2019-11-28 06:03:53+00:00,2019-11-28 06:03:53+00:00,1,['cart'],525603220,1,1,1,1312.26,0.0,0,1,0,True,False,False,0,1312.26,0.0,0,0,0,0,0.0,High Priority
91e9e67c-0887-4429-8b89-0604caedf5d0,2019-11-28 06:05:04+00:00,2019-11-28 06:05:04+00:00,1,['cart'],569573198,1,1,1,32.18,0.0,0,1,0,True,False,False,0,32.18,0.0,0,0,0,0,0.0,High Priority
899fe73d-9bee-4ac2-bb29-1420e7b714f9,2019-11-28 06:05:41+00:00,2019-11-28 06:05:41+00:00,1,['cart'],525650170,1,1,1,18.25,0.0,0,1,0,True,False,False,0,18.25,0.0,0,0,0,0,0.0,High Priority
a02dfe68-4961-4d5e-bcd7-0bab64ef726e,2019-11-28 06:07:49+00:00,2019-11-28 06:07:49+00:00,1,['cart'],565251454,1,1,1,69.24,0.0,0,1,0,True,False,False,0,69.24,0.0,0,0,0,0,0.0,High Priority
425ceffd-6690-4c24-89d0-f1abf8ad10a0,2019-11-28 06:10:07+00:00,2019-11-28 06:10:07+00:00,1,['cart'],520687714,1,1,1,253.26,0.0,0,1,0,True,False,False,0,253.26,0.0,0,0,0,0,0.0,High Priority
cfe255cf-2ff1-4eec-887d-43284258f3bf,2019-11-28 06:10:44+00:00,2019-11-28 06:10:44+00:00,1,['cart'],548792340,1,1,1,118.92,0.0,0,1,0,True,False,False,0,118.92,0.0,0,0,0,0,0.0,High Priority
e946a971-41d7-4e54-931d-432b08fc3664,2019-11-28 06:11:52+00:00,2019-11-28 06:11:52+00:00,1,['cart'],525383365,1,1,1,173.21,0.0,0,1,0,True,False,False,0,173.21,0.0,0,0,0,0,0.0,High Priority
260210d5-a359-4926-804c-1c5fa6b5cb22,2019-11-28 06:12:29+00:00,2019-11-28 06:12:29+00:00,1,['cart'],513043533,1,1,0,18.97,0.0,0,1,0,True,False,False,0,18.97,0.0,0,0,0,0,0.0,High Priority
aa82928f-6aa6-4953-bbaf-c9fd66bc08ba,2019-11-28 06:15:53+00:00,2019-11-28 06:15:53+00:00,1,['cart'],512580461,1,1,1,279.48,0.0,0,1,0,True,False,False,0,279.48,0.0,0,0,0,0,0.0,High Priority
29ffdca3-1125-493c-8dde-d3228798f37d,2019-11-28 06:17:39+00:00,2019-11-28 06:17:39+00:00,1,['cart'],578028873,1,1,1,246.24,0.0,0,1,0,True,False,False,0,246.24,0.0,0,0,0,0,0.0,High Priority
1cc6ce03-eae4-41d2-99a9-349e97959456,2019-11-28 06:18:29+00:00,2019-11-28 06:18:29+00:00,1,['cart'],578027663,1,1,1,196.97,0.0,0,1,0,True,False,False,0,196.97,0.0,0,0,0,0,0.0,High Priority
6b2a3b6f-d8bf-4992-b0bb-d0874f6a5ebb,2019-11-28 06:18:42+00:00,2019-11-28 06:18:42+00:00,1,['cart'],557983492,1,1,1,937.81,0.0,0,1,0,True,False,False,0,937.81,0.0,0,0,0,0,0.0,High Priority
cd961ef2-a27c-463e-bb53-d8ba09b6b418,2019-11-28 06:18:45+00:00,2019-11-28 06:32:14+00:00,2,"['cart', 'view']",578014421,2,2,1,490.62,13.483333333333333,1,1,0,True,False,True,0,245.31,1.0,0,0,0,0,0.0,High Priority
d323ba37-3972-4a26-9c44-7a78f459bc4c,2019-11-28 06:19:18+00:00,2019-11-28 06:19:18+00:00,1,['cart'],516598633,1,1,1,38.59,0.0,0,1,0,True,False,False,0,38.59,0.0,0,0,0,0,0.0,High Priority
94ac0fa3-a969-4f1e-8908-ddd2e581133d,2019-11-28 06:24:42+00:00,2019-11-28 06:24:42+00:00,1,['cart'],570335380,1,1,1,124.7,0.0,0,1,0,True,False,False,0,124.7,0.0,0,0,0,0,0.0,High Priority
593fc1fd-ff0d-44eb-9316-a9c2b926ffb3,2019-11-28 06:25:24+00:00,2019-11-28 06:25:24+00:00,1,['cart'],517357446,1,1,1,916.37,0.0,0,1,0,True,False,False,0,916.37,0.0,0,0,0,0,0.0,High Priority
4445f3c1-6cba-43ea-94a6-704fd27dcf4a,2019-11-28 06:27:56+00:00,2019-11-28 06:27:56+00:00,1,['cart'],575877819,1,1,1,161.63,0.0,0,1,0,True,False,False,0,161.63,0.0,0,0,0,0,0.0,High Priority
ea29369d-07a6-4e78-8edd-08cdda6d0ce9,2019-11-28 06:28:10+00:00,2019-11-28 06:28:10+00:00,1,['cart'],548052882,1,1,0,22.15,0.0,0,1,0,True,False,False,0,22.15,0.0,0,0,0,0,0.0,High Priority
ce378654-3f05-42ca-8d9c-f8292718b017,2019-11-28 06:29:17+00:00,2019-11-28 06:29:17+00:00,1,['cart'],544629190,1,1,1,40.54,0.0,0,1,0,True,False,False,0,40.54,0.0,0,0,0,0,0.0,High Priority
66f60a5a-290b-4cf8-ae99-5ce4be8557da,2019-11-28 06:30:48+00:00,2019-11-28 06:30:48+00:00,1,['cart'],543670323,1,1,1,331.98,0.0,0,1,0,True,False,False,0,331.98,0.0,0,0,0,0,0.0,High Priority
0084857b-6a15-43dd-8945-1774e43582a3,2019-11-28 06:33:18+00:00,2019-11-28 06:33:18+00:00,1,['cart'],557716812,1,1,1,35.52,0.0,0,1,0,True,False,False,0,35.52,0.0,0,0,0,0,0.0,High Priority
02b60b57-476a-46c8-972f-d56bb1203de0,2019-11-28 06:33:51+00:00,2019-11-28 06:33:51+00:00,1,['cart'],578034591,1,1,1,50.97,0.0,0,1,0,True,False,False,0,50.97,0.0,0,0,0,0,0.0,High Priority
983110fd-764c-43ad-90d0-e7902d519974,2019-11-28 06:35:14+00:00,2019-11-28 06:35:14+00:00,1,['cart'],569959410,1,1,1,959.3,0.0,0,1,0,True,False,False,0,959.3,0.0,0,2,2,2,0.0,High Priority
00e2e19b-9a6b-498a-96c2-f729d9267cf2,2019-11-28 06:35:52+00:00,2019-11-28 06:35:52+00:00,1,['cart'],572499899,1,1,1,392.16,0.0,0,1,0,True,False,False,0,392.16,0.0,0,0,0,0,0.0,High Priority
012795d8-ba60-49e8-944c-ae9bc611e6ca,2019-11-28 06:43:46+00:00,2019-11-28 06:43:46+00:00,1,['cart'],517181887,1,1,1,1002.55,0.0,0,1,0,True,False,False,0,1002.55,0.0,0,0,0,0,0.0,High Priority
1545c689-3dae-4266-bba1-9a2e9315d7a8,2019-11-28 06:43:56+00:00,2019-11-28 06:43:56+00:00,1,['cart'],538216517,1,1,1,124.7,0.0,0,1,0,True,False,False,0,124.7,0.0,0,1,1,1,0.0,High Priority
c3b4fbb6-f3d3-49c4-8e3a-1b986aeea9c2,2019-11-28 06:44:16+00:00,2019-11-28 06:44:16+00:00,1,['cart'],562286421,1,1,1,142.08,0.0,0,1,0,True,False,False,0,142.08,0.0,0,1,1,1,0.0,High Priority
847504e4-bbfe-414c-bdf4-3c7ed31bdc80,2019-11-28 06:49:56+00:00,2019-11-28 06:49:56+00:00,1,['cart'],525041012,1,1,1,398.95,0.0,0,1,0,True,False,False,0,398.95,0.0,0,0,0,0,0.0,High Priority
9bde4333-c900-484e-8862-23b31f18714c,2019-11-28 06:51:34+00:00,2019-11-28 06:51:34+00:00,1,['cart'],533025781,1,1,1,591.75,0.0,0,1,0,True,False,False,0,591.75,0.0,0,0,0,0,0.0,High Priority
b9f51da8-f292-40c8-b3bc-cdf8e6344a04,2019-11-28 06:54:00+00:00,2019-11-28 06:54:00+00:00,1,['cart'],577948817,1,1,1,66.93,0.0,0,1,0,True,False,False,0,66.93,0.0,0,0,0,0,0.0,High Priority
5abc34a3-f86f-402c-a4be-40ce4cd92529,2019-11-28 06:55:48+00:00,2019-11-28 06:55:48+00:00,1,['cart'],576331030,1,1,1,839.65,0.0,0,1,0,True,False,False,0,839.65,0.0,0,0,0,0,0.0,High Priority
f373216c-9f31-49aa-b040-3ea3f45833bc,2019-11-28 06:57:46+00:00,2019-11-28 06:57:46+00:00,1,['cart'],535917215,1,1,1,19.79,0.0,0,1,0,True,False,False,0,19.79,0.0,0,0,0,0,0.0,High Priority
a786877f-ec48-4058-a1d4-a68554961998,2019-11-28 06:59:21+00:00,2019-11-28 06:59:21+00:00,1,['cart'],548437090,1,1,1,140.98,0.0,0,1,0,True,False,False,0,140.98,0.0,0,0,0,0,0.0,High Priority
d2489854-1d45-44e3-80b3-f71d6f71f918,2019-11-28 07:03:57+00:00,2019-11-28 07:03:57+00:00,1,['cart'],572436533,1,1,1,124.7,0.0,0,1,0,True,False,False,0,124.7,0.0,0,0,0,0,0.0,High Priority
89fe250f-e188-4d9c-bf99-978efa358ecd,2019-11-28 07:04:12+00:00,2019-11-28 07:04:12+00:00,1,['cart'],557511937,1,1,1,45.05,0.0,0,1,0,True,False,False,0,45.05,0.0,0,0,0,0,0.0,High Priority
254347d9-c2ed-4da2-b202-5417f0b972d7,2019-11-28 07:04:54+00:00,2019-11-28 07:04:54+00:00,1,['cart'],531955570,1,1,1,795.1,0.0,0,1,0,True,False,False,0,795.1,0.0,0,0,0,0,0.0,High Priority
dded17e2-d1a8-442f-a63e-4bec6183406f,2019-11-28 07:06:02+00:00,2019-11-28 07:06:02+00:00,1,['cart'],574100504,1,1,1,1930.29,0.0,0,1,0,True,False,False,0,1930.29,0.0,0,0,0,0,0.0,High Priority
ae9ab701-810c-4ab5-88bf-778c1997c189,2019-11-28 07:09:49+00:00,2019-11-28 07:09:49+00:00,1,['cart'],571814579,1,1,1,514.54,0.0,0,1,0,True,False,False,0,514.54,0.0,0,0,0,0,0.0,High Priority
46009aa2-fba0-46bf-8816-9837fca6a031,2019-11-28 07:11:54+00:00,2019-11-28 07:11:54+00:00,1,['cart'],577481226,1,1,1,125.73,0.0,0,1,0,True,False,False,0,125.73,0.0,0,0,0,0,0.0,High Priority
a055397e-0481-49ff-ac9e-18dc98f6083c,2019-11-28 07:12:48+00:00,2019-11-28 07:12:48+00:00,1,['cart'],548805444,1,1,0,36.53,0.0,0,1,0,True,False,False,0,36.53,0.0,0,0,0,0,0.0,High Priority
4442e3ab-c34d-46b6-905a-674f802ec4be,2019-11-28 07:14:35+00:00,2019-11-28 07:14:35+00:00,1,['cart'],578051855,1,1,1,88.29,0.0,0,1,0,True,False,False,0,88.29,0.0,0,0,0,0,0.0,High Priority
b14680c2-2f3b-4426-8a94-035f98f2bca4,2019-11-28 07:15:55+00:00,2019-11-28 07:15:55+00:00,1,['cart'],577832649,1,1,1,168.65,0.0,0,1,0,True,False,False,0,168.65,0.0,0,0,0,0,0.0,High Priority
841d524f-0358-4ed2-881f-0443efeb225e,2019-11-28 07:16:32+00:00,2019-11-28 07:16:32+00:00,1,['cart'],521165870,1,1,1,47.62,0.0,0,1,0,True,False,False,0,47.62,0.0,0,0,0,0,0.0,High Priority
b9542484-4cb9-48a3-800c-13ccccbd395b,2019-11-28 07:16:48+00:00,2019-11-28 07:16:48+00:00,1,['cart'],552664371,1,1,1,124.66,0.0,0,1,0,True,False,False,0,124.66,0.0,0,0,0,0,0.0,High Priority
f8f4d0b7-f176-4778-9b2e-a167007343cd,2019-11-28 07:19:33+00:00,2019-11-28 07:19:33+00:00,1,['cart'],520169888,1,1,0,26.26,0.0,0,1,0,True,False,False,0,26.26,0.0,0,0,0,0,0.0,High Priority
4690d1cd-4281-44ba-a506-33c4b2d61617,2019-11-28 07:19:47+00:00,2019-11-28 07:19:47+00:00,1,['cart'],578054472,1,1,1,161.63,0.0,0,1,0,True,False,False,0,161.63,0.0,0,0,0,0,0.0,High Priority
9d1780fb-63a8-4322-bcc4-5476ebb145f3,2019-11-28 07:19:53+00:00,2019-11-28 07:19:53+00:00,1,['cart'],567837646,1,1,1,246.24,0.0,0,1,0,True,False,False,0,246.24,0.0,0,0,0,0,0.0,High Priority
ed20bdc7-1f24-4185-9a7e-bf945968546f,2019-11-28 07:20:06+00:00,2019-11-28 07:20:06+00:00,1,['cart'],576069028,1,1,1,20.57,0.0,0,1,0,True,False,False,0,20.57,0.0,0,0,0,0,0.0,High Priority
84bcc15f-472c-442c-b618-f4c93b7eb82a,2019-11-28 07:20:27+00:00,2019-11-28 07:20:27+00:00,1,['cart'],578053159,1,1,1,315.56,0.0,0,1,0,True,False,False,0,315.56,0.0,0,0,0,0,0.0,High Priority
28d9ccb4-32a8-4106-b4b3-346dfa359623,2019-11-28 07:20:53+00:00,2019-11-28 07:20:53+00:00,1,['cart'],517592160,1,1,1,102.71,0.0,0,1,0,True,False,False,0,102.71,0.0,0,0,0,0,0.0,High Priority
450b6d6a-7fd3-4f0b-b3c6-afa1aa831fbf,2019-11-28 07:27:55+00:00,2019-11-28 07:27:55+00:00,1,['cart'],537781480,1,1,1,99.87,0.0,0,1,0,True,False,False,0,99.87,0.0,0,0,0,0,0.0,High Priority
cce37a16-fea9-4d51-9c27-02a6daf65ea0,2019-11-28 07:30:45+00:00,2019-11-28 07:30:45+00:00,1,['cart'],521118672,1,1,1,131.28,0.0,0,1,0,True,False,False,0,131.28,0.0,0,0,0,0,0.0,High Priority
38b0ff58-b710-4ecb-894a-1d334912b2b7,2019-11-28 07:33:09+00:00,2019-11-28 07:33:09+00:00,1,['cart'],560682525,1,1,1,36.04,0.0,0,1,0,True,False,False,0,36.04,0.0,0,0,0,0,0.0,High Priority
ad7da5ff-7ff2-4db5-927c-11f194b413b7,2019-11-28 07:33:32+00:00,2019-11-28 07:33:32+00:00,1,['cart'],513054063,1,1,1,307.19,0.0,0,1,0,True,False,False,0,307.19,0.0,0,0,0,0,0.0,High Priority
9cf049d1-071d-48b8-9c03-276839d554db,2019-11-28 07:35:33+00:00,2019-11-28 07:35:33+00:00,1,['cart'],578059391,1,1,0,89.84,0.0,0,1,0,True,False,False,0,89.84,0.0,0,0,0,0,0.0,High Priority
feb7b784-ccaf-4e81-b56b-b75c27993f0d,2019-11-28 07:37:03+00:00,2019-11-28 07:37:03+00:00,1,['cart'],560619483,1,1,1,124.7,0.0,0,1,0,True,False,False,0,124.7,0.0,0,0,0,0,0.0,High Priority
04b7f0cf-7619-41ce-8091-633157663868,2019-11-28 07:38:28+00:00,2019-11-28 07:38:28+00:00,1,['cart'],556512992,1,1,1,916.37,0.0,0,1,0,True,False,False,0,916.37,0.0,0,0,0,0,0.0,High Priority
cd844e5a-7429-47df-b14e-d5fa23a41b63,2019-11-28 07:41:47+00:00,2019-11-28 07:41:47+00:00,1,['cart'],578052194,1,1,1,72.05,0.0,0,1,0,True,False,False,0,72.05,0.0,0,0,0,0,0.0,High Priority
5da830e9-9e2e-40af-9f35-562660919755,2019-11-28 07:43:30+00:00,2019-11-28 07:43:30+00:00,1,['cart'],539374695,1,1,1,694.97,0.0,0,1,0,True,False,False,0,694.97,0.0,0,0,0,0,0.0,High Priority
f9c0cfbb-dd98-448f-b35c-63946c56e781,2019-11-28 07:43:46+00:00,2019-11-28 07:43:46+00:00,1,['cart'],560469712,1,1,1,124.7,0.0,0,1,0,True,False,False,0,124.7,0.0,0,0,0,0,0.0,High Priority
9dca2dc4-0ddc-420f-835b-e9078612561f,2019-11-28 07:44:39+00:00,2019-11-28 07:44:39+00:00,1,['cart'],526007380,1,1,1,232.73,0.0,0,1,0,True,False,False,0,232.73,0.0,0,0,0,0,0.0,High Priority
dfe2a5f3-d229-4d4e-a27e-3d8c17ae537d,2019-11-28 07:44:43+00:00,2019-11-28 07:54:19+00:00,3,"['cart', 'view', 'view']",542357711,2,1,1,144.14999999999998,9.6,2,1,0,True,False,True,0,72.07499999999999,2.0,0,0,0,0,0.0,High Priority
1e569ccd-3207-4dc7-8504-7f9844504a7c,2019-11-28 07:45:04+00:00,2019-11-28 07:45:04+00:00,1,['cart'],577982933,1,1,1,30.64,0.0,0,1,0,True,False,False,0,30.64,0.0,0,0,0,0,0.0,High Priority
d9d71b6e-2142-400e-be5f-9bb91c2ba9c3,2019-11-28 07:45:55+00:00,2019-11-28 07:45:55+00:00,1,['cart'],572190965,1,1,1,492.35,0.0,0,1,0,True,False,False,0,492.35,0.0,0,0,0,0,0.0,High Priority
e935c257-d113-45d3-8e52-febf2d95231a,2019-11-28 07:46:32+00:00,2019-11-28 07:46:32+00:00,1,['cart'],552285927,1,1,1,34.24,0.0,0,1,0,True,False,False,0,34.24,0.0,0,0,0,0,0.0,High Priority
f46b388f-2979-4bf3-a3e6-b1899b62c4f7,2019-11-28 07:48:06+00:00,2019-11-28 07:48:06+00:00,1,['cart'],512609186,1,1,1,43.5,0.0,0,1,0,True,False,False,0,43.5,0.0,0,0,0,0,0.0,High Priority
1053297f-560c-45f5-9a3d-df6cc54cf06f,2019-11-28 07:51:30+00:00,2019-11-28 07:51:30+00:00,1,['cart'],518535341,1,1,1,35.78,0.0,0,1,0,True,False,False,0,35.78,0.0,0,0,0,0,0.0,High Priority
1cd3ab1e-f7cf-401b-b055-815f813bded0,2019-11-28 07:51:46+00:00,2019-11-28 07:51:46+00:00,1,['cart'],514292591,1,1,1,124.7,0.0,0,1,0,True,False,False,0,124.7,0.0,0,0,0,0,0.0,High Priority
e16017ac-42c4-4139-8f53-5be80aa51046,2019-11-28 07:54:10+00:00,2019-11-28 07:54:10+00:00,1,['cart'],514820882,1,1,1,72.05,0.0,0,1,0,True,False,False,0,72.05,0.0,0,0,0,0,0.0,High Priority
52b70529-bc36-43b2-9fb5-78bb39dc1a1a,2019-11-28 07:54:41+00:00,2019-11-28 07:54:41+00:00,1,['cart'],543491262,1,1,1,466.63,0.0,0,1,0,True,False,False,0,466.63,0.0,0,0,0,0,0.0,High Priority
4a1992ca-6d4f-4a37-ab12-28c0ce1c3cf1,2019-11-28 07:59:01+00:00,2019-11-28 07:59:01+00:00,1,['cart'],568776395,1,1,1,331.98,0.0,0,1,0,True,False,False,0,331.98,0.0,0,0,0,0,0.0,High Priority
e80707fb-9ddb-4daa-8bc0-ca17354cb845,2019-11-28 08:02:59+00:00,2019-11-28 08:02:59+00:00,1,['cart'],512802143,1,1,0,31.92,0.0,0,1,0,True,False,False,0,31.92,0.0,0,0,0,0,0.0,High Priority
0637c543-2e64-4490-9d5f-623f6eea9257,2019-11-28 08:06:21+00:00,2019-11-28 08:06:34+00:00,2,"['cart', 'cart']",513804968,1,1,1,665.86,0.2166666666666666,0,2,0,True,False,False,0,665.86,0.0,0,0,0,0,0.01,High Priority
bd783797-eb8b-43c0-b46e-990d336149e0,2019-11-28 08:09:11+00:00,2019-11-28 08:09:11+00:00,1,['cart'],571806698,1,1,1,1312.26,0.0,0,1,0,True,False,False,0,1312.26,0.0,0,0,0,0,0.0,High Priority
0e42ff05-ccce-4a67-910e-e8108289267e,2019-11-28 08:10:02+00:00,2019-11-28 08:51:49+00:00,2,"['cart', 'view']",512586376,2,2,2,209.27,41.78333333333333,1,1,0,True,False,True,0,104.635,1.0,0,0,0,0,0.0,High Priority
a8821b81-3aed-4e40-a71c-26b62db68b1d,2019-11-28 08:10:03+00:00,2019-11-28 08:10:03+00:00,1,['cart'],561758747,1,1,1,124.7,0.0,0,1,0,True,False,False,0,124.7,0.0,0,1,1,1,0.0,High Priority
d8cd67b7-d90d-46cf-82f2-433e735f6b6b,2019-11-28 08:10:12+00:00,2019-11-28 08:10:12+00:00,1,['cart'],543674702,1,1,1,1150.58,0.0,0,1,0,True,False,False,0,1150.58,0.0,0,0,0,0,0.0,High Priority
c1a3d0f0-63b1-4fe5-9bd1-49f46bbbf128,2019-11-28 08:10:35+00:00,2019-11-28 08:10:35+00:00,1,['cart'],544575109,1,1,1,124.7,0.0,0,1,0,True,False,False,0,124.7,0.0,0,0,0,0,0.0,High Priority
9e3b54c9-bd4c-4e96-929a-02d0aed1f7a1,2019-11-28 08:12:03+00:00,2019-11-28 08:12:03+00:00,1,['cart'],519068851,1,1,1,331.26,0.0,0,1,0,True,False,False,0,331.26,0.0,0,0,0,0,0.0,High Priority
64781a74-d3d1-4b5b-b4c6-a42cecd19fef,2019-11-28 08:12:53+00:00,2019-11-28 08:12:53+00:00,1,['cart'],575080833,1,1,1,38.33,0.0,0,1,0,True,False,False,0,38.33,0.0,0,0,0,0,0.0,High Priority
1ea5d95b-c794-4664-8952-4b58300cc497,2019-11-28 08:15:11+00:00,2019-11-28 08:15:11+00:00,1,['cart'],531739757,1,1,0,261.83,0.0,0,1,0,True,False,False,0,261.83,0.0,0,0,0,0,0.0,High Priority
df6a0b50-e273-4102-badc-ce034f83036a,2019-11-28 08:18:13+00:00,2019-11-28 08:18:13+00:00,1,['cart'],576046924,1,1,1,25.75,0.0,0,1,0,True,False,False,0,25.75,0.0,0,0,0,0,0.0,High Priority
202c365c-e762-426d-81aa-d702162a3662,2019-11-28 08:19:04+00:00,2019-11-28 08:19:04+00:00,1,['cart'],522747306,1,1,1,405.89,0.0,0,1,0,True,False,False,0,405.89,0.0,0,0,0,0,0.0,High Priority
3cdb5b41-75d2-4cc7-911e-fde85ae367d4,2019-11-28 08:20:22+00:00,2019-11-28 08:20:22+00:00,1,['cart'],570560713,1,1,1,170.98,0.0,0,1,0,True,False,False,0,170.98,0.0,0,0,0,0,0.0,High Priority
bb4ad501-4b5f-49b9-b411-4e6894b2de89,2019-11-28 08:21:03+00:00,2019-11-28 08:21:03+00:00,1,['cart'],533363141,1,1,1,5.79,0.0,0,1,0,True,False,False,0,5.79,0.0,0,0,0,0,0.0,High Priority
d633e4eb-797e-4228-a4fd-1beaea0f3f3c,2019-11-28 08:21:45+00:00,2019-11-28 08:21:45+00:00,1,['cart'],567926045,1,1,1,151.87,0.0,0,1,0,True,False,False,0,151.87,0.0,0,0,0,0,0.0,High Priority
3e7d63be-b89b-4ce4-9f6f-ed097393e825,2019-11-28 08:24:01+00:00,2019-11-28 08:24:01+00:00,1,['cart'],553029205,1,1,1,112.46,0.0,0,1,0,True,False,False,0,112.46,0.0,0,0,0,0,0.0,High Priority
711b040c-81a5-48a3-a346-349e806c64f9,2019-11-28 08:24:36+00:00,2019-11-28 08:24:36+00:00,1,['cart'],550099849,1,1,1,226.0,0.0,0,1,0,True,False,False,0,226.0,0.0,0,0,0,0,0.0,High Priority
187a1031-9aa4-492a-91cf-7663a191a29a,2019-11-28 08:24:49+00:00,2019-11-28 08:24:49+00:00,1,['cart'],560316294,1,1,1,348.66,0.0,0,1,0,True,False,False,0,348.66,0.0,0,0,0,0,0.0,High Priority
eff3ea96-1af1-46bf-bd90-ebb0d9c70eb1,2019-11-28 08:25:02+00:00,2019-11-28 08:25:02+00:00,1,['cart'],570502134,1,1,1,111.71,0.0,0,1,0,True,False,False,0,111.71,0.0,0,0,0,0,0.0,High Priority
c2a596b3-d476-4dd7-bab6-a00ee92f1a25,2019-11-28 08:27:16+00:00,2019-11-28 08:27:16+00:00,1,['cart'],550435560,1,1,0,131.25,0.0,0,1,0,True,False,False,0,131.25,0.0,0,0,0,0,0.0,High Priority
13d0a40a-ef88-477c-acc6-7518283624e0,2019-11-28 08:27:34+00:00,2019-11-28 08:27:34+00:00,1,['cart'],512417251,1,1,1,35.78,0.0,0,1,0,True,False,False,0,35.78,0.0,0,0,0,0,0.0,High Priority
9a580890-9db4-4a02-bbca-af8967cc7985,2019-11-28 08:29:36+00:00,2019-11-28 08:29:36+00:00,1,['cart'],523197809,1,1,1,795.1,0.0,0,1,0,True,False,False,0,795.1,0.0,0,0,0,0,0.0,High Priority
0f357291-1850-4c3d-8c1f-b8fa89a3844a,2019-11-28 08:30:35+00:00,2019-11-28 08:30:35+00:00,1,['cart'],512791799,1,1,1,124.7,0.0,0,1,0,True,False,False,0,124.7,0.0,0,0,0,0,0.0,High Priority
b8c95884-9885-4d15-8343-798a67d0c605,2019-11-28 08:33:29+00:00,2019-11-28 08:33:29+00:00,1,['cart'],554335758,1,1,1,258.02,0.0,0,1,0,True,False,False,0,258.02,0.0,0,0,0,0,0.0,High Priority
13d8292b-6084-4a16-bad5-007ee034e5ce,2019-11-28 08:33:40+00:00,2019-11-28 08:33:40+00:00,1,['cart'],578084657,1,1,1,66.67,0.0,0,1,0,True,False,False,0,66.67,0.0,0,0,0,0,0.0,High Priority
b7d5d0aa-d7ba-4a69-8e70-d56408ded8bc,2019-11-28 08:36:41+00:00,2019-11-28 08:36:41+00:00,1,['cart'],530686039,1,1,1,124.7,0.0,0,1,0,True,False,False,0,124.7,0.0,0,1,1,1,0.0,High Priority
89b60afb-aefb-4c72-82d4-100976f97e43,2019-11-28 08:38:09+00:00,2019-11-28 08:38:09+00:00,1,['cart'],578089064,1,1,1,41.19,0.0,0,1,0,True,False,False,0,41.19,0.0,0,0,0,0,0.0,High Priority
9a5edb6d-b083-4fbd-abe0-f1d1df3830a3,2019-11-28 08:41:37+00:00,2019-11-28 08:41:37+00:00,1,['cart'],577504322,1,1,1,40.89,0.0,0,1,0,True,False,False,0,40.89,0.0,0,0,0,0,0.0,High Priority
8fef61f5-0331-4d71-a597-5ec0d6ae5a0b,2019-11-28 08:43:11+00:00,2019-11-28 08:43:11+00:00,1,['cart'],549688424,1,1,1,51.46,0.0,0,1,0,True,False,False,0,51.46,0.0,0,0,0,0,0.0,High Priority
fe25f59b-72d1-4558-9aec-37306b42e676,2019-11-28 08:44:48+00:00,2019-11-28 08:44:48+00:00,1,['cart'],573506079,1,1,0,32.69,0.0,0,1,0,True,False,False,0,32.69,0.0,0,0,0,0,0.0,High Priority
7e41c88d-2427-47aa-8edc-4ee0931cbfa0,2019-11-28 08:50:08+00:00,2019-11-28 08:50:08+00:00,1,['cart'],514734720,1,1,1,38.61,0.0,0,1,0,True,False,False,0,38.61,0.0,0,0,0,0,0.0,High Priority
c8d83cba-549b-44f9-b1b9-e168467e81cc,2019-11-28 08:50:26+00:00,2019-11-28 08:50:26+00:00,1,['cart'],568870183,1,1,1,916.37,0.0,0,1,0,True,False,False,0,916.37,0.0,0,1,1,1,0.0,High Priority
2d0b6088-fda9-4a3d-a52a-340368d67a38,2019-11-28 08:51:51+00:00,2019-11-28 08:51:51+00:00,1,['cart'],578097212,1,1,1,22.74,0.0,0,1,0,True,False,False,0,22.74,0.0,0,0,0,0,0.0,High Priority
c4cef97e-0002-434c-ac68-60a74f72f00e,2019-11-28 08:54:18+00:00,2019-11-28 08:54:18+00:00,1,['cart'],573886761,1,1,1,208.5,0.0,0,1,0,True,False,False,0,208.5,0.0,0,0,0,0,0.0,High Priority
4999db21-5e50-4dbd-9e6b-8f48109257b5,2019-11-28 08:56:14+00:00,2019-11-28 08:59:07+00:00,2,"['cart', 'purchase']",577753963,1,1,1,874.62,2.8833333333333333,0,1,1,True,True,False,1,874.62,0.0,0,0,0,0,0.81,Monitor Only
78bad8ef-6d7e-4ec2-b546-033a2ff534d9,2019-11-28 08:57:30+00:00,2019-11-28 08:57:30+00:00,1,['cart'],567690492,1,1,1,348.66,0.0,0,1,0,True,False,False,0,348.66,0.0,0,0,0,0,0.0,High Priority
ed00a120-01ae-451e-a591-1e0dfcb0fd4a,2019-11-28 09:00:07+00:00,2019-11-28 09:00:07+00:00,1,['cart'],578100859,1,1,1,949.45,0.0,0,1,0,True,False,False,0,949.45,0.0,0,0,0,0,0.0,High Priority
9d3189d9-39fa-4cc9-9d37-9f1158ac4977,2019-11-28 09:02:59+00:00,2019-11-28 09:02:59+00:00,1,['cart'],517499824,1,1,0,20.05,0.0,0,1,0,True,False,False,0,20.05,0.0,0,0,0,0,0.0,High Priority
c84be91b-7f4d-4d7c-b95b-49544391fb83,2019-11-28 09:03:58+00:00,2019-11-28 09:03:58+00:00,1,['cart'],530446099,1,1,0,50.97,0.0,0,1,0,True,False,False,0,50.97,0.0,0,0,0,0,0.0,High Priority
12159d6a-fdeb-4275-9e3d-b372d1ec3e9b,2019-11-28 09:04:55+00:00,2019-11-28 09:04:55+00:00,1,['cart'],512522119,1,1,1,128.42,0.0,0,1,0,True,False,False,0,128.42,0.0,0,0,0,0,0.0,High Priority
875db539-4f46-4db9-99b9-92a34d2f659d,2019-11-28 09:05:36+00:00,2019-11-28 09:05:36+00:00,1,['cart'],516227691,1,1,1,52.78,0.0,0,1,0,True,False,False,0,52.78,0.0,0,0,0,0,0.0,High Priority
1d089f3d-c3f6-4249-a535-cc233091adf1,2019-11-28 09:09:14+00:00,2019-11-28 09:09:14+00:00,1,['cart'],570942921,1,1,1,214.34,0.0,0,1,0,True,False,False,0,214.34,0.0,0,0,0,0,0.0,High Priority
aaaa5d15-c963-424b-9745-188d35334c0a,2019-11-28 09:09:48+00:00,2019-11-28 09:09:48+00:00,1,['cart'],513599509,1,1,1,35.78,0.0,0,1,0,True,False,False,0,35.78,0.0,0,0,0,0,0.0,High Priority
25969376-805f-42e3-838f-5d82d5120803,2019-11-28 09:16:01+00:00,2019-11-28 09:16:01+00:00,1,['cart'],520291993,1,1,0,170.15,0.0,0,1,0,True,False,False,0,170.15,0.0,0,0,0,0,0.0,High Priority
898d738c-9297-4cd5-a933-5b367b266372,2019-11-28 09:17:31+00:00,2019-11-28 09:17:31+00:00,1,['cart'],514639780,1,1,1,163.9,0.0,0,1,0,True,False,False,0,163.9,0.0,0,0,0,0,0.0,High Priority
d2ac8980-902d-489a-94c6-e7260de30100,2019-11-28 09:18:05+00:00,2019-11-28 09:18:05+00:00,1,['cart'],542251976,1,1,1,348.66,0.0,0,1,0,True,False,False,0,348.66,0.0,0,0,0,0,0.0,High Priority
bbd63ab0-db5c-474e-8f3b-62fee3f2611c,2019-11-28 09:18:33+00:00,2019-11-28 09:18:48+00:00,2,"['cart', 'view']",561649299,1,1,1,2058.68,0.25,1,1,0,True,False,True,0,2058.68,1.0,0,0,0,0,0.0,High Priority
0642e5b0-6791-467a-9007-95c340dcf186,2019-11-28 09:19:34+00:00,2019-11-28 09:19:48+00:00,2,"['cart', 'view']",514120360,1,1,1,138.04,0.2333333333333333,1,1,0,True,False,True,0,138.04,1.0,0,0,0,0,0.0,High Priority
77969de9-2d4b-4573-b113-161bd8a27258,2019-11-28 09:19:54+00:00,2019-11-28 09:19:54+00:00,1,['cart'],550059064,1,1,1,17.76,0.0,0,1,0,True,False,False,0,17.76,0.0,0,0,0,0,0.0,High Priority
84d0d2c4-c280-4ce0-8378-64e78a33752f,2019-11-28 09:19:55+00:00,2019-11-28 09:19:55+00:00,1,['cart'],521241907,1,1,1,720.71,0.0,0,1,0,True,False,False,0,720.71,0.0,0,0,0,0,0.0,High Priority
bf0c7895-4b9e-43f4-8c2f-2cd18e57792e,2019-11-28 09:22:46+00:00,2019-11-28 09:22:46+00:00,1,['cart'],571912544,1,1,1,8.98,0.0,0,1,0,True,False,False,0,8.98,0.0,0,0,0,0,0.0,High Priority
37a52bae-4efd-410e-a4f9-408e2868556d,2019-11-28 09:27:18+00:00,2019-11-28 09:27:18+00:00,1,['cart'],578019966,1,1,1,41.5,0.0,0,1,0,True,False,False,0,41.5,0.0,0,0,0,0,0.0,High Priority
62d95d38-8c3b-491b-875e-ad128b12cee6,2019-11-28 09:31:16+00:00,2019-11-28 09:31:16+00:00,1,['cart'],516441058,1,1,1,93.77,0.0,0,1,0,True,False,False,0,93.77,0.0,0,0,0,0,0.0,High Priority
8e1211a6-2944-4535-9daf-7761815055a3,2019-11-28 09:32:46+00:00,2019-11-28 09:32:46+00:00,1,['cart'],564021675,1,1,1,168.65,0.0,0,1,0,True,False,False,0,168.65,0.0,0,0,0,0,0.0,High Priority
f50ff846-4a61-4226-814e-8bbcb6a10870,2019-11-28 09:33:31+00:00,2019-11-28 09:33:31+00:00,1,['cart'],570033395,1,1,0,224.72,0.0,0,1,0,True,False,False,0,224.72,0.0,0,0,0,0,0.0,High Priority
338e607f-c47d-4f1e-9ad1-912e3c0c3fab,2019-11-28 09:35:23+00:00,2019-11-28 09:35:23+00:00,1,['cart'],571820147,1,1,1,133.07,0.0,0,1,0,True,False,False,0,133.07,0.0,0,0,0,0,0.0,High Priority
a12cfafe-900f-48fe-80c7-8323a0ce30eb,2019-11-28 09:40:15+00:00,2019-11-28 09:40:15+00:00,1,['cart'],519521161,1,1,1,514.5,0.0,0,1,0,True,False,False,0,514.5,0.0,0,0,0,0,0.0,High Priority
5058f2ae-6916-4e79-8638-a78e92312fd1,2019-11-28 09:43:17+00:00,2019-11-28 09:43:17+00:00,1,['cart'],516038084,1,1,1,133.07,0.0,0,1,0,True,False,False,0,133.07,0.0,0,0,0,0,0.0,High Priority
7c30a2ad-889a-4ed2-b3bd-2cde4687348b,2019-11-28 09:44:56+00:00,2019-11-28 09:44:56+00:00,1,['cart'],519609161,1,1,1,240.79,0.0,0,1,0,True,False,False,0,240.79,0.0,0,0,0,0,0.0,High Priority
d511a050-976f-4c6b-8f1b-c06e20484f92,2019-11-28 09:45:32+00:00,2019-11-28 09:45:32+00:00,1,['cart'],537447565,1,1,1,223.92,0.0,0,1,0,True,False,False,0,223.92,0.0,0,0,0,0,0.0,High Priority
8d5525ab-b12c-4f49-9321-1686bac10b74,2019-11-28 09:46:38+00:00,2019-11-28 09:46:38+00:00,1,['cart'],554134094,1,1,1,171.0,0.0,0,1,0,True,False,False,0,171.0,0.0,0,0,0,0,0.0,High Priority
4e430c5e-cd99-47cd-958e-afde39e45b95,2019-11-28 09:51:59+00:00,2019-11-28 09:51:59+00:00,1,['cart'],526888768,1,1,1,231.25,0.0,0,1,0,True,False,False,0,231.25,0.0,0,0,0,0,0.0,High Priority
432a6ade-ee5a-450d-8e42-db80d320b153,2019-11-28 09:52:26+00:00,2019-11-28 09:52:26+00:00,1,['cart'],522244386,1,1,1,168.65,0.0,0,1,0,True,False,False,0,168.65,0.0,0,0,0,0,0.0,High Priority
2044f88d-4191-4efc-84ee-bbce181cae36,2019-11-28 09:53:37+00:00,2019-11-28 09:53:37+00:00,1,['cart'],576314639,1,1,1,1070.04,0.0,0,1,0,True,False,False,0,1070.04,0.0,0,0,0,0,0.0,High Priority
14be92f1-1f6b-45e4-822f-0b85eefcd655,2019-11-28 09:54:02+00:00,2019-11-28 09:54:02+00:00,1,['cart'],515345954,1,1,1,104.25,0.0,0,1,0,True,False,False,0,104.25,0.0,0,0,0,0,0.0,High Priority
ac10ccb4-1efc-42cb-ab37-e3bc7100c7a6,2019-11-28 09:54:17+00:00,2019-11-28 09:54:17+00:00,1,['cart'],523557077,1,1,1,94.62,0.0,0,1,0,True,False,False,0,94.62,0.0,0,0,0,0,0.0,High Priority
81948728-749c-437f-b0ad-7c721f9a8ed4,2019-11-28 09:55:25+00:00,2019-11-28 09:55:25+00:00,1,['cart'],576477317,1,1,1,418.54,0.0,0,1,0,True,False,False,0,418.54,0.0,0,0,0,0,0.0,High Priority
7226f3dc-85dd-4b4b-a931-23cf5b5c980e,2019-11-28 09:55:40+00:00,2019-11-28 09:55:40+00:00,1,['cart'],518773620,1,1,1,62.52,0.0,0,1,0,True,False,False,0,62.52,0.0,0,0,0,0,0.0,High Priority
cff6ad6e-b150-496c-83c3-546bfc35b2be,2019-11-28 09:55:46+00:00,2019-11-28 09:55:46+00:00,1,['cart'],564127021,1,1,1,63.97,0.0,0,1,0,True,False,False,0,63.97,0.0,0,0,0,0,0.0,High Priority
067f234a-646d-4e4d-bc60-7f82afe366cb,2019-11-28 09:57:30+00:00,2019-11-28 09:57:30+00:00,1,['cart'],519049411,1,1,1,472.85,0.0,0,1,0,True,False,False,0,472.85,0.0,0,0,0,0,0.0,High Priority
4b0696e1-650b-48d6-a4cd-263a75e72b37,2019-11-28 09:58:32+00:00,2019-11-28 09:58:32+00:00,1,['cart'],523082854,1,1,1,259.21,0.0,0,1,0,True,False,False,0,259.21,0.0,0,0,0,0,0.0,High Priority
fa442ff0-dcf3-4726-9a79-bcea5274cd57,2019-11-28 09:58:43+00:00,2019-11-28 09:58:43+00:00,1,['cart'],516135369,1,1,1,194.32,0.0,0,1,0,True,False,False,0,194.32,0.0,0,0,0,0,0.0,High Priority
e67db832-6040-44db-9a02-bd3f8ec7c94d,2019-11-28 10:00:18+00:00,2019-11-28 10:00:18+00:00,1,['cart'],518503312,1,1,1,733.56,0.0,0,1,0,True,False,False,0,733.56,0.0,0,0,0,0,0.0,High Priority
9c60ae87-c3b2-482d-bf4f-bec3a7bdd8e0,2019-11-28 10:04:30+00:00,2019-11-28 10:04:30+00:00,1,['cart'],578116652,1,1,1,133.26,0.0,0,1,0,True,False,False,0,133.26,0.0,0,0,0,0,0.0,High Priority
94ee8bbe-52f3-4ef1-8ce8-cbcb0d7275d0,2019-11-28 10:05:50+00:00,2019-11-28 10:05:50+00:00,1,['cart'],571723921,1,1,1,257.38,0.0,0,1,0,True,False,False,0,257.38,0.0,0,0,0,0,0.0,High Priority
bfa7c385-833e-49ab-9c4a-8a3a22b6ce09,2019-11-28 10:07:45+00:00,2019-11-28 10:07:45+00:00,1,['cart'],553732638,1,1,1,102.68,0.0,0,1,0,True,False,False,0,102.68,0.0,0,0,0,0,0.0,High Priority
ff5a7d23-c27e-4907-bca6-59868a168905,2019-11-28 10:08:21+00:00,2019-11-28 10:08:21+00:00,1,['cart'],521738355,1,1,1,916.37,0.0,0,1,0,True,False,False,0,916.37,0.0,0,0,0,0,0.0,High Priority
d74d9370-5c1b-4518-a7d8-19edbac5b16a,2019-11-28 10:09:19+00:00,2019-11-28 10:09:19+00:00,1,['cart'],546610709,1,1,1,113.09,0.0,0,1,0,True,False,False,0,113.09,0.0,0,0,0,0,0.0,High Priority
8f739c6b-4fd4-4559-ab9c-9edf00d1a36b,2019-11-28 10:11:30+00:00,2019-11-28 10:11:30+00:00,1,['cart'],561933003,1,1,1,1641.78,0.0,0,1,0,True,False,False,0,1641.78,0.0,0,0,0,0,0.0,High Priority
318e97ba-4a65-4e21-a158-d8ad1f4887b6,2019-11-28 10:11:33+00:00,2019-11-28 10:11:33+00:00,1,['cart'],515624334,1,1,1,175.78,0.0,0,1,0,True,False,False,0,175.78,0.0,0,0,0,0,0.0,High Priority
b72508e9-37d0-4360-bcdc-f79fb1be3b40,2019-11-28 10:12:52+00:00,2019-11-28 10:12:52+00:00,1,['cart'],512517765,1,1,1,133.07,0.0,0,1,0,True,False,False,0,133.07,0.0,0,0,0,0,0.0,High Priority
1260a5d0-9657-40bf-8fc4-29cd6c924d0e,2019-11-28 10:13:11+00:00,2019-11-28 10:13:11+00:00,1,['cart'],560960079,1,1,1,643.21,0.0,0,1,0,True,False,False,0,643.21,0.0,0,0,0,0,0.0,High Priority
e8b4e9a3-a3b7-4b82-903a-08325c9a7998,2019-11-28 10:14:27+00:00,2019-11-28 10:14:27+00:00,1,['cart'],565322484,1,1,1,8.37,0.0,0,1,0,True,False,False,0,8.37,0.0,0,0,0,0,0.0,High Priority
77399e58-bdb3-4e52-aac4-d9b552749484,2019-11-28 10:15:16+00:00,2019-11-28 10:15:16+00:00,1,['cart'],512529581,1,1,1,56.6,0.0,0,1,0,True,False,False,0,56.6,0.0,0,0,0,0,0.0,High Priority
c3f804c1-b826-4639-a974-9af9f12cf0fc,2019-11-28 10:16:53+00:00,2019-11-28 10:16:53+00:00,1,['cart'],517536526,1,1,1,1930.29,0.0,0,1,0,True,False,False,0,1930.29,0.0,0,0,0,0,0.0,High Priority
06f7ec5c-d58f-4376-8fc1-41163f5ffd0d,2019-11-28 10:19:18+00:00,2019-11-28 10:19:18+00:00,1,['cart'],520832885,1,1,1,246.24,0.0,0,1,0,True,False,False,0,246.24,0.0,0,0,0,0,0.0,High Priority
008ab983-f8af-45cc-907c-a6bd011c94f2,2019-11-28 10:19:43+00:00,2019-11-28 10:19:43+00:00,1,['cart'],519632329,1,1,0,136.94,0.0,0,1,0,True,False,False,0,136.94,0.0,0,0,0,0,0.0,High Priority
223bc244-3dd1-4a8f-8aed-2f4a2f4f127f,2019-11-28 10:20:36+00:00,2019-11-28 10:20:36+00:00,1,['cart'],578139852,1,1,1,1002.55,0.0,0,1,0,True,False,False,0,1002.55,0.0,0,0,0,0,0.0,High Priority
5b6afb27-a3a2-4526-a1b9-60d2c63bdba5,2019-11-28 10:21:36+00:00,2019-11-28 10:21:36+00:00,1,['cart'],573604925,1,1,1,643.23,0.0,0,1,0,True,False,False,0,643.23,0.0,0,0,0,0,0.0,High Priority
021a0e50-4e06-42a7-aa61-b04e6e1527f3,2019-11-28 10:30:55+00:00,2019-11-28 10:30:55+00:00,1,['cart'],564379158,1,1,1,102.71,0.0,0,1,0,True,False,False,0,102.71,0.0,0,0,0,0,0.0,High Priority
f7fa5c95-8f6d-4d2d-b205-6406cde74645,2019-11-28 10:31:07+00:00,2019-11-28 10:31:07+00:00,1,['cart'],577745367,1,1,1,472.85,0.0,0,1,0,True,False,False,0,472.85,0.0,0,0,0,0,0.0,High Priority
1d44c7aa-a952-4768-ab66-bdcc0102c1dd,2019-11-28 10:32:40+00:00,2019-11-28 10:32:40+00:00,1,['cart'],554223281,1,1,1,25.71,0.0,0,1,0,True,False,False,0,25.71,0.0,0,0,0,0,0.0,High Priority
8f54ef46-7115-452f-b51e-6623cb6378ee,2019-11-28 10:33:11+00:00,2019-11-28 10:33:11+00:00,1,['cart'],575417121,1,1,1,348.66,0.0,0,1,0,True,False,False,0,348.66,0.0,0,0,0,0,0.0,High Priority
62b99ade-a2bc-4ca8-b0bb-ba1081af5e04,2019-11-28 10:40:10+00:00,2019-11-28 10:40:10+00:00,1,['cart'],515835271,1,1,1,107.08,0.0,0,1,0,True,False,False,0,107.08,0.0,0,0,0,0,0.0,High Priority
c696fff7-1e5e-463e-997c-02e7724cfb1d,2019-11-28 10:40:25+00:00,2019-11-28 10:40:25+00:00,1,['cart'],566377933,1,1,1,133.07,0.0,0,1,0,True,False,False,0,133.07,0.0,0,0,0,0,0.0,High Priority
573676ae-3072-4326-8b85-8255a62b5fee,2019-11-28 10:43:07+00:00,2019-11-28 10:43:07+00:00,1,['cart'],554393509,1,1,1,25.48,0.0,0,1,0,True,False,False,0,25.48,0.0,0,0,0,0,0.0,High Priority
f76fba24-a033-45a3-a8d1-820cc4905879,2019-11-28 10:43:48+00:00,2019-11-28 10:43:48+00:00,1,['cart'],574731020,1,1,1,315.56,0.0,0,1,0,True,False,False,0,315.56,0.0,0,0,0,0,0.0,High Priority
5c7dd857-6338-4fdb-a15d-f682edecb9d5,2019-11-28 10:46:51+00:00,2019-11-28 10:46:51+00:00,1,['cart'],545970396,1,1,1,283.12,0.0,0,1,0,True,False,False,0,283.12,0.0,0,0,0,0,0.0,High Priority
a7dfb737-db6e-4cb6-a8be-6e6cbd31bdcd,2019-11-28 10:50:56+00:00,2019-11-28 10:50:56+00:00,1,['cart'],577679981,1,1,0,12.84,0.0,0,1,0,True,False,False,0,12.84,0.0,0,0,0,0,0.0,High Priority
7852a073-1a00-40d7-b7bb-9a80bdaf2e7c,2019-11-28 10:52:27+00:00,2019-11-28 10:52:27+00:00,1,['cart'],556239070,1,1,1,952.15,0.0,0,1,0,True,False,False,0,952.15,0.0,0,0,0,0,0.0,High Priority
630f92ec-d92f-4fd4-b6a4-762ebeeb9fec,2019-11-28 10:58:25+00:00,2019-11-28 10:58:25+00:00,1,['cart'],547095432,1,1,0,172.21,0.0,0,1,0,True,False,False,0,172.21,0.0,0,0,0,0,0.0,High Priority
adc0561c-c9a9-4457-bcf4-f5bad5431c38,2019-11-28 10:58:54+00:00,2019-11-28 10:58:54+00:00,1,['cart'],517324908,1,1,1,315.56,0.0,0,1,0,True,False,False,0,315.56,0.0,0,0,0,0,0.0,High Priority
6f1a1ed6-9cd3-420d-86ad-73e1e9c6581a,2019-11-28 11:00:37+00:00,2019-11-28 11:00:37+00:00,1,['cart'],514766108,1,1,1,43.73,0.0,0,1,0,True,False,False,0,43.73,0.0,0,0,0,0,0.0,High Priority
05ba0d08-4a47-49dc-9778-921f1ece45b5,2019-11-28 11:03:54+00:00,2019-11-28 11:03:54+00:00,1,['cart'],578158690,1,1,1,161.63,0.0,0,1,0,True,False,False,0,161.63,0.0,0,0,0,0,0.0,High Priority
fb37482c-3bf0-41f1-a65f-d30d65747836,2019-11-28 11:05:31+00:00,2019-11-28 11:05:31+00:00,1,['cart'],561513859,1,1,1,1002.55,0.0,0,1,0,True,False,False,0,1002.55,0.0,0,0,0,0,0.0,High Priority
54204b83-9bfb-45cc-bb2d-9a792463e7ae,2019-11-28 11:06:06+00:00,2019-11-28 11:06:06+00:00,1,['cart'],547302448,1,1,1,68.98,0.0,0,1,0,True,False,False,0,68.98,0.0,0,0,0,0,0.0,High Priority
8efec941-2c5c-4ca9-9429-b98012eb6994,2019-11-28 11:06:34+00:00,2019-11-28 11:06:34+00:00,1,['cart'],576872677,1,1,1,82.31,0.0,0,1,0,True,False,False,0,82.31,0.0,0,0,0,0,0.0,High Priority
9b1df6c2-876b-4fdd-8c51-4a5ec25c98ed,2019-11-28 11:07:48+00:00,2019-11-28 11:10:28+00:00,2,"['cart', 'purchase']",578164431,1,1,1,1029.0,2.6666666666666665,0,1,1,True,True,False,1,1029.0,0.0,0,0,0,0,0.73,Monitor Only
42455cfa-c6ff-4249-9d20-0c96cdedecdf,2019-11-28 11:12:54+00:00,2019-11-28 11:12:54+00:00,1,['cart'],525251452,1,1,1,48.79,0.0,0,1,0,True,False,False,0,48.79,0.0,0,0,0,0,0.0,High Priority
e1bf6409-e2f4-40c9-9974-401a90a72867,2019-11-28 11:13:49+00:00,2019-11-28 11:13:49+00:00,1,['cart'],551782665,1,1,1,168.65,0.0,0,1,0,True,False,False,0,168.65,0.0,0,0,0,0,0.0,High Priority
31c2b477-b87a-4234-9599-796b748dfa71,2019-11-28 11:15:50+00:00,2019-11-28 11:15:50+00:00,1,['cart'],550229282,1,1,1,224.2,0.0,0,1,0,True,False,False,0,224.2,0.0,0,0,0,0,0.0,High Priority
635842d6-8538-452e-8fa1-a1ee0136fe3d,2019-11-28 11:17:47+00:00,2019-11-28 11:17:47+00:00,1,['cart'],513998344,1,1,1,216.67,0.0,0,1,0,True,False,False,0,216.67,0.0,0,0,0,0,0.0,High Priority
79d44637-8ea4-4bf7-8044-92cd9b50003a,2019-11-28 11:18:21+00:00,2019-11-28 11:18:21+00:00,1,['cart'],513231177,1,1,1,532.83,0.0,0,1,0,True,False,False,0,532.83,0.0,0,0,0,0,0.0,High Priority
a626ef72-ed34-4f31-bb71-a355a8a719c0,2019-11-28 11:18:38+00:00,2019-11-28 11:18:38+00:00,1,['cart'],566701323,1,1,1,253.25,0.0,0,1,0,True,False,False,0,253.25,0.0,0,0,0,0,0.0,High Priority
401eac6f-c7cd-4d20-a1f1-2e07d2efad64,2019-11-28 11:23:35+00:00,2019-11-28 11:23:35+00:00,1,['cart'],578171299,1,1,0,99.58,0.0,0,1,0,True,False,False,0,99.58,0.0,0,0,0,0,0.0,High Priority
5858421f-53e0-41a1-ad76-c2c430081395,2019-11-28 11:27:42+00:00,2019-11-28 11:27:42+00:00,1,['cart'],550714794,1,1,1,1003.37,0.0,0,1,0,True,False,False,0,1003.37,0.0,0,0,0,0,0.0,High Priority
5f0f3ad9-92cc-4427-b9ae-9db2c250b655,2019-11-28 11:30:02+00:00,2019-11-28 11:30:02+00:00,1,['cart'],543412697,1,1,1,61.75,0.0,0,1,0,True,False,False,0,61.75,0.0,0,0,0,0,0.0,High Priority
a4f30426-dccd-478e-8fa4-de14c5af314b,2019-11-28 11:31:02+00:00,2019-11-28 11:31:02+00:00,1,['cart'],563750066,1,1,1,115.81,0.0,0,1,0,True,False,False,0,115.81,0.0,0,0,0,0,0.0,High Priority
6bee91f6-a9e7-43ae-8345-98e7d115207c,2019-11-28 11:32:27+00:00,2019-11-28 11:32:27+00:00,1,['cart'],569443386,1,1,0,20.57,0.0,0,1,0,True,False,False,0,20.57,0.0,0,0,0,0,0.0,High Priority
cd07d3c2-9958-410f-8b2e-49c91ea348ac,2019-11-28 11:33:33+00:00,2019-11-28 11:33:33+00:00,1,['cart'],518741577,1,1,1,742.23,0.0,0,1,0,True,False,False,0,742.23,0.0,0,0,0,0,0.0,High Priority
774603dc-f021-42e9-bcf1-85b02bfb7eab,2019-11-28 11:33:54+00:00,2019-11-28 11:33:54+00:00,1,['cart'],530389440,1,1,1,229.64,0.0,0,1,0,True,False,False,0,229.64,0.0,0,0,0,0,0.0,High Priority
fbc219f4-0dea-4793-ad63-b491c291fe6e,2019-11-28 11:35:02+00:00,2019-11-28 11:35:02+00:00,1,['cart'],571682690,1,1,1,720.71,0.0,0,1,0,True,False,False,0,720.71,0.0,0,0,0,0,0.0,High Priority
bfa71834-b93d-4e73-b917-d1c62746c240,2019-11-28 11:35:43+00:00,2019-11-28 11:35:43+00:00,1,['cart'],577628184,1,1,1,102.71,0.0,0,1,0,True,False,False,0,102.71,0.0,0,0,0,0,0.0,High Priority
c0121d0b-bfa3-450a-ae2b-153001ac8886,2019-11-28 11:39:35+00:00,2019-11-28 11:39:35+00:00,1,['cart'],563279927,1,1,1,82.11,0.0,0,1,0,True,False,False,0,82.11,0.0,0,0,0,0,0.0,High Priority
579ad17b-1d04-4171-8247-f4e858335465,2019-11-28 11:39:36+00:00,2019-11-28 11:39:36+00:00,1,['cart'],546225068,1,1,1,1039.67,0.0,0,1,0,True,False,False,0,1039.67,0.0,0,0,0,0,0.0,High Priority
95ab022d-626b-4212-9965-4b3c45df63f5,2019-11-28 11:39:47+00:00,2019-11-28 11:39:47+00:00,1,['cart'],519132908,1,1,1,29.06,0.0,0,1,0,True,False,False,0,29.06,0.0,0,0,0,0,0.0,High Priority
9163979e-6a70-4736-bbb4-276add3a0b1e,2019-11-28 11:42:12+00:00,2019-11-28 11:42:12+00:00,1,['cart'],531981067,1,1,1,290.42,0.0,0,1,0,True,False,False,0,290.42,0.0,0,0,0,0,0.0,High Priority
0d17f0e2-d9fb-4299-9939-4105c3cec1af,2019-11-28 11:50:33+00:00,2019-11-28 11:50:33+00:00,1,['cart'],569443386,1,1,0,20.57,0.0,0,1,0,True,False,False,0,20.57,0.0,0,1,1,1,0.0,High Priority
1a351662-5e0a-4dee-8869-7c93f087f21c,2019-11-28 11:54:04+00:00,2019-11-28 11:54:04+00:00,1,['cart'],578175907,1,1,1,196.12,0.0,0,1,0,True,False,False,0,196.12,0.0,0,0,0,0,0.0,High Priority
6b20a152-8e69-4f96-ad39-966a8673d5b5,2019-11-28 11:55:56+00:00,2019-11-28 11:55:56+00:00,1,['cart'],549254406,1,1,1,939.28,0.0,0,1,0,True,False,False,0,939.28,0.0,0,0,0,0,0.0,High Priority
32aafd89-a74b-4f01-8087-c4a3fdc03660,2019-11-28 11:56:30+00:00,2019-11-28 11:56:30+00:00,1,['cart'],512497021,1,1,1,32.18,0.0,0,1,0,True,False,False,0,32.18,0.0,0,0,0,0,0.0,High Priority
c78c0ffb-cb97-4ce1-9d2d-1674d694c653,2019-11-28 11:57:14+00:00,2019-11-28 11:57:14+00:00,1,['cart'],514408089,1,1,1,120.97,0.0,0,1,0,True,False,False,0,120.97,0.0,0,0,0,0,0.0,High Priority
4dba559b-8bbf-4074-abe3-87f507867073,2019-11-28 12:00:07+00:00,2019-11-28 12:00:07+00:00,1,['cart'],530396491,1,1,1,104.25,0.0,0,1,0,True,False,False,0,104.25,0.0,0,0,0,0,0.0,High Priority
41edbf5f-2051-4f7a-a172-2860d34ef93c,2019-11-28 12:01:59+00:00,2019-11-28 12:01:59+00:00,1,['cart'],526079980,1,1,1,23.14,0.0,0,1,0,True,False,False,0,23.14,0.0,0,0,0,0,0.0,High Priority
1da249dc-a80d-4a82-a33d-4c98d5426c7e,2019-11-28 12:02:29+00:00,2019-11-28 12:02:29+00:00,1,['cart'],559543900,1,1,1,384.54,0.0,0,1,0,True,False,False,0,384.54,0.0,0,0,0,0,0.0,High Priority
3b27ed88-7f85-4265-ab9f-7cf769ec924e,2019-11-28 12:03:04+00:00,2019-11-28 12:03:04+00:00,1,['cart'],542107725,1,1,1,41.19,0.0,0,1,0,True,False,False,0,41.19,0.0,0,0,0,0,0.0,High Priority
ea065fcb-07e4-4de9-aed7-76c996ef84c6,2019-11-28 12:05:16+00:00,2019-11-28 12:05:16+00:00,1,['cart'],527419475,1,1,1,246.24,0.0,0,1,0,True,False,False,0,246.24,0.0,0,0,0,0,0.0,High Priority
8a1edaff-50fc-4484-9373-b8a5a8768cf5,2019-11-28 12:06:39+00:00,2019-11-28 12:06:39+00:00,1,['cart'],514685228,1,1,1,253.26,0.0,0,1,0,True,False,False,0,253.26,0.0,0,0,0,0,0.0,High Priority
fcb944ec-d8e3-4bcf-8713-817aed1d089e,2019-11-28 12:08:28+00:00,2019-11-28 12:08:28+00:00,1,['cart'],549588608,1,1,1,32.18,0.0,0,1,0,True,False,False,0,32.18,0.0,0,0,0,0,0.0,High Priority
8d5b1146-53c8-448b-985f-86335b2fcfc7,2019-11-28 12:10:26+00:00,2019-11-28 12:10:26+00:00,1,['cart'],513251312,1,1,1,1184.05,0.0,0,1,0,True,False,False,0,1184.05,0.0,0,0,0,0,0.0,High Priority
5965dbc8-6630-47ce-9317-df3b121b0088,2019-11-28 12:12:18+00:00,2019-11-28 12:12:18+00:00,1,['cart'],573348661,1,1,1,384.54,0.0,0,1,0,True,False,False,0,384.54,0.0,0,0,0,0,0.0,High Priority
3a0e01e4-26e7-49e7-9338-6d436987fc4a,2019-11-28 12:13:05+00:00,2019-11-28 12:13:05+00:00,1,['cart'],526109767,1,1,1,155.86,0.0,0,1,0,True,False,False,0,155.86,0.0,0,0,0,0,0.0,High Priority
46ea3cbd-f54b-4841-9e19-a591059ad08d,2019-11-28 12:13:23+00:00,2019-11-28 12:13:23+00:00,1,['cart'],520404363,1,1,1,48.65,0.0,0,1,0,True,False,False,0,48.65,0.0,0,0,0,0,0.0,High Priority
baa32969-bf93-466a-8ae0-1818a42fe4b2,2019-11-28 12:16:06+00:00,2019-11-28 12:16:06+00:00,1,['cart'],513442506,1,1,1,54.54,0.0,0,1,0,True,False,False,0,54.54,0.0,0,0,0,0,0.0,High Priority
e6804ad4-eee0-443d-990a-564114730b85,2019-11-28 12:17:12+00:00,2019-11-28 12:17:12+00:00,1,['cart'],557462339,1,1,1,163.9,0.0,0,1,0,True,False,False,0,163.9,0.0,0,0,0,0,0.0,High Priority
ac279803-9ae1-4756-b302-01dc3cd8f394,2019-11-28 12:22:24+00:00,2019-11-28 12:22:24+00:00,1,['cart'],558294477,1,1,1,229.64,0.0,0,1,0,True,False,False,0,229.64,0.0,0,0,0,0,0.0,High Priority
b3412d2b-7c5f-4e58-a25a-5c652a226d55,2019-11-28 12:23:13+00:00,2019-11-28 12:23:13+00:00,1,['cart'],515847067,1,1,1,501.92,0.0,0,1,0,True,False,False,0,501.92,0.0,0,0,0,0,0.0,High Priority
3605eb93-4948-41b5-a2bc-0fff88b6b5c2,2019-11-28 12:23:17+00:00,2019-11-28 12:23:17+00:00,1,['cart'],570481626,1,1,1,168.21,0.0,0,1,0,True,False,False,0,168.21,0.0,0,0,0,0,0.0,High Priority
7ff22422-0507-4b13-9512-3c6f9e6107b4,2019-11-28 12:23:45+00:00,2019-11-28 12:23:45+00:00,1,['cart'],578201405,1,1,1,161.63,0.0,0,1,0,True,False,False,0,161.63,0.0,0,0,0,0,0.0,High Priority
148ca148-02b5-49e7-bd56-6846253ed5de,2019-11-28 12:30:50+00:00,2019-11-28 12:30:50+00:00,1,['cart'],576370913,1,1,1,384.53,0.0,0,1,0,True,False,False,0,384.53,0.0,0,1,1,1,0.0,High Priority
1935706a-8450-4b93-b5df-89f28c34a0e4,2019-11-28 12:31:23+00:00,2019-11-28 12:31:23+00:00,1,['cart'],569778323,1,1,1,108.09,0.0,0,1,0,True,False,False,0,108.09,0.0,0,1,1,1,0.0,High Priority
e9ba72e6-19d5-40ed-89dd-55a7a2dc45ff,2019-11-28 12:34:34+00:00,2019-11-28 12:34:34+00:00,1,['cart'],521807743,1,1,1,107.44,0.0,0,1,0,True,False,False,0,107.44,0.0,0,0,0,0,0.0,High Priority
c18bacd9-8264-414e-b602-daee90c492c6,2019-11-28 12:38:10+00:00,2019-11-28 12:38:10+00:00,1,['cart'],551049289,1,1,1,566.01,0.0,0,1,0,True,False,False,0,566.01,0.0,0,0,0,0,0.0,High Priority
6da9d32e-9644-4917-956c-37bdb8a2285b,2019-11-28 12:39:29+00:00,2019-11-28 12:39:29+00:00,1,['cart'],575675109,1,1,1,179.9,0.0,0,1,0,True,False,False,0,179.9,0.0,0,0,0,0,0.0,High Priority
e0d8951b-27a0-4ae2-92b5-d2f080b4cfaa,2019-11-28 12:46:30+00:00,2019-11-28 12:46:30+00:00,1,['cart'],578215176,1,1,1,25.46,0.0,0,1,0,True,False,False,0,25.46,0.0,0,0,0,0,0.0,High Priority
ea2ba7c6-28dc-4a64-99cc-1a2561965050,2019-11-28 12:55:51+00:00,2019-11-28 12:55:51+00:00,1,['cart'],560867432,1,1,1,49.68,0.0,0,1,0,True,False,False,0,49.68,0.0,0,0,0,0,0.0,High Priority
4360257e-ec06-4ec3-b2dd-4e0e0838d32b,2019-11-28 12:56:21+00:00,2019-11-28 12:56:21+00:00,1,['cart'],524783670,1,1,1,437.31,0.0,0,1,0,True,False,False,0,437.31,0.0,0,0,0,0,0.0,High Priority
9fb2db6a-f030-4834-a74c-728e36b05b7f,2019-11-28 12:57:18+00:00,2019-11-28 12:57:18+00:00,1,['cart'],519240239,1,1,1,215.96,0.0,0,1,0,True,False,False,0,215.96,0.0,0,0,0,0,0.0,High Priority
8c5236ff-ac69-4a7d-a964-4bafaa33baec,2019-11-28 12:57:26+00:00,2019-11-28 12:57:26+00:00,1,['cart'],519991072,1,1,1,196.12,0.0,0,1,0,True,False,False,0,196.12,0.0,0,0,0,0,0.0,High Priority
d6dbf422-cf8d-4807-9392-723e6f97b8cf,2019-11-28 12:57:52+00:00,2019-11-28 12:57:52+00:00,1,['cart'],520197291,1,1,1,323.25,0.0,0,1,0,True,False,False,0,323.25,0.0,0,0,0,0,0.0,High Priority
17564eea-4c14-4ee1-b2d3-68b082780f20,2019-11-28 12:58:57+00:00,2019-11-28 12:58:57+00:00,1,['cart'],578222362,1,1,1,900.64,0.0,0,1,0,True,False,False,0,900.64,0.0,0,0,0,0,0.0,High Priority
d50cfee7-3aa8-418b-823c-2c011a40c52b,2019-11-28 13:00:26+00:00,2019-11-28 13:00:26+00:00,1,['cart'],560040277,1,1,1,208.5,0.0,0,1,0,True,False,False,0,208.5,0.0,0,0,0,0,0.0,High Priority
ff7dda49-77f6-47f1-b180-e09ed12847b2,2019-11-28 13:04:15+00:00,2019-11-28 13:04:15+00:00,1,['cart'],578207202,1,1,1,63.84,0.0,0,1,0,True,False,False,0,63.84,0.0,0,0,0,0,0.0,High Priority
7b448990-9c8b-4f90-9ae1-7cd4313937ec,2019-11-28 13:04:27+00:00,2019-11-28 13:04:27+00:00,1,['cart'],545039123,1,1,1,1002.55,0.0,0,1,0,True,False,False,0,1002.55,0.0,0,0,0,0,0.0,High Priority
d2ae5057-1466-4eb1-acf1-fc9779fc30b3,2019-11-28 13:06:06+00:00,2019-11-28 13:06:06+00:00,1,['cart'],520684939,1,1,0,7.72,0.0,0,1,0,True,False,False,0,7.72,0.0,0,0,0,0,0.0,High Priority
8ceea2eb-76a7-4af4-9e3d-6b294dbbd521,2019-11-28 13:07:05+00:00,2019-11-28 13:07:05+00:00,1,['cart'],522392350,1,1,1,343.12,0.0,0,1,0,True,False,False,0,343.12,0.0,0,0,0,0,0.0,High Priority
4621db50-e27e-45de-8e40-7cce6e0a508e,2019-11-28 13:10:45+00:00,2019-11-28 13:10:45+00:00,1,['cart'],513480075,1,1,1,64.85,0.0,0,1,0,True,False,False,0,64.85,0.0,0,0,0,0,0.0,High Priority
5e1a773a-16d2-4f94-a515-467c98f79558,2019-11-28 13:17:39+00:00,2019-11-28 13:17:39+00:00,1,['cart'],556667698,1,1,1,308.63,0.0,0,1,0,True,False,False,0,308.63,0.0,0,0,0,0,0.0,High Priority
da684fe3-75f7-4c85-a0aa-a34680819177,2019-11-28 13:18:47+00:00,2019-11-28 13:18:47+00:00,1,['cart'],513628264,1,1,1,68.99,0.0,0,1,0,True,False,False,0,68.99,0.0,0,0,0,0,0.0,High Priority
45b379e9-20a5-4b55-812c-bb8208daa683,2019-11-28 13:18:48+00:00,2019-11-28 13:18:48+00:00,1,['cart'],542212533,1,1,1,229.64,0.0,0,1,0,True,False,False,0,229.64,0.0,0,0,0,0,0.0,High Priority
58bf501f-6dee-4f8c-b51e-169c1b2ed841,2019-11-28 13:21:01+00:00,2019-11-28 13:21:01+00:00,1,['cart'],540043834,1,1,1,572.18,0.0,0,1,0,True,False,False,0,572.18,0.0,0,0,0,0,0.0,High Priority
53954716-2a0e-49a0-988b-ebf5e500d1e0,2019-11-28 13:22:01+00:00,2019-11-28 13:22:01+00:00,1,['cart'],522528646,1,1,1,48.88,0.0,0,1,0,True,False,False,0,48.88,0.0,0,1,1,1,0.0,High Priority
da96cf4d-4a2a-4032-853f-0620e23d2f43,2019-11-28 13:23:20+00:00,2019-11-28 13:23:20+00:00,1,['cart'],578224788,1,1,0,292.93,0.0,0,1,0,True,False,False,0,292.93,0.0,0,0,0,0,0.0,High Priority
d646cd0f-0c2e-4af1-8039-862ad11fed76,2019-11-28 13:25:02+00:00,2019-11-28 13:25:02+00:00,1,['cart'],521596316,1,1,1,246.24,0.0,0,1,0,True,False,False,0,246.24,0.0,0,0,0,0,0.0,High Priority
4be9b43e-ad46-47a6-9898-acbd0433b83a,2019-11-28 13:25:18+00:00,2019-11-28 13:25:18+00:00,1,['cart'],570437023,1,1,1,81.8,0.0,0,1,0,True,False,False,0,81.8,0.0,0,0,0,0,0.0,High Priority
467bcf22-3cc6-4cab-ab69-8f1f44c5ffd5,2019-11-28 13:25:48+00:00,2019-11-28 13:25:48+00:00,1,['cart'],516056637,1,1,1,32.18,0.0,0,1,0,True,False,False,0,32.18,0.0,0,0,0,0,0.0,High Priority
564870dd-90ec-4e3b-9cee-ad1b00fc9e43,2019-11-28 13:27:25+00:00,2019-11-28 13:27:25+00:00,1,['cart'],564681974,1,1,0,107.85,0.0,0,1,0,True,False,False,0,107.85,0.0,0,0,0,0,0.0,High Priority
3f65789d-ddd0-4586-a8e0-638d0fb7131e,2019-11-28 13:28:44+00:00,2019-11-28 13:28:44+00:00,1,['cart'],568841873,1,1,1,281.33,0.0,0,1,0,True,False,False,0,281.33,0.0,0,0,0,0,0.0,High Priority
9a8e2cf9-e027-4cb8-81d2-50b883e0a71f,2019-11-28 13:33:18+00:00,2019-11-28 13:36:58+00:00,2,"['cart', 'purchase']",572121594,1,1,1,66.88,3.6666666666666665,0,1,1,True,True,False,1,66.88,0.0,0,0,0,0,0.79,Monitor Only
87efb1a7-ea1b-4c0e-8ab1-7d8a64d00247,2019-11-28 13:34:04+00:00,2019-11-28 13:34:04+00:00,1,['cart'],512960288,1,1,1,94.29,0.0,0,1,0,True,False,False,0,94.29,0.0,0,0,0,0,0.0,High Priority
1b65cc24-b328-481b-ac01-3d52b303b4e5,2019-11-28 13:35:09+00:00,2019-11-28 13:35:09+00:00,1,['cart'],573469940,1,1,1,88.26,0.0,0,1,0,True,False,False,0,88.26,0.0,0,0,0,0,0.0,High Priority
d7606f00-666a-47b9-8a21-02225af7a481,2019-11-28 13:35:42+00:00,2019-11-28 13:35:42+00:00,1,['cart'],566303010,1,1,1,124.7,0.0,0,1,0,True,False,False,0,124.7,0.0,0,0,0,0,0.0,High Priority
80ecc060-e3a6-4508-a270-4dbd12de8a49,2019-11-28 13:36:48+00:00,2019-11-28 13:36:48+00:00,1,['cart'],513676856,1,1,1,265.9,0.0,0,1,0,True,False,False,0,265.9,0.0,0,0,0,0,0.0,High Priority
670a7d6e-0c62-4512-bc49-0bbf9f3207b5,2019-11-28 13:41:48+00:00,2019-11-28 13:41:48+00:00,1,['cart'],524846128,1,1,1,163.9,0.0,0,1,0,True,False,False,0,163.9,0.0,0,0,0,0,0.0,High Priority
971d4108-a080-4c0e-9ade-8dd751aceb1a,2019-11-28 13:45:29+00:00,2019-11-28 13:45:29+00:00,1,['cart'],517138003,1,1,1,48.65,0.0,0,1,0,True,False,False,0,48.65,0.0,0,0,0,0,0.0,High Priority
98b6f761-933c-4162-be37-a151399b1891,2019-11-28 13:45:41+00:00,2019-11-28 13:45:41+00:00,1,['cart'],525106630,1,1,1,1449.28,0.0,0,1,0,True,False,False,0,1449.28,0.0,0,0,0,0,0.0,High Priority
e4152fe0-336f-4c6c-a1da-f7ea6a7e596e,2019-11-28 13:46:01+00:00,2019-11-28 13:46:01+00:00,1,['cart'],513835996,1,1,1,916.37,0.0,0,1,0,True,False,False,0,916.37,0.0,0,0,0,0,0.0,High Priority
a9f556fa-0a3f-4fbb-a430-42d97b9e53c1,2019-11-28 13:48:45+00:00,2019-11-28 13:48:45+00:00,1,['cart'],519055398,1,1,1,176.01,0.0,0,1,0,True,False,False,0,176.01,0.0,0,0,0,0,0.0,High Priority
5e1f409d-b801-4bcf-8cdf-2ae54890374f,2019-11-28 13:51:35+00:00,2019-11-28 14:04:28+00:00,2,"['cart', 'view']",512561759,2,1,2,74.27000000000001,12.883333333333333,1,1,0,True,False,True,0,37.135000000000005,1.0,0,0,0,0,0.0,High Priority
de8749b9-ec16-4823-9ba3-7105fe8ec963,2019-11-28 13:51:38+00:00,2019-11-28 13:51:38+00:00,1,['cart'],513473998,1,1,1,249.3,0.0,0,1,0,True,False,False,0,249.3,0.0,0,0,0,0,0.0,High Priority
18987b25-10d1-4b20-9136-0dcd022706bb,2019-11-28 13:52:32+00:00,2019-11-28 13:52:32+00:00,1,['cart'],577684532,1,1,1,1312.26,0.0,0,1,0,True,False,False,0,1312.26,0.0,0,0,0,0,0.0,High Priority
ae8c5038-da2a-4044-98d0-fe7b2b3c33af,2019-11-28 13:52:50+00:00,2019-11-28 13:52:50+00:00,1,['cart'],522101262,1,1,1,479.81,0.0,0,1,0,True,False,False,0,479.81,0.0,0,0,0,0,0.0,High Priority
6ded56b6-4318-46f4-9789-e8531ae80a2d,2019-11-28 13:54:52+00:00,2019-11-28 13:54:52+00:00,1,['cart'],563199094,1,1,0,54.57,0.0,0,1,0,True,False,False,0,54.57,0.0,0,0,0,0,0.0,High Priority
429ac59d-a74d-49c9-8f11-e37acb226dd9,2019-11-28 13:55:33+00:00,2019-11-28 13:55:33+00:00,1,['cart'],547552442,1,1,1,163.9,0.0,0,1,0,True,False,False,0,163.9,0.0,0,0,0,0,0.0,High Priority
16cf4bcc-c46e-4906-9425-a4c9ff8a1601,2019-11-28 13:56:24+00:00,2019-11-28 13:56:24+00:00,1,['cart'],539515535,1,1,1,171.0,0.0,0,1,0,True,False,False,0,171.0,0.0,0,0,0,0,0.0,High Priority
9fbc0035-624a-4e57-be13-8ae7f800eae1,2019-11-28 13:57:41+00:00,2019-11-28 13:57:41+00:00,1,['cart'],513994855,1,1,1,112.46,0.0,0,1,0,True,False,False,0,112.46,0.0,0,0,0,0,0.0,High Priority
3321dd5f-050d-4944-bd87-9f8112da16a7,2019-11-28 13:57:49+00:00,2019-11-28 13:57:49+00:00,1,['cart'],515233710,1,1,1,246.24,0.0,0,1,0,True,False,False,0,246.24,0.0,0,0,0,0,0.0,High Priority
2e90fa81-8dcf-4967-8d72-261abd98d0f6,2019-11-28 13:59:44+00:00,2019-11-28 13:59:44+00:00,1,['cart'],571656219,1,1,1,38.1,0.0,0,1,0,True,False,False,0,38.1,0.0,0,0,0,0,0.0,High Priority
b596eac8-3681-4fd6-b32f-185eef1e50a1,2019-11-28 14:00:21+00:00,2019-11-28 14:00:43+00:00,2,"['cart', 'cart']",559686602,1,1,1,392.26,0.3666666666666666,0,2,0,True,False,False,0,392.26,0.0,0,0,0,0,0.07,High Priority
1843d0f1-a0af-47f1-9a99-f082bcacbf69,2019-11-28 14:04:39+00:00,2019-11-28 14:04:39+00:00,1,['cart'],517424048,1,1,1,82.37,0.0,0,1,0,True,False,False,0,82.37,0.0,0,0,0,0,0.0,High Priority
23be26d1-c732-4145-8be3-063e89178779,2019-11-28 14:04:40+00:00,2019-11-28 14:04:40+00:00,1,['cart'],512992174,1,1,1,47.62,0.0,0,1,0,True,False,False,0,47.62,0.0,0,0,0,0,0.0,High Priority
b5987e5b-084e-4581-aff0-2aea9425608d,2019-11-28 14:04:55+00:00,2019-11-28 14:04:55+00:00,1,['cart'],569745205,1,1,1,916.37,0.0,0,1,0,True,False,False,0,916.37,0.0,0,0,0,0,0.0,High Priority
edff46ce-220a-40d6-ae3c-f79ddaf82a77,2019-11-28 14:07:31+00:00,2019-11-28 14:07:31+00:00,1,['cart'],577679981,1,1,1,20.85,0.0,0,1,0,True,False,False,0,20.85,0.0,0,1,1,1,0.0,High Priority
98906025-1219-4a59-8f2e-9d3a16687787,2019-11-28 14:07:43+00:00,2019-11-28 14:07:43+00:00,1,['cart'],541894583,1,1,1,529.68,0.0,0,1,0,True,False,False,0,529.68,0.0,0,0,0,0,0.0,High Priority
b9de9b63-8a0a-48f6-8e20-5b4764d440ac,2019-11-28 14:08:37+00:00,2019-11-28 14:08:44+00:00,2,"['cart', 'cart']",515904623,1,1,1,372.12,0.1166666666666666,0,2,0,True,False,False,0,372.12,0.0,0,0,0,0,0.0,High Priority
4fdb738c-d8c6-4ef7-9839-480fb9f63668,2019-11-28 14:09:24+00:00,2019-11-28 14:09:24+00:00,1,['cart'],539832620,1,1,1,237.56,0.0,0,1,0,True,False,False,0,237.56,0.0,0,0,0,0,0.0,High Priority
b0f6fd4b-847e-4a40-aecd-6b2622362ad2,2019-11-28 14:11:55+00:00,2019-11-28 14:11:55+00:00,1,['cart'],578262224,1,1,1,37.32,0.0,0,1,0,True,False,False,0,37.32,0.0,0,0,0,0,0.0,High Priority
26e923ff-95d0-44d1-9a2e-27b427821001,2019-11-28 14:13:45+00:00,2019-11-28 14:16:00+00:00,2,"['cart', 'view']",532797268,1,1,0,119.96,2.25,1,1,0,True,False,True,0,119.96,1.0,0,0,0,0,0.0,High Priority
3f412c42-03dc-4cb8-be86-49b4ea666cb5,2019-11-28 14:14:51+00:00,2019-11-28 14:14:51+00:00,1,['cart'],578103916,1,1,1,6.41,0.0,0,1,0,True,False,False,0,6.41,0.0,0,0,0,0,0.0,High Priority
11647740-a91c-42b3-b020-688ecda5d3e8,2019-11-28 14:16:36+00:00,2019-11-28 14:16:36+00:00,1,['cart'],556448930,1,1,1,124.7,0.0,0,1,0,True,False,False,0,124.7,0.0,0,0,0,0,0.0,High Priority
b53f0caa-e911-4675-85b0-c6f17dfc6ccd,2019-11-28 14:25:27+00:00,2019-11-28 14:26:00+00:00,2,"['cart', 'view']",519249322,1,1,1,337.3,0.55,1,1,0,True,False,True,0,337.3,1.0,0,0,0,0,0.0,High Priority
6b9bd78d-e103-428e-b967-519c833e2744,2019-11-28 14:26:10+00:00,2019-11-28 14:26:10+00:00,1,['cart'],578217400,1,1,1,97.79,0.0,0,1,0,True,False,False,0,97.79,0.0,0,0,0,0,0.0,High Priority
4366eadd-edd2-411a-ab54-f544f6ba5d0c,2019-11-28 14:29:11+00:00,2019-11-28 14:29:11+00:00,1,['cart'],513507618,1,1,1,510.89,0.0,0,1,0,True,False,False,0,510.89,0.0,0,0,0,0,0.0,High Priority
dcfc0d04-62be-4ae6-995f-6b389f3f4b0e,2019-11-28 14:29:18+00:00,2019-11-28 14:29:18+00:00,1,['cart'],513647048,1,1,1,36.78,0.0,0,1,0,True,False,False,0,36.78,0.0,0,0,0,0,0.0,High Priority
9a99786b-26b7-4fca-9c46-10e2c8be4200,2019-11-28 14:30:03+00:00,2019-11-28 14:30:03+00:00,1,['cart'],556689148,1,1,1,133.26,0.0,0,1,0,True,False,False,0,133.26,0.0,0,0,0,0,0.0,High Priority
694abffc-8e35-4fdc-8b0d-b4839271ff5f,2019-11-28 14:35:22+00:00,2019-11-28 14:35:22+00:00,1,['cart'],514406363,1,1,1,246.24,0.0,0,1,0,True,False,False,0,246.24,0.0,0,0,0,0,0.0,High Priority
4162458b-a212-47d3-9c4a-91eeaff85409,2019-11-28 14:35:53+00:00,2019-11-28 14:35:53+00:00,1,['cart'],578277262,1,1,1,246.21,0.0,0,1,0,True,False,False,0,246.21,0.0,0,0,0,0,0.0,High Priority
150ce7d0-91f3-4e9b-8584-5978a784d6f8,2019-11-28 14:36:14+00:00,2019-11-28 14:36:14+00:00,1,['cart'],517984882,1,1,1,298.31,0.0,0,1,0,True,False,False,0,298.31,0.0,0,0,0,0,0.0,High Priority
244ea304-c30f-4673-b430-80bda9408156,2019-11-28 14:37:29+00:00,2019-11-28 14:37:29+00:00,1,['cart'],515296295,1,1,1,124.7,0.0,0,1,0,True,False,False,0,124.7,0.0,0,0,0,0,0.0,High Priority
77934c5e-980f-48d5-b6e4-3d35c8aa922c,2019-11-28 14:39:02+00:00,2019-11-28 14:39:02+00:00,1,['cart'],572262039,1,1,1,182.76,0.0,0,1,0,True,False,False,0,182.76,0.0,0,0,0,0,0.0,High Priority
59626a76-d655-40d7-9326-eb1c6f2e2e9c,2019-11-28 14:41:44+00:00,2019-11-28 14:41:44+00:00,1,['cart'],564122020,1,1,1,194.32,0.0,0,1,0,True,False,False,0,194.32,0.0,0,0,0,0,0.0,High Priority
6d93ecb4-87ca-45cc-b0d4-b03fb274a200,2019-11-28 14:51:30+00:00,2019-11-28 14:51:30+00:00,1,['cart'],552057448,1,1,1,1448.63,0.0,0,1,0,True,False,False,0,1448.63,0.0,0,0,0,0,0.0,High Priority
846cd513-50ea-426e-85c1-fd2fe71b088e,2019-11-28 14:51:35+00:00,2019-11-28 14:51:35+00:00,1,['cart'],513411051,1,1,1,45.56,0.0,0,1,0,True,False,False,0,45.56,0.0,0,0,0,0,0.0,High Priority
8e5ce784-5e1c-4182-8056-8e38ec794412,2019-11-28 14:51:35+00:00,2019-11-28 14:51:35+00:00,1,['cart'],577945267,1,1,1,720.43,0.0,0,1,0,True,False,False,0,720.43,0.0,0,0,0,0,0.0,High Priority
d911cb33-216f-47f1-b70f-a6b0a3dc3d9e,2019-11-28 14:52:16+00:00,2019-11-28 14:52:16+00:00,1,['cart'],578290425,1,1,1,472.85,0.0,0,1,0,True,False,False,0,472.85,0.0,0,0,0,0,0.0,High Priority
8f97ea32-b578-4c04-a11d-8827e874d5d4,2019-11-28 14:55:10+00:00,2019-11-28 14:55:10+00:00,1,['cart'],535844970,1,1,1,208.5,0.0,0,1,0,True,False,False,0,208.5,0.0,0,0,0,0,0.0,High Priority
254699ea-bd9a-4c70-8d85-c9069097e87f,2019-11-28 14:55:55+00:00,2019-11-28 14:55:55+00:00,1,['cart'],547444318,1,1,1,14.03,0.0,0,1,0,True,False,False,0,14.03,0.0,0,0,0,0,0.0,High Priority
d6a0904c-5a8a-434c-a41a-1104b14c8bb9,2019-11-28 14:57:39+00:00,2019-11-28 14:57:39+00:00,1,['cart'],561036829,1,1,1,168.65,0.0,0,1,0,True,False,False,0,168.65,0.0,0,0,0,0,0.0,High Priority
fc601efa-7b12-4216-bb68-90dd8a189d64,2019-11-28 15:01:13+00:00,2019-11-28 15:01:13+00:00,1,['cart'],535138268,1,1,1,124.7,0.0,0,1,0,True,False,False,0,124.7,0.0,0,0,0,0,0.0,High Priority
fb561d82-7c8c-4d3b-bce4-a6c6d8c58755,2019-11-28 15:02:13+00:00,2019-11-28 15:02:13+00:00,1,['cart'],527512237,1,1,1,298.31,0.0,0,1,0,True,False,False,0,298.31,0.0,0,0,0,0,0.0,High Priority
f6ad54b7-7c53-4dd5-8f32-0ba2bbcc6d8f,2019-11-28 15:04:45+00:00,2019-11-28 15:04:45+00:00,1,['cart'],546656220,1,1,1,38.1,0.0,0,1,0,True,False,False,0,38.1,0.0,0,0,0,0,0.0,High Priority
19a0c54b-e60c-472a-b1b7-ec5a670157f8,2019-11-28 15:04:57+00:00,2019-11-28 15:04:57+00:00,1,['cart'],513742144,1,1,1,39.9,0.0,0,1,0,True,False,False,0,39.9,0.0,0,0,0,0,0.0,High Priority
05de25a0-446f-4e81-8a36-e32e0e228522,2019-11-28 15:07:46+00:00,2019-11-28 15:07:46+00:00,1,['cart'],553096337,1,1,1,196.13,0.0,0,1,0,True,False,False,0,196.13,0.0,0,0,0,0,0.0,High Priority
40bb5d87-fe56-4ea3-80ff-9538c06ef82e,2019-11-28 15:08:33+00:00,2019-11-28 15:08:33+00:00,1,['cart'],567128584,1,1,1,35.52,0.0,0,1,0,True,False,False,0,35.52,0.0,0,0,0,0,0.0,High Priority
533fd116-febb-4583-b4d1-6ec0f0c34876,2019-11-28 15:12:10+00:00,2019-11-28 15:12:10+00:00,1,['cart'],517087306,1,1,1,75.84,0.0,0,1,0,True,False,False,0,75.84,0.0,0,0,0,0,0.0,High Priority
d4950c7e-2d38-4c5b-8fdd-eacdb32c83ab,2019-11-28 15:13:26+00:00,2019-11-28 15:13:26+00:00,1,['cart'],578302906,1,1,1,348.66,0.0,0,1,0,True,False,False,0,348.66,0.0,0,0,0,0,0.0,High Priority
31d3a285-08d3-4abf-bc59-2dc9c9b8ef75,2019-11-28 15:15:14+00:00,2019-11-28 15:15:14+00:00,1,['cart'],552977514,1,1,1,40.7,0.0,0,1,0,True,False,False,0,40.7,0.0,0,0,0,0,0.0,High Priority
7df14831-2463-47a9-b204-8a6f4f4bf341,2019-11-28 15:15:15+00:00,2019-11-28 15:15:15+00:00,1,['cart'],577800577,1,1,1,32.69,0.0,0,1,0,True,False,False,0,32.69,0.0,0,0,0,0,0.0,High Priority
fec17e8a-b0b6-47a0-ba48-be43566f1153,2019-11-28 15:16:16+00:00,2019-11-28 15:16:16+00:00,1,['cart'],564737335,1,1,1,152.69,0.0,0,1,0,True,False,False,0,152.69,0.0,0,1,1,1,0.0,High Priority
30e67af1-945a-4ae6-b0ad-64948750660f,2019-11-28 15:17:14+00:00,2019-11-28 15:17:14+00:00,1,['cart'],578252937,1,1,1,124.7,0.0,0,1,0,True,False,False,0,124.7,0.0,0,0,0,0,0.0,High Priority
d9be2ed3-d95c-498e-8173-3da3f1d9926d,2019-11-28 15:17:15+00:00,2019-11-28 15:17:15+00:00,1,['cart'],571501928,1,1,1,1310.72,0.0,0,1,0,True,False,False,0,1310.72,0.0,0,0,0,0,0.0,High Priority
d9296f33-0349-4d57-9b0b-d356b7ed7a49,2019-11-28 15:20:26+00:00,2019-11-28 15:20:26+00:00,1,['cart'],532271830,1,1,1,472.85,0.0,0,1,0,True,False,False,0,472.85,0.0,0,0,0,0,0.0,High Priority
4cc5cc6e-d001-473a-b598-0c976760b7c1,2019-11-28 15:20:42+00:00,2019-11-28 15:26:35+00:00,3,"['cart', 'view', 'view']",517241907,3,1,0,667.69,5.883333333333334,2,1,0,True,False,True,0,222.56333333333336,2.0,0,0,0,0,0.03,High Priority
cd7d236f-cff5-4d4b-a7a6-0a4f3ada28f1,2019-11-28 15:22:07+00:00,2019-11-28 15:22:07+00:00,1,['cart'],578284617,1,1,1,28.29,0.0,0,1,0,True,False,False,0,28.29,0.0,0,0,0,0,0.0,High Priority
ff46c2ec-f032-44d5-87f5-dc92eaa8e754,2019-11-28 15:22:19+00:00,2019-11-28 15:22:19+00:00,1,['cart'],549236009,1,1,1,246.24,0.0,0,1,0,True,False,False,0,246.24,0.0,0,0,0,0,0.0,High Priority
81dec917-8662-4d2c-b348-02869fef0a3d,2019-11-28 15:23:56+00:00,2019-11-28 15:23:56+00:00,1,['cart'],534985250,1,1,1,12.36,0.0,0,1,0,True,False,False,0,12.36,0.0,0,0,0,0,0.0,High Priority
80648e04-166c-47a0-b02d-306505dded34,2019-11-28 15:27:58+00:00,2019-11-28 15:27:58+00:00,1,['cart'],556343157,1,1,0,250.46,0.0,0,1,0,True,False,False,0,250.46,0.0,0,0,0,0,0.0,High Priority
318ee766-7638-4d18-9224-ada9c429c336,2019-11-28 15:28:27+00:00,2019-11-28 15:28:27+00:00,1,['cart'],568881273,1,1,1,47.41,0.0,0,1,0,True,False,False,0,47.41,0.0,0,0,0,0,0.0,High Priority
0dc63abb-bae1-42ab-9449-b4c1b50ac153,2019-11-28 15:31:49+00:00,2019-11-28 15:31:49+00:00,1,['cart'],535404324,1,1,1,30.12,0.0,0,1,0,True,False,False,0,30.12,0.0,0,0,0,0,0.0,High Priority
91993ec9-b900-41d3-bf53-35f3da881bd9,2019-11-28 15:33:20+00:00,2019-11-28 15:33:20+00:00,1,['cart'],542020694,1,1,1,916.37,0.0,0,1,0,True,False,False,0,916.37,0.0,0,0,0,0,0.0,High Priority
2956422e-107e-4ff8-91cb-37147b96554f,2019-11-28 15:37:00+00:00,2019-11-28 15:37:00+00:00,1,['cart'],570930787,1,1,1,141.31,0.0,0,1,0,True,False,False,0,141.31,0.0,0,0,0,0,0.0,High Priority
1479adb9-9d5a-44a1-b234-b27b6109809c,2019-11-28 15:38:54+00:00,2019-11-28 15:38:54+00:00,1,['cart'],571918838,1,1,1,133.07,0.0,0,1,0,True,False,False,0,133.07,0.0,0,0,0,0,0.0,High Priority
97d28494-0740-47ce-bd0f-abe6af89db57,2019-11-28 15:42:18+00:00,2019-11-28 16:42:25+00:00,3,"['cart', 'view', 'view']",564604966,3,3,2,1382.76,60.11666666666667,2,1,0,True,False,True,0,460.92,2.0,0,0,0,0,0.0,High Priority
accd97d3-4960-4fce-965e-a7801632fd5d,2019-11-28 15:44:35+00:00,2019-11-28 15:44:35+00:00,1,['cart'],513323044,1,1,1,349.34,0.0,0,1,0,True,False,False,0,349.34,0.0,0,0,0,0,0.0,High Priority
b0b41925-e319-4529-b3f6-a957f8239d5e,2019-11-28 15:56:31+00:00,2019-11-28 15:56:31+00:00,1,['cart'],536313749,1,1,1,742.23,0.0,0,1,0,True,False,False,0,742.23,0.0,0,0,0,0,0.0,High Priority
de8f2a41-6a6e-437a-929f-84cd3ef9e720,2019-11-28 16:05:55+00:00,2019-11-28 16:05:55+00:00,1,['cart'],562712290,1,1,1,32.18,0.0,0,1,0,True,False,False,0,32.18,0.0,0,0,0,0,0.0,High Priority
68eea03d-a86d-4795-917d-4390804a6cc1,2019-11-28 16:08:17+00:00,2019-11-28 16:08:17+00:00,1,['cart'],558384308,1,1,1,196.97,0.0,0,1,0,True,False,False,0,196.97,0.0,0,0,0,0,0.0,High Priority
10ed8d09-8d45-4a32-a8c6-507fd770e5d2,2019-11-28 16:15:11+00:00,2019-11-28 16:15:11+00:00,1,['cart'],542504372,1,1,1,64.07,0.0,0,1,0,True,False,False,0,64.07,0.0,0,1,1,1,0.0,High Priority
80455be8-9daf-445d-afca-d82d03ca43d9,2019-11-28 16:16:17+00:00,2019-11-28 16:16:17+00:00,1,['cart'],566140141,1,1,1,534.63,0.0,0,1,0,True,False,False,0,534.63,0.0,0,0,0,0,0.0,High Priority
adf4e094-2bcb-49e5-9474-cd11779ba437,2019-11-28 16:16:52+00:00,2019-11-28 16:16:52+00:00,1,['cart'],513781701,1,1,1,115.75,0.0,0,1,0,True,False,False,0,115.75,0.0,0,0,0,0,0.0,High Priority
6f751a93-a14e-48e3-85cd-199fce6ac1f1,2019-11-28 16:17:36+00:00,2019-11-28 16:17:36+00:00,1,['cart'],519214233,1,1,1,161.63,0.0,0,1,0,True,False,False,0,161.63,0.0,0,0,0,0,0.0,High Priority
450e62c3-af2d-43ac-9741-202a0a050550,2019-11-28 16:18:21+00:00,2019-11-28 16:18:21+00:00,1,['cart'],571133304,1,1,0,229.37,0.0,0,1,0,True,False,False,0,229.37,0.0,0,0,0,0,0.0,High Priority
864bb955-2fbb-4c72-83b7-0ed93f548295,2019-11-28 16:22:30+00:00,2019-11-28 16:22:30+00:00,1,['cart'],531172496,1,1,1,124.7,0.0,0,1,0,True,False,False,0,124.7,0.0,0,0,0,0,0.0,High Priority
23e80fa4-94ec-92a8-61b2-0a9f35863667,2019-11-28 16:23:11+00:00,2019-11-28 16:25:35+00:00,2,"['cart', 'cart']",519640251,2,1,1,257.77,2.4,0,2,0,True,False,False,0,128.885,0.0,0,0,0,0,0.06,High Priority
6f1c5c62-0ddd-4bc4-aea7-2b4197ef826a,2019-11-28 16:23:51+00:00,2019-11-28 16:23:51+00:00,1,['cart'],571858697,1,1,1,124.7,0.0,0,1,0,True,False,False,0,124.7,0.0,0,0,0,0,0.0,High Priority
0ec728eb-7a3e-4cec-ad3c-9ea332830ebd,2019-11-28 16:24:18+00:00,2019-11-28 16:24:18+00:00,1,['cart'],517919400,1,1,1,122.53,0.0,0,1,0,True,False,False,0,122.53,0.0,0,0,0,0,0.0,High Priority
77d02e29-aec2-4e55-a994-95ea27c4f1a3,2019-11-28 16:28:57+00:00,2019-11-28 16:28:57+00:00,1,['cart'],513454643,1,1,1,823.37,0.0,0,1,0,True,False,False,0,823.37,0.0,0,0,0,0,0.0,High Priority
ea3ab2ba-50c8-4ec5-91d4-51a1a55e3703,2019-11-28 16:32:34+00:00,2019-11-28 16:32:34+00:00,1,['cart'],532133913,1,1,1,196.12,0.0,0,1,0,True,False,False,0,196.12,0.0,0,0,0,0,0.0,High Priority
c89a5c39-a889-4c20-b7ea-97ee77150f27,2019-11-28 16:34:49+00:00,2019-11-28 16:34:49+00:00,1,['cart'],559922977,1,1,1,131.79,0.0,0,1,0,True,False,False,0,131.79,0.0,0,0,0,0,0.0,High Priority
91f867b3-7b2e-42e4-a619-dd9cd82329e0,2019-11-28 16:36:37+00:00,2019-11-28 16:36:37+00:00,1,['cart'],577220115,1,1,1,53.01,0.0,0,1,0,True,False,False,0,53.01,0.0,0,0,0,0,0.0,High Priority
ef584f4c-5cf2-4af3-8831-d6ede293d4b2,2019-11-28 16:38:32+00:00,2019-11-28 16:38:32+00:00,1,['cart'],536335529,1,1,1,223.92,0.0,0,1,0,True,False,False,0,223.92,0.0,0,0,0,0,0.0,High Priority
970acd31-bda9-4abe-abcd-c48281a5b633,2019-11-28 16:39:45+00:00,2019-11-28 16:39:45+00:00,1,['cart'],542323383,1,1,0,51.61,0.0,0,1,0,True,False,False,0,51.61,0.0,0,0,0,0,0.0,High Priority
02d8596e-a6a2-401a-b1fd-5d7dccba49fa,2019-11-28 16:41:43+00:00,2019-11-28 16:41:43+00:00,1,['cart'],518878723,1,1,1,43.73,0.0,0,1,0,True,False,False,0,43.73,0.0,0,0,0,0,0.0,High Priority
0cf10275-86c9-47c8-a447-c6d55080ecee,2019-11-28 16:42:25+00:00,2019-11-28 16:42:25+00:00,1,['cart'],544965268,1,1,1,131.28,0.0,0,1,0,True,False,False,0,131.28,0.0,0,0,0,0,0.0,High Priority
8abeee15-dbe6-45ce-a909-672f37975edc,2019-11-28 16:43:30+00:00,2019-11-28 16:43:30+00:00,1,['cart'],559033843,1,1,1,43.5,0.0,0,1,0,True,False,False,0,43.5,0.0,0,0,0,0,0.0,High Priority
b38175d1-1a1e-4605-b37c-28bf79830d54,2019-11-28 16:53:50+00:00,2019-11-28 16:53:50+00:00,1,['cart'],561567104,1,1,1,116.84,0.0,0,1,0,True,False,False,0,116.84,0.0,0,0,0,0,0.0,High Priority
316859b6-a5e6-412c-96ef-06ad7883d6f4,2019-11-28 16:55:57+00:00,2019-11-28 16:55:57+00:00,1,['cart'],537171429,1,1,1,69.47,0.0,0,1,0,True,False,False,0,69.47,0.0,0,0,0,0,0.0,High Priority
90fca92d-b55c-44b2-8296-03b042149f6c,2019-11-28 16:56:09+00:00,2019-11-28 16:56:09+00:00,1,['cart'],577760624,1,1,1,370.64,0.0,0,1,0,True,False,False,0,370.64,0.0,0,0,0,0,0.0,High Priority
b43ea8c4-354e-4271-aca1-d788a1d00524,2019-11-28 17:01:22+00:00,2019-11-28 17:01:22+00:00,1,['cart'],514679462,1,1,1,334.35,0.0,0,1,0,True,False,False,0,334.35,0.0,0,0,0,0,0.0,High Priority
5d0a640b-0d3f-428e-b8cb-b46ff1e2661d,2019-11-28 17:05:06+00:00,2019-11-28 17:05:06+00:00,1,['cart'],578370602,1,1,1,180.18,0.0,0,1,0,True,False,False,0,180.18,0.0,0,0,0,0,0.0,High Priority
6bc11faf-5742-48ac-80cd-202d0bf2fcde,2019-11-28 17:05:11+00:00,2019-11-28 17:05:11+00:00,1,['cart'],513582035,1,1,1,161.63,0.0,0,1,0,True,False,False,0,161.63,0.0,0,0,0,0,0.0,High Priority
34ffb138-541d-4691-a2cf-c6c2dabb2d36,2019-11-28 17:06:05+00:00,2019-11-28 17:08:31+00:00,2,"['cart', 'cart']",515387486,2,1,2,79.8,2.433333333333333,0,2,0,True,False,False,0,39.9,0.0,0,0,0,0,0.0,High Priority
1eaeb078-8b62-4e74-832e-0ae877a91893,2019-11-28 17:08:03+00:00,2019-11-28 17:08:03+00:00,1,['cart'],518322731,1,1,1,13.5,0.0,0,1,0,True,False,False,0,13.5,0.0,0,0,0,0,0.0,High Priority
1827619a-ef46-43bf-a277-8ab0abd9e9a1,2019-11-28 17:08:21+00:00,2019-11-28 17:08:21+00:00,1,['cart'],576446128,1,1,1,89.84,0.0,0,1,0,True,False,False,0,89.84,0.0,0,0,0,0,0.0,High Priority
cb4485f3-7a1f-4919-82d2-03354cfc8f92,2019-11-28 17:08:28+00:00,2019-11-28 17:08:28+00:00,1,['cart'],537163123,1,1,1,196.12,0.0,0,1,0,True,False,False,0,196.12,0.0,0,0,0,0,0.0,High Priority
09291d3b-6109-4cd7-a067-ecdb77920839,2019-11-28 17:10:37+00:00,2019-11-28 17:10:37+00:00,1,['cart'],514419844,1,1,1,43.76,0.0,0,1,0,True,False,False,0,43.76,0.0,0,0,0,0,0.0,High Priority
373b8142-f0a5-4c79-ae41-8253f99e49e0,2019-11-28 17:20:37+00:00,2019-11-28 17:20:37+00:00,1,['cart'],572473497,1,1,1,532.83,0.0,0,1,0,True,False,False,0,532.83,0.0,0,0,0,0,0.0,High Priority
8eb47972-9bd4-4c78-9fe6-d295ddb9fda0,2019-11-28 17:22:59+00:00,2019-11-28 17:22:59+00:00,1,['cart'],527588593,1,1,1,916.37,0.0,0,1,0,True,False,False,0,916.37,0.0,0,0,0,0,0.0,High Priority
4ddb2b9b-cf8a-4c9b-b050-fc9c67ba3991,2019-11-28 17:25:00+00:00,2019-11-28 17:25:00+00:00,1,['cart'],516244452,1,1,1,232.73,0.0,0,1,0,True,False,False,0,232.73,0.0,0,0,0,0,0.0,High Priority
bd8f959a-0a57-49f3-8894-38dd0031cb80,2019-11-28 17:27:03+00:00,2019-11-28 17:27:03+00:00,1,['cart'],513066006,1,1,1,186.06,0.0,0,1,0,True,False,False,0,186.06,0.0,0,0,0,0,0.0,High Priority
be234598-752d-49f6-b305-19a2fe69df0d,2019-11-28 17:28:31+00:00,2019-11-28 17:28:31+00:00,1,['cart'],512955368,1,1,1,37.84,0.0,0,1,0,True,False,False,0,37.84,0.0,0,0,0,0,0.0,High Priority
d29d00bc-80f9-3e73-2695-cfd8a3f1c4b4,2019-11-28 17:30:03+00:00,2019-11-28 17:30:03+00:00,1,['cart'],556017815,1,1,1,348.66,0.0,0,1,0,True,False,False,0,348.66,0.0,0,0,0,0,0.0,High Priority
4e8388c2-b3f3-4606-a2b2-0195d824e6ed,2019-11-28 17:30:16+00:00,2019-11-28 17:30:16+00:00,1,['cart'],578385688,1,1,0,5.99,0.0,0,1,0,True,False,False,0,5.99,0.0,0,0,0,0,0.0,High Priority
8a6e9241-b700-42db-9b20-4ee0f80cba1d,2019-11-28 17:36:32+00:00,2019-11-28 17:36:32+00:00,1,['cart'],522313216,1,1,1,1312.26,0.0,0,1,0,True,False,False,0,1312.26,0.0,0,0,0,0,0.0,High Priority
679c2699-4aee-458b-963c-0c9dacf3438e,2019-11-28 17:37:02+00:00,2019-11-28 17:37:02+00:00,1,['cart'],578116320,1,1,1,133.85,0.0,0,1,0,True,False,False,0,133.85,0.0,0,0,0,0,0.0,High Priority
4e610c93-eb9e-4a8d-83eb-a05364699dcc,2019-11-28 17:42:15+00:00,2019-11-28 17:42:15+00:00,1,['cart'],527744558,1,1,1,527.43,0.0,0,1,0,True,False,False,0,527.43,0.0,0,0,0,0,0.0,High Priority
cb840453-e027-4fc7-ae03-d7357c6c3f76,2019-11-28 17:43:08+00:00,2019-11-28 17:43:08+00:00,1,['cart'],512605004,1,1,1,113.52,0.0,0,1,0,True,False,False,0,113.52,0.0,0,0,0,0,0.0,High Priority
d9e70940-6cf7-481f-906a-1a20922d0a9c,2019-11-28 17:43:26+00:00,2019-11-28 17:43:26+00:00,1,['cart'],519473340,1,1,0,32.18,0.0,0,1,0,True,False,False,0,32.18,0.0,0,0,0,0,0.0,High Priority
7cc9a502-26e1-4ede-843f-1e87ea049342,2019-11-28 17:43:47+00:00,2019-11-28 17:43:47+00:00,1,['cart'],532779961,1,1,1,293.7,0.0,0,1,0,True,False,False,0,293.7,0.0,0,0,0,0,0.0,High Priority
6c9b8b44-1348-403f-a1c7-424c736ca883,2019-11-28 17:47:23+00:00,2019-11-28 17:47:23+00:00,1,['cart'],536123081,1,1,0,78.77,0.0,0,1,0,True,False,False,0,78.77,0.0,0,0,0,0,0.0,High Priority
a9d08288-852a-4661-a7a1-b3481c4cc814,2019-11-28 17:50:13+00:00,2019-11-28 17:50:13+00:00,1,['cart'],540560050,1,1,0,396.41,0.0,0,1,0,True,False,False,0,396.41,0.0,0,0,0,0,0.0,High Priority
534c32bb-0bac-439a-b882-b1cc2cc4b35a,2019-11-28 17:50:57+00:00,2019-11-28 17:50:57+00:00,1,['cart'],561783514,1,1,1,769.65,0.0,0,1,0,True,False,False,0,769.65,0.0,0,0,0,0,0.0,High Priority
97d83305-fc7c-4b9b-80db-1a142663b479,2019-11-28 17:54:08+00:00,2019-11-28 17:54:08+00:00,1,['cart'],518336870,1,1,1,129.99,0.0,0,1,0,True,False,False,0,129.99,0.0,0,1,1,1,0.0,High Priority
89bcbdab-25dc-49c4-b9fe-eaa859ffa2fd,2019-11-28 17:56:59+00:00,2019-11-28 17:56:59+00:00,1,['cart'],513030503,1,1,1,52.12,0.0,0,1,0,True,False,False,0,52.12,0.0,0,0,0,0,0.0,High Priority
eb07d8cc-8199-4eb0-b222-4e06af472001,2019-11-28 17:57:16+00:00,2019-11-28 17:57:16+00:00,1,['cart'],577794625,1,1,1,170.93,0.0,0,1,0,True,False,False,0,170.93,0.0,0,0,0,0,0.0,High Priority
d9b14484-b0b9-4ac9-b1ed-4e721eec4007,2019-11-28 18:01:52+00:00,2019-11-28 18:01:52+00:00,1,['cart'],554808642,1,1,1,916.37,0.0,0,1,0,True,False,False,0,916.37,0.0,0,0,0,0,0.0,High Priority
419c771f-3c43-4708-9b15-da4945ef774b,2019-11-28 18:03:42+00:00,2019-11-28 18:03:42+00:00,1,['cart'],578325972,1,1,1,795.1,0.0,0,1,0,True,False,False,0,795.1,0.0,0,0,0,0,0.0,High Priority
9c62199f-9efe-4ae0-9140-d9b0fcd72340,2019-11-28 18:04:30+00:00,2019-11-28 18:04:30+00:00,1,['cart'],515492455,1,1,1,40.93,0.0,0,1,0,True,False,False,0,40.93,0.0,0,0,0,0,0.0,High Priority
a8dc69dc-5623-4660-a538-8ba005dbe669,2019-11-28 18:07:23+00:00,2019-11-28 18:07:23+00:00,1,['cart'],568796714,1,1,1,168.21,0.0,0,1,0,True,False,False,0,168.21,0.0,0,1,1,1,0.0,High Priority
66a8ae1b-9340-4334-8f3e-aa2e6c3a4f88,2019-11-28 18:07:26+00:00,2019-11-28 18:07:26+00:00,1,['cart'],539418158,1,1,1,290.61,0.0,0,1,0,True,False,False,0,290.61,0.0,0,0,0,0,0.0,High Priority
bad66623-32b7-4e73-acc5-3132ad9ef105,2019-11-28 18:08:31+00:00,2019-11-28 18:08:31+00:00,1,['cart'],525729276,1,1,1,196.12,0.0,0,1,0,True,False,False,0,196.12,0.0,0,0,0,0,0.0,High Priority
793e431a-c87c-4794-8b77-f698a279119f,2019-11-28 18:10:17+00:00,2019-11-28 18:10:17+00:00,1,['cart'],517910976,1,1,1,62.52,0.0,0,1,0,True,False,False,0,62.52,0.0,0,0,0,0,0.0,High Priority
f92a14ed-5b6b-415c-baa2-36eb6610c9a5,2019-11-28 18:10:34+00:00,2019-11-28 18:10:34+00:00,1,['cart'],513473006,1,1,1,133.07,0.0,0,1,0,True,False,False,0,133.07,0.0,0,0,0,0,0.0,High Priority
395fc2d4-ffd1-4938-bf02-d0ebb8bfb3b7,2019-11-28 18:11:41+00:00,2019-11-28 18:11:41+00:00,1,['cart'],578407615,1,1,1,16.4,0.0,0,1,0,True,False,False,0,16.4,0.0,0,0,0,0,0.0,High Priority
42555517-947e-4d25-95d9-84681011d0d9,2019-11-28 18:17:59+00:00,2019-11-28 18:17:59+00:00,1,['cart'],518491577,1,1,1,246.24,0.0,0,1,0,True,False,False,0,246.24,0.0,0,0,0,0,0.0,High Priority
6aa57b2a-20ec-4c7a-9c9f-d2b2625e8a5e,2019-11-28 18:30:40+00:00,2019-11-28 18:30:40+00:00,1,['cart'],553808138,1,1,1,916.37,0.0,0,1,0,True,False,False,0,916.37,0.0,0,0,0,0,0.0,High Priority
a5dfea57-2004-4a67-b090-64846f87e9ab,2019-11-28 18:32:51+00:00,2019-11-28 18:32:51+00:00,1,['cart'],518364837,1,1,1,242.63,0.0,0,1,0,True,False,False,0,242.63,0.0,0,0,0,0,0.0,High Priority
fad7f4ca-68cd-4ea2-9e5c-baf6c9eff25d,2019-11-28 18:34:31+00:00,2019-11-28 18:34:31+00:00,1,['cart'],523701265,1,1,1,20.57,0.0,0,1,0,True,False,False,0,20.57,0.0,0,0,0,0,0.0,High Priority
fe4418e2-f0ed-4f0c-8806-9c5359277de1,2019-11-28 18:37:55+00:00,2019-11-28 18:37:55+00:00,1,['cart'],522206471,1,1,0,187.88,0.0,0,1,0,True,False,False,0,187.88,0.0,0,0,0,0,0.0,High Priority
8f0a500c-a562-4814-8f4b-c815c64c448b,2019-11-28 18:39:06+00:00,2019-11-28 18:39:06+00:00,1,['cart'],513105762,1,1,1,471.83,0.0,0,1,0,True,False,False,0,471.83,0.0,0,0,0,0,0.0,High Priority
95be0759-ec56-416d-8a38-6b1f988bc4b9,2019-11-28 18:40:53+00:00,2019-11-28 18:40:53+00:00,1,['cart'],560484494,1,1,1,176.01,0.0,0,1,0,True,False,False,0,176.01,0.0,0,0,0,0,0.0,High Priority
71dbcb6b-4369-46c1-baa6-03651012d549,2019-11-28 18:41:59+00:00,2019-11-28 18:45:19+00:00,2,"['cart', 'view']",512802261,2,1,1,84.82,3.333333333333333,1,1,0,True,False,True,0,42.41,1.0,0,0,0,0,0.0,High Priority
8dc6e536-abdc-47ed-9d5d-da57cd5f6b94,2019-11-28 18:42:03+00:00,2019-11-28 18:55:14+00:00,2,"['cart', 'view']",578424923,2,1,1,197.99,13.183333333333334,1,1,0,True,False,True,0,98.995,1.0,0,0,0,0,0.01,High Priority
5ee697ed-bd72-4ef7-a02f-8c97cc29bae8,2019-11-28 18:42:50+00:00,2019-11-28 18:47:59+00:00,2,"['cart', 'view']",549351766,2,1,1,17.5,5.15,1,1,0,True,False,True,0,8.75,1.0,0,0,0,0,0.0,High Priority
9679bb69-5948-4208-91e1-1aa62a4b4f2b,2019-11-28 18:47:52+00:00,2019-11-28 18:55:26+00:00,2,"['cart', 'view']",574278991,2,2,2,82.12,7.566666666666666,1,1,0,True,False,True,0,41.06,1.0,0,0,0,0,0.0,High Priority
2243b42f-acb2-4f6e-b140-91b4b009744d,2019-11-28 18:52:25+00:00,2019-11-28 18:52:25+00:00,1,['cart'],513996750,1,1,1,258.02,0.0,0,1,0,True,False,False,0,258.02,0.0,0,0,0,0,0.0,High Priority
d0d31114-1112-4004-aecb-240cac941e32,2019-11-28 18:55:59+00:00,2019-11-28 18:55:59+00:00,1,['cart'],557209226,1,1,1,355.87,0.0,0,1,0,True,False,False,0,355.87,0.0,0,0,0,0,0.0,High Priority
cf514acb-f3e4-4ae4-9936-2d6ede6218ba,2019-11-28 18:56:03+00:00,2019-11-28 18:56:03+00:00,1,['cart'],558384308,1,1,1,196.97,0.0,0,1,0,True,False,False,0,196.97,0.0,0,1,1,1,0.0,High Priority
e44d8c6e-026b-45ef-8313-78b0d579652e,2019-11-28 18:58:34+00:00,2019-11-28 18:58:34+00:00,1,['cart'],513666817,1,1,1,40.16,0.0,0,1,0,True,False,False,0,40.16,0.0,0,0,0,0,0.0,High Priority
e35d689a-6a69-4991-ba56-77cf40bb10a0,2019-11-28 18:59:16+00:00,2019-11-28 18:59:16+00:00,1,['cart'],541893687,1,1,1,643.23,0.0,0,1,0,True,False,False,0,643.23,0.0,0,0,0,0,0.0,High Priority
70a831ea-6776-4c1c-b880-e25e9d52cbe2,2019-11-28 19:01:28+00:00,2019-11-28 19:01:28+00:00,1,['cart'],514619967,1,1,1,916.37,0.0,0,1,0,True,False,False,0,916.37,0.0,0,0,0,0,0.0,High Priority
46b9a684-567e-4547-9280-2daf591848e1,2019-11-28 19:05:57+00:00,2019-11-28 19:05:57+00:00,1,['cart'],513056577,1,1,1,237.54,0.0,0,1,0,True,False,False,0,237.54,0.0,0,0,0,0,0.0,High Priority
fcdfabeb-fb30-4ce2-9c09-5bc4c719cac5,2019-11-28 19:08:40+00:00,2019-11-28 19:08:40+00:00,1,['cart'],553194504,1,1,1,170.93,0.0,0,1,0,True,False,False,0,170.93,0.0,0,1,1,1,0.0,High Priority
fe6e16a7-9b44-4065-9073-c680509d8a11,2019-11-28 19:11:35+00:00,2019-11-28 19:11:35+00:00,1,['cart'],539768157,1,1,1,161.63,0.0,0,1,0,True,False,False,0,161.63,0.0,0,0,0,0,0.0,High Priority
06476422-0179-4c59-8280-36078b2eb1a2,2019-11-28 19:14:12+00:00,2019-11-28 19:14:12+00:00,1,['cart'],516008809,1,1,1,916.37,0.0,0,1,0,True,False,False,0,916.37,0.0,0,0,0,0,0.0,High Priority
e7b3eafa-e4ac-4d89-ad66-86e5e4869c2e,2019-11-28 19:17:51+00:00,2019-11-28 19:17:51+00:00,1,['cart'],518049865,1,1,0,33.18,0.0,0,1,0,True,False,False,0,33.18,0.0,0,0,0,0,0.0,High Priority
9b6dd9c0-ee9e-45a6-aa5d-962d5dc6bb23,2019-11-28 19:40:54+00:00,2019-11-28 19:40:54+00:00,1,['cart'],544086014,1,1,1,282.63,0.0,0,1,0,True,False,False,0,282.63,0.0,0,0,0,0,0.0,High Priority
cf4c9495-a8bc-4e7c-ae6d-51f07118e244,2019-11-28 19:44:50+00:00,2019-11-28 19:44:50+00:00,1,['cart'],536501090,1,1,1,107.44,0.0,0,1,0,True,False,False,0,107.44,0.0,0,0,0,0,0.0,High Priority
f28f4c7c-cb85-4ce1-b4cd-e9c5c25e2c20,2019-11-28 19:45:03+00:00,2019-11-28 19:45:03+00:00,1,['cart'],557072316,1,1,1,133.26,0.0,0,1,0,True,False,False,0,133.26,0.0,0,0,0,0,0.0,High Priority
9e4c9846-6a89-4c15-a9d3-de211bdd5739,2019-11-28 19:46:48+00:00,2019-11-28 19:46:57+00:00,2,"['cart', 'view']",571668821,1,1,1,82.38,0.15,1,1,0,True,False,True,0,82.38,1.0,0,0,0,0,0.0,High Priority
f8b542bb-7d40-439a-9307-8cc2d1ea5559,2019-11-28 19:48:38+00:00,2019-11-28 19:48:38+00:00,1,['cart'],532407411,1,1,1,511.72,0.0,0,1,0,True,False,False,0,511.72,0.0,0,0,0,0,0.0,High Priority
bf8a35ab-0607-49d5-a201-4fc486cb5ca6,2019-11-28 19:53:54+00:00,2019-11-28 19:53:54+00:00,1,['cart'],545622964,1,1,1,290.1,0.0,0,1,0,True,False,False,0,290.1,0.0,0,0,0,0,0.0,High Priority
e26448b2-8caa-4bed-8f46-4e065229bc5c,2019-11-28 20:01:48+00:00,2019-11-28 20:01:48+00:00,1,['cart'],515103236,1,1,1,11.3,0.0,0,1,0,True,False,False,0,11.3,0.0,0,0,0,0,0.0,High Priority
e8a4e391-060b-4882-8b9b-9ed31fb89bc2,2019-11-28 20:08:41+00:00,2019-11-28 20:08:41+00:00,1,['cart'],512395471,1,1,1,529.68,0.0,0,1,0,True,False,False,0,529.68,0.0,0,0,0,0,0.0,High Priority
656a116c-478c-49f1-a126-fcd82cb5cee2,2019-11-28 20:15:13+00:00,2019-11-28 20:15:13+00:00,1,['cart'],578469179,1,1,1,117.89,0.0,0,1,0,True,False,False,0,117.89,0.0,0,0,0,0,0.0,High Priority
4e778b3d-7e56-453f-8689-5b2e6be0b001,2019-11-28 20:44:54+00:00,2019-11-28 20:44:54+00:00,1,['cart'],575600986,1,1,1,246.24,0.0,0,1,0,True,False,False,0,246.24,0.0,0,0,0,0,0.0,High Priority
523eea8e-a20a-45b7-b725-272deb92d34c,2019-11-28 20:49:12+00:00,2019-11-28 20:49:12+00:00,1,['cart'],512423965,1,1,0,218.54,0.0,0,1,0,True,False,False,0,218.54,0.0,0,0,0,0,0.0,High Priority
eda072da-5986-4faf-8029-6d08a3b0cc02,2019-11-28 20:57:03+00:00,2019-11-28 20:57:03+00:00,1,['cart'],536757882,1,1,1,1002.55,0.0,0,1,0,True,False,False,0,1002.55,0.0,0,0,0,0,0.0,High Priority
037c16ce-b9d2-44b4-ad23-8d01acad20ae,2019-11-28 21:40:01+00:00,2019-11-28 21:40:17+00:00,2,"['cart', 'purchase']",567692658,1,1,1,459.28,0.2666666666666666,0,1,1,True,True,False,1,459.28,0.0,0,0,0,0,0.42,Standard
1a501b10-8a0e-44f3-8b8c-d0052cc6db0a,2019-11-28 21:43:22+00:00,2019-11-28 21:59:24+00:00,2,"['cart', 'view']",572590596,2,2,1,275.58,16.033333333333335,1,1,0,True,False,True,0,137.79,1.0,0,0,0,0,0.0,High Priority
e74369f2-40fb-4de1-9d93-5fcdd1e2e744,2019-11-28 21:54:54+00:00,2019-11-28 21:54:54+00:00,1,['cart'],545249854,1,1,1,42.47,0.0,0,1,0,True,False,False,0,42.47,0.0,0,0,0,0,0.0,High Priority
5340b508-9306-4d8e-ad51-37cd48f36409,2019-11-28 21:59:17+00:00,2019-11-28 21:59:17+00:00,1,['cart'],574269300,1,1,1,33.21,0.0,0,1,0,True,False,False,0,33.21,0.0,0,0,0,0,0.0,High Priority
d538fbe7-cec6-4edb-86d8-c2db0d48cdc1,2019-11-28 22:02:52+00:00,2019-11-28 22:02:52+00:00,1,['cart'],578528008,1,1,1,348.66,0.0,0,1,0,True,False,False,0,348.66,0.0,0,0,0,0,0.0,High Priority
dfebb748-e3ee-4fba-8741-d14dc29890a5,2019-11-28 22:10:37+00:00,2019-11-28 22:10:37+00:00,1,['cart'],578530551,1,1,1,1449.28,0.0,0,1,0,True,False,False,0,1449.28,0.0,0,0,0,0,0.0,High Priority
0470f1a1-8efb-4bfa-893f-9dee5d9c38a2,2019-11-28 22:22:17+00:00,2019-11-28 22:22:17+00:00,1,['cart'],528242203,1,1,1,229.64,0.0,0,1,0,True,False,False,0,229.64,0.0,0,0,0,0,0.0,High Priority
c0e83932-0ee8-41f0-a8d4-f8a5d23f4aac,2019-11-28 22:39:59+00:00,2019-11-28 22:39:59+00:00,1,['cart'],577329601,1,1,1,186.06,0.0,0,1,0,True,False,False,0,186.06,0.0,0,0,0,0,0.0,High Priority
5a184536-fb70-4540-852e-f61bfae2da7a,2019-11-28 22:55:43+00:00,2019-11-28 22:55:43+00:00,1,['cart'],516063046,1,1,1,742.23,0.0,0,1,0,True,False,False,0,742.23,0.0,0,0,0,0,0.0,High Priority
92961c0b-29f1-49cd-b0cf-92da9ce5e566,2019-11-29 00:08:52+00:00,2019-11-29 00:08:52+00:00,1,['cart'],513177685,1,1,1,446.34,0.0,0,1,0,True,False,False,0,446.34,0.0,0,0,0,0,0.0,High Priority
67e4f8fb-e4f6-46e7-a310-1dc5d60ad7ac,2019-11-29 01:17:16+00:00,2019-11-29 01:17:16+00:00,1,['cart'],558601582,1,1,1,149.9,0.0,0,1,0,True,False,False,0,149.9,0.0,0,1,1,1,0.0,High Priority
41c0f640-7bc3-4c5d-a4b2-7ea81f0297d7,2019-11-29 01:24:56+00:00,2019-11-29 01:24:56+00:00,1,['cart'],574244501,1,1,1,43.5,0.0,0,1,0,True,False,False,0,43.5,0.0,0,0,0,0,0.0,High Priority
d54951c0-75c4-45ae-a9f3-97626577a88d,2019-11-29 01:35:53+00:00,2019-11-29 01:35:53+00:00,1,['cart'],513632439,1,1,1,129.93,0.0,0,1,0,True,False,False,0,129.93,0.0,0,0,0,0,0.0,High Priority
57d3fe7f-3136-4135-aba1-4ee2266d395e,2019-11-29 01:53:03+00:00,2019-11-29 01:53:03+00:00,1,['cart'],512905400,1,1,1,795.1,0.0,0,1,0,True,False,False,0,795.1,0.0,0,0,0,0,0.0,High Priority
dc32fbdc-f965-4612-bdfa-e278b274f0a8,2019-11-29 01:57:30+00:00,2019-11-29 01:57:30+00:00,1,['cart'],526497381,1,1,1,437.31,0.0,0,1,0,True,False,False,0,437.31,0.0,0,0,0,0,0.0,High Priority
eab6a823-dd5a-44af-9248-1881536893bb,2019-11-29 01:58:30+00:00,2019-11-29 01:58:30+00:00,1,['cart'],549329944,1,1,1,916.37,0.0,0,1,0,True,False,False,0,916.37,0.0,0,0,0,0,0.0,High Priority
838bba22-b56a-49d9-b44a-407fa924fdf0,2019-11-29 02:00:54+00:00,2019-11-29 02:00:54+00:00,1,['cart'],573923419,1,1,1,746.2,0.0,0,1,0,True,False,False,0,746.2,0.0,0,0,0,0,0.0,High Priority
c32c5cc8-83d2-4f6d-aed5-f53909baf881,2019-11-29 02:08:15+00:00,2019-11-29 02:08:15+00:00,1,['cart'],529179814,1,1,1,197.3,0.0,0,1,0,True,False,False,0,197.3,0.0,0,0,0,0,0.0,High Priority
391e4909-ba65-4e44-873e-34b2f663d9d7,2019-11-29 02:09:30+00:00,2019-11-29 02:09:30+00:00,1,['cart'],551685343,1,1,1,246.24,0.0,0,1,0,True,False,False,0,246.24,0.0,0,0,0,0,0.0,High Priority
d0bd755b-7bdc-4281-bbac-9f84a884c269,2019-11-29 02:10:13+00:00,2019-11-29 02:10:13+00:00,1,['cart'],572716600,1,1,1,272.54,0.0,0,1,0,True,False,False,0,272.54,0.0,0,0,0,0,0.0,High Priority
a9af03c3-9940-4c65-84ba-ad290457a3bc,2019-11-29 02:16:18+00:00,2019-11-29 02:16:18+00:00,1,['cart'],566767988,1,1,1,163.87,0.0,0,1,0,True,False,False,0,163.87,0.0,0,0,0,0,0.0,High Priority
760f6ad9-a4ad-4782-84ba-61b91a1fc12d,2019-11-29 02:16:26+00:00,2019-11-29 02:16:26+00:00,1,['cart'],513266867,1,1,1,196.92,0.0,0,1,0,True,False,False,0,196.92,0.0,0,0,0,0,0.0,High Priority
f79e1ae8-533e-4565-ab98-165926b3f9aa,2019-11-29 02:17:01+00:00,2019-11-29 02:17:01+00:00,1,['cart'],572309884,1,1,1,742.23,0.0,0,1,0,True,False,False,0,742.23,0.0,0,0,0,0,0.0,High Priority
69f80133-e773-46d5-974a-6eaf383937ad,2019-11-29 02:22:28+00:00,2019-11-29 02:22:28+00:00,1,['cart'],568981147,1,1,1,110.66,0.0,0,1,0,True,False,False,0,110.66,0.0,0,0,0,0,0.0,High Priority
27b56acf-5ab6-40a0-bb71-f845705b8da5,2019-11-29 02:23:18+00:00,2019-11-29 02:23:18+00:00,1,['cart'],549799501,1,1,0,9.5,0.0,0,1,0,True,False,False,0,9.5,0.0,0,0,0,0,0.0,High Priority
59bdd7b1-030f-4f5f-9344-c337adc96274,2019-11-29 02:24:17+00:00,2019-11-29 02:24:17+00:00,1,['cart'],535527378,1,1,1,108.11,0.0,0,1,0,True,False,False,0,108.11,0.0,0,0,0,0,0.0,High Priority
339ecbb3-149d-4342-906d-ae7d8574f154,2019-11-29 02:42:39+00:00,2019-11-29 02:42:39+00:00,1,['cart'],516083593,1,1,1,154.41,0.0,0,1,0,True,False,False,0,154.41,0.0,0,0,0,0,0.0,High Priority
1373f930-66f3-496a-8af0-5fb3d3bdc59d,2019-11-29 02:44:43+00:00,2019-11-29 02:44:43+00:00,1,['cart'],512439821,1,1,1,282.86,0.0,0,1,0,True,False,False,0,282.86,0.0,0,0,0,0,0.0,High Priority
f32f73c1-f064-4f06-baae-05eeef74db8d,2019-11-29 02:48:57+00:00,2019-11-29 02:48:57+00:00,1,['cart'],576524711,1,1,1,196.12,0.0,0,1,0,True,False,False,0,196.12,0.0,0,0,0,0,0.0,High Priority
0069699f-29b8-465c-bcc8-52fcb5c3cb88,2019-11-29 02:50:10+00:00,2019-11-29 02:50:10+00:00,1,['cart'],578047179,1,1,1,795.1,0.0,0,1,0,True,False,False,0,795.1,0.0,0,0,0,0,0.0,High Priority
39a9e1e9-6354-474d-b5fa-0d3daa562674,2019-11-29 02:52:11+00:00,2019-11-29 02:52:11+00:00,1,['cart'],514441638,1,1,1,36.55,0.0,0,1,0,True,False,False,0,36.55,0.0,0,0,0,0,0.0,High Priority
f4e7b790-b3e6-4799-95c3-a3b45823fb93,2019-11-29 02:53:15+00:00,2019-11-29 02:58:49+00:00,2,"['cart', 'view']",514582207,2,1,2,20.0,5.566666666666666,1,1,0,True,False,True,0,10.0,1.0,0,0,0,0,0.0,High Priority
025c948e-7a16-4c8b-a98b-7e3c5e82629f,2019-11-29 02:59:47+00:00,2019-11-29 02:59:47+00:00,1,['cart'],513837522,1,1,1,53.54,0.0,0,1,0,True,False,False,0,53.54,0.0,0,0,0,0,0.0,High Priority
8d2cdcb5-a4e9-4f69-b8c8-4c5a60783924,2019-11-29 03:01:54+00:00,2019-11-29 03:01:54+00:00,1,['cart'],512527373,1,1,0,33.95,0.0,0,1,0,True,False,False,0,33.95,0.0,0,0,0,0,0.0,High Priority
76aa2caf-80d3-4417-b6cd-8bf26e7f5b9b,2019-11-29 03:04:10+00:00,2019-11-29 03:04:10+00:00,1,['cart'],512833605,1,1,1,341.21,0.0,0,1,0,True,False,False,0,341.21,0.0,0,0,0,0,0.0,High Priority
f4c7cd32-2edd-4f37-9313-6f0cbedf9dd3,2019-11-29 03:06:35+00:00,2019-11-29 03:06:35+00:00,1,['cart'],528037461,1,1,1,107.83,0.0,0,1,0,True,False,False,0,107.83,0.0,0,0,0,0,0.0,High Priority
9db662c4-9c51-4bc1-b929-d7c24a1e279b,2019-11-29 03:09:24+00:00,2019-11-29 03:09:24+00:00,1,['cart'],514280057,1,1,1,64.33,0.0,0,1,0,True,False,False,0,64.33,0.0,0,0,0,0,0.0,High Priority
f3fb8038-6aef-43d7-b004-45f38219c634,2019-11-29 03:16:06+00:00,2019-11-29 03:16:06+00:00,1,['cart'],513170557,1,1,0,34.41,0.0,0,1,0,True,False,False,0,34.41,0.0,0,0,0,0,0.0,High Priority
4205628b-bfec-45c9-94ae-efc453162a09,2019-11-29 03:17:08+00:00,2019-11-29 03:17:08+00:00,1,['cart'],552596963,1,1,0,22.39,0.0,0,1,0,True,False,False,0,22.39,0.0,0,0,0,0,0.0,High Priority
85b12010-bb07-401d-a2b5-89146c8f1ff8,2019-11-29 03:17:26+00:00,2019-11-29 03:17:26+00:00,1,['cart'],515196029,1,1,1,21.34,0.0,0,1,0,True,False,False,0,21.34,0.0,0,0,0,0,0.0,High Priority
e1f3dd58-f168-4ccb-aad1-8abc3a1c03b3,2019-11-29 03:19:14+00:00,2019-11-29 03:19:14+00:00,1,['cart'],557391758,1,1,1,472.85,0.0,0,1,0,True,False,False,0,472.85,0.0,0,0,0,0,0.0,High Priority
a4de4588-d973-439d-8dd0-e5e501add9e6,2019-11-29 03:20:46+00:00,2019-11-29 03:20:46+00:00,1,['cart'],514410397,1,1,1,1544.16,0.0,0,1,0,True,False,False,0,1544.16,0.0,0,0,0,0,0.0,High Priority
09853640-0706-4249-89f2-b9834cc91cf8,2019-11-29 03:25:44+00:00,2019-11-29 03:25:44+00:00,1,['cart'],560334804,1,1,1,9.51,0.0,0,1,0,True,False,False,0,9.51,0.0,0,0,0,0,0.0,High Priority
a694d17b-98ab-4bc4-b42b-2fa2766644c0,2019-11-29 03:29:27+00:00,2019-11-29 03:29:27+00:00,1,['cart'],559364603,1,1,1,610.01,0.0,0,1,0,True,False,False,0,610.01,0.0,0,0,0,0,0.0,High Priority
e48e3118-a7bc-40df-944f-4673755610d5,2019-11-29 03:32:39+00:00,2019-11-29 03:32:39+00:00,1,['cart'],526619759,1,1,1,190.74,0.0,0,1,0,True,False,False,0,190.74,0.0,0,0,0,0,0.0,High Priority
b6f7e94b-001a-406c-9248-092face4cb48,2019-11-29 03:33:29+00:00,2019-11-29 03:33:29+00:00,1,['cart'],515468894,1,1,1,14.65,0.0,0,1,0,True,False,False,0,14.65,0.0,0,0,0,0,0.0,High Priority
5af57afb-823b-4db7-b46d-ef5f809bdd85,2019-11-29 03:47:06+00:00,2019-11-29 03:47:06+00:00,1,['cart'],515880037,1,1,1,360.11,0.0,0,1,0,True,False,False,0,360.11,0.0,0,0,0,0,0.0,High Priority
a39a3398-b0ef-432c-81e1-610bce11d129,2019-11-29 03:48:17+00:00,2019-11-29 04:02:27+00:00,2,"['cart', 'view']",526513543,2,1,2,163.87,14.166666666666666,1,1,0,True,False,True,0,81.935,1.0,0,0,0,0,0.0,High Priority
444cb9da-5840-4fe8-9d8d-8a970caea113,2019-11-29 03:54:17+00:00,2019-11-29 03:54:58+00:00,2,"['cart', 'view']",512403569,1,1,1,251.06,0.6833333333333333,1,1,0,True,False,True,0,251.06,1.0,0,0,0,0,0.0,High Priority
ca71b131-116e-4056-abc8-144b53d2a3ec,2019-11-29 03:55:35+00:00,2019-11-29 03:55:35+00:00,1,['cart'],574280417,1,1,1,141.29,0.0,0,1,0,True,False,False,0,141.29,0.0,0,0,0,0,0.0,High Priority
0da091f8-9d40-4edd-a92c-51c392db7aeb,2019-11-29 04:01:13+00:00,2019-11-29 04:01:13+00:00,1,['cart'],560478542,1,1,1,229.64,0.0,0,1,0,True,False,False,0,229.64,0.0,0,0,0,0,0.0,High Priority
54f49170-c849-40bb-89bc-076a8ea78768,2019-11-29 04:01:57+00:00,2019-11-29 04:01:57+00:00,1,['cart'],515344283,1,1,1,257.15,0.0,0,1,0,True,False,False,0,257.15,0.0,0,0,0,0,0.0,High Priority
98702a75-2155-482f-9b5e-c43e6e41d510,2019-11-29 04:07:22+00:00,2019-11-29 04:07:22+00:00,1,['cart'],560425139,1,1,1,59.18,0.0,0,1,0,True,False,False,0,59.18,0.0,0,0,0,0,0.0,High Priority
0087951a-2e28-4061-b0f7-06306a6448b0,2019-11-29 04:07:23+00:00,2019-11-29 04:07:23+00:00,1,['cart'],557362889,1,1,1,1106.59,0.0,0,1,0,True,False,False,0,1106.59,0.0,0,0,0,0,0.0,High Priority
0fc115f7-ab6a-4f3e-97aa-6e55d59a6db6,2019-11-29 04:10:22+00:00,2019-11-29 04:10:22+00:00,1,['cart'],538485334,1,1,1,229.64,0.0,0,1,0,True,False,False,0,229.64,0.0,0,0,0,0,0.0,High Priority
c3f378e4-b22c-4d24-8e11-cd447b0a9b76,2019-11-29 04:14:09+00:00,2019-11-29 04:14:09+00:00,1,['cart'],578659128,1,1,1,282.63,0.0,0,1,0,True,False,False,0,282.63,0.0,0,0,0,0,0.0,High Priority
bbb158c0-1307-4b46-9bd7-d84dfbfb9454,2019-11-29 04:15:29+00:00,2019-11-29 04:15:29+00:00,1,['cart'],560452840,1,1,1,916.37,0.0,0,1,0,True,False,False,0,916.37,0.0,0,0,0,0,0.0,High Priority
92a8451f-e069-45d0-9057-33668aa028d7,2019-11-29 04:15:56+00:00,2019-11-29 04:15:56+00:00,1,['cart'],578651788,1,1,1,93.95,0.0,0,1,0,True,False,False,0,93.95,0.0,0,0,0,0,0.0,High Priority
40ac9203-c51b-4c3c-86fc-a7203bd672df,2019-11-29 04:16:20+00:00,2019-11-29 04:16:20+00:00,1,['cart'],512766537,1,1,1,168.62,0.0,0,1,0,True,False,False,0,168.62,0.0,0,0,0,0,0.0,High Priority
3f2f09b6-debe-45fe-86f9-61e8cdd421c3,2019-11-29 04:16:28+00:00,2019-11-29 04:16:28+00:00,1,['cart'],547775874,1,1,0,38.02,0.0,0,1,0,True,False,False,0,38.02,0.0,0,0,0,0,0.0,High Priority
16d63e29-f4ab-4da2-b24b-2a2586c70577,2019-11-29 04:18:00+00:00,2019-11-29 04:18:00+00:00,1,['cart'],512695668,1,1,1,15.19,0.0,0,1,0,True,False,False,0,15.19,0.0,0,0,0,0,0.0,High Priority
8242d034-6a4a-40eb-b9c5-b4ece12d6246,2019-11-29 04:20:11+00:00,2019-11-29 04:20:11+00:00,1,['cart'],516097888,1,1,1,124.7,0.0,0,1,0,True,False,False,0,124.7,0.0,0,0,0,0,0.0,High Priority
683e2426-75dd-4c42-a78f-4299ece38c2e,2019-11-29 04:22:06+00:00,2019-11-29 04:22:06+00:00,1,['cart'],539454766,1,1,1,257.38,0.0,0,1,0,True,False,False,0,257.38,0.0,0,0,0,0,0.0,High Priority
4b689d00-1809-426b-b6a8-0afe5b7a64ee,2019-11-29 04:30:47+00:00,2019-11-29 04:30:47+00:00,1,['cart'],568204336,1,1,1,370.41,0.0,0,1,0,True,False,False,0,370.41,0.0,0,0,0,0,0.0,High Priority
072c5aca-27b3-416f-8a6c-23af181ec6eb,2019-11-29 04:30:59+00:00,2019-11-29 04:30:59+00:00,1,['cart'],565335400,1,1,1,346.73,0.0,0,1,0,True,False,False,0,346.73,0.0,0,0,0,0,0.0,High Priority
cfb28e4f-58b0-4da6-abf8-317147f03523,2019-11-29 04:32:14+00:00,2019-11-29 04:32:14+00:00,1,['cart'],576320787,1,1,1,124.7,0.0,0,1,0,True,False,False,0,124.7,0.0,0,0,0,0,0.0,High Priority
376df6b3-1573-4335-8616-65a03a2a1f6e,2019-11-29 04:35:12+00:00,2019-11-29 04:35:12+00:00,1,['cart'],530901165,1,1,1,43.24,0.0,0,1,0,True,False,False,0,43.24,0.0,0,0,0,0,0.0,High Priority
6831ec20-70b1-452b-8f29-d3e04adc1871,2019-11-29 04:35:16+00:00,2019-11-29 04:35:16+00:00,1,['cart'],572958225,1,1,0,325.62,0.0,0,1,0,True,False,False,0,325.62,0.0,0,0,0,0,0.0,High Priority
396fd4ed-23e7-44cb-8b0e-9d2b1cdfd66c,2019-11-29 04:37:36+00:00,2019-11-29 04:37:36+00:00,1,['cart'],512699972,1,1,1,147.39,0.0,0,1,0,True,False,False,0,147.39,0.0,0,0,0,0,0.0,High Priority
d3264952-a20b-45de-a19d-650597879ba2,2019-11-29 04:38:34+00:00,2019-11-29 04:38:34+00:00,1,['cart'],578668760,1,1,1,1002.55,0.0,0,1,0,True,False,False,0,1002.55,0.0,0,0,0,0,0.0,High Priority
a9e57712-e52b-41a6-884a-a16392c437d8,2019-11-29 04:41:34+00:00,2019-11-29 04:41:34+00:00,1,['cart'],513291795,1,1,1,593.71,0.0,0,1,0,True,False,False,0,593.71,0.0,0,0,0,0,0.0,High Priority
dd3783ce-d67f-48f5-bf9c-a8951afb333e,2019-11-29 04:43:22+00:00,2019-11-29 04:43:22+00:00,1,['cart'],521376238,1,1,1,107.44,0.0,0,1,0,True,False,False,0,107.44,0.0,0,0,0,0,0.0,High Priority
9740d43a-9121-4208-8020-c9a750dd4a4e,2019-11-29 04:44:54+00:00,2019-11-29 04:44:54+00:00,1,['cart'],513275014,1,1,1,348.66,0.0,0,1,0,True,False,False,0,348.66,0.0,0,0,0,0,0.0,High Priority
31e79e7f-daaa-421c-a56a-781301ddeb7f,2019-11-29 04:45:05+00:00,2019-11-29 04:45:05+00:00,1,['cart'],567741790,1,1,0,23.14,0.0,0,1,0,True,False,False,0,23.14,0.0,0,0,0,0,0.0,High Priority
04af2e0d-8db0-4892-9525-782b6ed008c9,2019-11-29 04:45:21+00:00,2019-11-29 04:45:21+00:00,1,['cart'],513853853,1,1,1,399.24,0.0,0,1,0,True,False,False,0,399.24,0.0,0,0,0,0,0.0,High Priority
8f07ed88-251a-475e-b276-0d89c0dbdcbd,2019-11-29 04:45:28+00:00,2019-11-29 04:45:28+00:00,1,['cart'],564583124,1,1,1,392.16,0.0,0,1,0,True,False,False,0,392.16,0.0,0,0,0,0,0.0,High Priority
25231fbe-fc0b-4895-a549-7eaa73c61332,2019-11-29 04:46:13+00:00,2019-11-29 04:46:13+00:00,1,['cart'],578672585,1,1,1,194.32,0.0,0,1,0,True,False,False,0,194.32,0.0,0,0,0,0,0.0,High Priority
3bf19f9e-f5fd-434a-9ae2-2c40582be25f,2019-11-29 04:46:42+00:00,2019-11-29 04:46:42+00:00,1,['cart'],554188500,1,1,1,509.65,0.0,0,1,0,True,False,False,0,509.65,0.0,0,0,0,0,0.0,High Priority
e79b24f6-d728-4095-a6f5-5fbefcc64821,2019-11-29 04:50:36+00:00,2019-11-29 04:50:36+00:00,1,['cart'],557113188,1,1,1,280.96,0.0,0,1,0,True,False,False,0,280.96,0.0,0,0,0,0,0.0,High Priority
0d145a19-409a-4e35-9161-25fcb22e7c00,2019-11-29 04:51:45+00:00,2019-11-29 04:51:45+00:00,1,['cart'],517991817,1,1,1,720.97,0.0,0,1,0,True,False,False,0,720.97,0.0,0,0,0,0,0.0,High Priority
9542fc0c-dc9a-47d5-9c07-35b37c60c67a,2019-11-29 04:52:03+00:00,2019-11-29 04:52:03+00:00,1,['cart'],578669309,1,1,1,83.66,0.0,0,1,0,True,False,False,0,83.66,0.0,0,0,0,0,0.0,High Priority
b6b64388-68aa-4f57-8bc4-737c7c017cb4,2019-11-29 04:54:40+00:00,2019-11-29 04:54:40+00:00,1,['cart'],578636456,1,1,1,14.13,0.0,0,1,0,True,False,False,0,14.13,0.0,0,0,0,0,0.0,High Priority
49878bce-9df3-4ed4-8dbd-48aab3c8e0c1,2019-11-29 04:57:06+00:00,2019-11-29 04:57:26+00:00,2,"['cart', 'view']",565267153,1,1,1,87.46,0.3333333333333333,1,1,0,True,False,True,0,87.46,1.0,0,0,0,0,0.0,High Priority
ad22be77-b039-4431-bb4e-857573937fb2,2019-11-29 04:59:32+00:00,2019-11-29 04:59:32+00:00,1,['cart'],573752011,1,1,0,13.13,0.0,0,1,0,True,False,False,0,13.13,0.0,0,0,0,0,0.0,High Priority
1ec0ccc0-1059-423f-9fee-569f5b863c80,2019-11-29 05:00:00+00:00,2019-11-29 05:00:00+00:00,1,['cart'],514121220,1,1,1,334.6,0.0,0,1,0,True,False,False,0,334.6,0.0,0,0,0,0,0.0,High Priority
926db164-b131-4e14-afe3-0eb458ea5e96,2019-11-29 05:02:13+00:00,2019-11-29 05:02:13+00:00,1,['cart'],533666497,1,1,1,55.15,0.0,0,1,0,True,False,False,0,55.15,0.0,0,0,0,0,0.0,High Priority
95368541-6bcc-4102-9c54-71a1ddb2d35d,2019-11-29 05:03:58+00:00,2019-11-29 05:03:58+00:00,1,['cart'],553347015,1,1,1,59.2,0.0,0,1,0,True,False,False,0,59.2,0.0,0,0,0,0,0.0,High Priority
3a8a2bd3-1bf3-4c7b-b75f-801082d35b0d,2019-11-29 05:04:03+00:00,2019-11-29 05:04:03+00:00,1,['cart'],518101578,1,1,1,220.03,0.0,0,1,0,True,False,False,0,220.03,0.0,0,0,0,0,0.0,High Priority
6d796fc5-3d89-4829-91f0-b66a1a7db5c3,2019-11-29 05:05:04+00:00,2019-11-29 05:05:04+00:00,1,['cart'],514248920,1,1,1,43.27,0.0,0,1,0,True,False,False,0,43.27,0.0,0,0,0,0,0.0,High Priority
4d93a0c2-93e1-44f3-85f8-e54e80ac49bf,2019-11-29 05:05:22+00:00,2019-11-29 05:05:22+00:00,1,['cart'],537782893,1,1,1,173.21,0.0,0,1,0,True,False,False,0,173.21,0.0,0,0,0,0,0.0,High Priority
9827ba97-6eb8-429e-8267-aa589c55fad0,2019-11-29 05:07:58+00:00,2019-11-29 05:07:58+00:00,1,['cart'],543488682,1,1,1,107.44,0.0,0,1,0,True,False,False,0,107.44,0.0,0,0,0,0,0.0,High Priority
2d2dfd07-3c05-460b-be02-8af8a76d7daa,2019-11-29 05:10:20+00:00,2019-11-29 05:10:20+00:00,1,['cart'],533846372,1,1,1,566.04,0.0,0,1,0,True,False,False,0,566.04,0.0,0,0,0,0,0.0,High Priority
7073e514-82a4-4bdf-8eb5-434cff967a07,2019-11-29 05:19:28+00:00,2019-11-29 05:19:28+00:00,1,['cart'],578687162,1,1,1,179.9,0.0,0,1,0,True,False,False,0,179.9,0.0,0,0,0,0,0.0,High Priority
d3cc764c-e00d-48ec-8fd1-921630ea697a,2019-11-29 05:22:46+00:00,2019-11-29 05:22:46+00:00,1,['cart'],512847969,1,1,1,48.62,0.0,0,1,0,True,False,False,0,48.62,0.0,0,0,0,0,0.0,High Priority
0a560cc6-bcab-4ee9-8a31-fe013137b558,2019-11-29 05:31:42+00:00,2019-11-29 05:31:42+00:00,1,['cart'],569617840,1,1,1,30.87,0.0,0,1,0,True,False,False,0,30.87,0.0,0,0,0,0,0.0,High Priority
7aba9cf2-f658-46d5-9111-dfb34763b890,2019-11-29 05:32:40+00:00,2019-11-29 05:32:40+00:00,1,['cart'],568781419,1,1,1,194.32,0.0,0,1,0,True,False,False,0,194.32,0.0,0,0,0,0,0.0,High Priority
e758d965-e554-4068-ba1e-289e0680f541,2019-11-29 05:33:46+00:00,2019-11-29 05:33:46+00:00,1,['cart'],523516540,1,1,1,256.74,0.0,0,1,0,True,False,False,0,256.74,0.0,0,0,0,0,0.0,High Priority
a4bed424-17b4-4e6e-b0f7-2d1a3bc2995f,2019-11-29 05:34:02+00:00,2019-11-29 05:34:02+00:00,1,['cart'],519980642,1,1,1,282.63,0.0,0,1,0,True,False,False,0,282.63,0.0,0,0,0,0,0.0,High Priority
2347437d-c96c-497e-827e-79ba93d465d4,2019-11-29 05:34:23+00:00,2019-11-29 05:34:23+00:00,1,['cart'],514634142,1,1,1,179.9,0.0,0,1,0,True,False,False,0,179.9,0.0,0,0,0,0,0.0,High Priority
27063f59-5841-4349-9489-96c2173720d9,2019-11-29 05:36:07+00:00,2019-11-29 05:36:07+00:00,1,['cart'],513226212,1,1,1,154.42,0.0,0,1,0,True,False,False,0,154.42,0.0,0,0,0,0,0.0,High Priority
3da9087a-fc44-46f1-85f8-beb08a37c3f9,2019-11-29 05:38:13+00:00,2019-11-29 05:38:13+00:00,1,['cart'],524956639,1,1,1,125.73,0.0,0,1,0,True,False,False,0,125.73,0.0,0,0,0,0,0.0,High Priority
d77d09f9-c444-4f82-810e-2c57f0ae1f95,2019-11-29 05:39:09+00:00,2019-11-29 05:39:09+00:00,1,['cart'],569254256,1,1,0,98.84,0.0,0,1,0,True,False,False,0,98.84,0.0,0,0,0,0,0.0,High Priority
db70183b-9aa2-46c6-bd85-25c1c6fef0bf,2019-11-29 05:39:41+00:00,2019-11-29 05:39:41+00:00,1,['cart'],540313643,1,1,1,461.68,0.0,0,1,0,True,False,False,0,461.68,0.0,0,0,0,0,0.0,High Priority
6e7b2f9a-be25-450c-b974-1eab3cc575fe,2019-11-29 05:40:23+00:00,2019-11-29 05:40:23+00:00,1,['cart'],518780382,1,1,1,38.35,0.0,0,1,0,True,False,False,0,38.35,0.0,0,0,0,0,0.0,High Priority
f335a8d0-a12a-4d30-ac71-750ac0af068d,2019-11-29 05:41:57+00:00,2019-11-29 05:41:57+00:00,1,['cart'],578677956,1,1,0,80.31,0.0,0,1,0,True,False,False,0,80.31,0.0,0,0,0,0,0.0,High Priority
df0a67cc-c9bb-4113-be26-6ac7537b7ac2,2019-11-29 05:42:27+00:00,2019-11-29 05:42:27+00:00,1,['cart'],515929261,1,1,1,916.37,0.0,0,1,0,True,False,False,0,916.37,0.0,0,0,0,0,0.0,High Priority
0720ee6b-90f3-4cd8-aff4-c8b457aaff71,2019-11-29 05:42:42+00:00,2019-11-29 05:42:42+00:00,1,['cart'],578683887,1,1,1,457.93,0.0,0,1,0,True,False,False,0,457.93,0.0,0,0,0,0,0.0,High Priority
f18ed2a7-4b19-49e7-8f79-72227d7aa4ad,2019-11-29 05:43:41+00:00,2019-11-29 05:43:41+00:00,1,['cart'],514210919,1,1,0,92.39,0.0,0,1,0,True,False,False,0,92.39,0.0,0,0,0,0,0.0,High Priority
54375311-a277-4416-884e-fa21192a4727,2019-11-29 05:43:50+00:00,2019-11-29 05:43:50+00:00,1,['cart'],578697742,1,1,1,163.9,0.0,0,1,0,True,False,False,0,163.9,0.0,0,0,0,0,0.0,High Priority
7fef6a16-b11f-4dce-8250-f8dd0a55e87d,2019-11-29 05:44:01+00:00,2019-11-29 05:44:01+00:00,1,['cart'],512887956,1,1,1,125.73,0.0,0,1,0,True,False,False,0,125.73,0.0,0,0,0,0,0.0,High Priority
d77100d4-fef4-4d0e-813c-bb7ecd0154cc,2019-11-29 05:49:47+00:00,2019-11-29 05:49:47+00:00,1,['cart'],548867517,1,1,1,231.64,0.0,0,1,0,True,False,False,0,231.64,0.0,0,0,0,0,0.0,High Priority
786ae376-f18e-4f6f-83be-532c0660d4c0,2019-11-29 05:54:24+00:00,2019-11-29 05:54:24+00:00,1,['cart'],576370913,1,1,1,472.85,0.0,0,1,0,True,False,False,0,472.85,0.0,0,2,2,2,0.0,High Priority
a1de5f12-55c7-4af8-8464-d9aa84d2d4c2,2019-11-29 05:54:49+00:00,2019-11-29 05:54:49+00:00,1,['cart'],514538207,1,1,1,51.46,0.0,0,1,0,True,False,False,0,51.46,0.0,0,0,0,0,0.0,High Priority
8a72d84f-3258-449f-aeb5-1872c0a6ef26,2019-11-29 05:55:19+00:00,2019-11-29 05:55:19+00:00,1,['cart'],515485551,1,1,1,196.13,0.0,0,1,0,True,False,False,0,196.13,0.0,0,0,0,0,0.0,High Priority
e7402192-ab2d-4eb4-9e76-6309eb311abc,2019-11-29 05:56:36+00:00,2019-11-29 05:56:36+00:00,1,['cart'],567307809,1,1,1,348.66,0.0,0,1,0,True,False,False,0,348.66,0.0,0,1,1,1,0.0,High Priority
962b9696-4d28-4238-a1b8-5123765167ae,2019-11-29 05:56:41+00:00,2019-11-29 06:00:14+00:00,4,"['cart', 'cart', 'cart', 'cart']",577628617,1,1,1,498.8,3.55,0,4,0,True,False,False,0,498.8,0.0,0,0,0,0,0.03,High Priority
8160c04f-b8f5-4101-a4c5-42f839f94556,2019-11-29 05:57:44+00:00,2019-11-29 05:57:44+00:00,1,['cart'],578691099,1,1,1,334.6,0.0,0,1,0,True,False,False,0,334.6,0.0,0,0,0,0,0.0,High Priority
61e16bc6-a303-4549-b0bd-44da9ecddf5d,2019-11-29 05:59:53+00:00,2019-11-29 05:59:53+00:00,1,['cart'],524900400,1,1,1,1448.9,0.0,0,1,0,True,False,False,0,1448.9,0.0,0,0,0,0,0.0,High Priority
8c322efd-e368-42ae-9b71-37351e74ec55,2019-11-29 06:00:30+00:00,2019-11-29 06:01:16+00:00,8,"['cart', 'cart', 'cart', 'cart', 'cart', 'cart', 'cart', 'cart']",512875426,1,1,1,148.24,0.7666666666666667,0,8,0,True,False,False,0,148.24,0.0,0,0,0,0,0.02,High Priority
19bec27b-5c59-4de7-8630-e8eabb9b1afc,2019-11-29 06:00:47+00:00,2019-11-29 06:00:47+00:00,1,['cart'],515485995,1,1,1,33.44,0.0,0,1,0,True,False,False,0,33.44,0.0,0,0,0,0,0.0,High Priority
a9b22a20-922a-4257-a9c4-49b0ea3c2bfb,2019-11-29 06:04:03+00:00,2019-11-29 06:04:03+00:00,1,['cart'],525110530,1,1,1,120.72,0.0,0,1,0,True,False,False,0,120.72,0.0,0,0,0,0,0.0,High Priority
85448774-2109-4888-8ec2-8e36cceed54a,2019-11-29 06:04:13+00:00,2019-11-29 06:05:03+00:00,2,"['cart', 'view']",567546828,1,1,0,329.18,0.8333333333333334,1,1,0,True,False,True,0,329.18,1.0,0,0,0,0,0.0,High Priority
f0dc1ce5-83b7-4e54-8c87-1a5453c0822f,2019-11-29 06:07:40+00:00,2019-11-29 06:07:40+00:00,1,['cart'],514611511,1,1,1,28.29,0.0,0,1,0,True,False,False,0,28.29,0.0,0,0,0,0,0.0,High Priority
eaf3e317-ef5f-4a9a-a30c-e823acc5b8dd,2019-11-29 06:07:43+00:00,2019-11-29 06:07:43+00:00,1,['cart'],514901216,1,1,1,175.9,0.0,0,1,0,True,False,False,0,175.9,0.0,0,0,0,0,0.0,High Priority
7aa3948f-33b6-46b4-afec-48f0c4dc10a6,2019-11-29 06:08:51+00:00,2019-11-29 06:08:51+00:00,1,['cart'],575371629,1,1,1,237.33,0.0,0,1,0,True,False,False,0,237.33,0.0,0,0,0,0,0.0,High Priority
ed7cb20c-3375-4de9-8ff2-9ba20514deec,2019-11-29 06:09:41+00:00,2019-11-29 06:09:41+00:00,1,['cart'],565684541,1,1,1,267.45,0.0,0,1,0,True,False,False,0,267.45,0.0,0,0,0,0,0.0,High Priority
ce9c490d-be8e-48e9-b017-a8bba04aab3d,2019-11-29 06:11:32+00:00,2019-11-29 06:11:32+00:00,1,['cart'],514549253,1,1,1,256.74,0.0,0,1,0,True,False,False,0,256.74,0.0,0,0,0,0,0.0,High Priority
faa2e87a-adf9-44b0-abce-54c47c63eb07,2019-11-29 06:12:21+00:00,2019-11-29 06:12:21+00:00,1,['cart'],573819442,1,1,1,348.66,0.0,0,1,0,True,False,False,0,348.66,0.0,0,1,1,1,0.0,High Priority
4bbd6f49-6268-4bde-b109-92d82a412175,2019-11-29 06:13:26+00:00,2019-11-29 06:13:26+00:00,1,['cart'],520570589,1,1,1,379.13,0.0,0,1,0,True,False,False,0,379.13,0.0,0,0,0,0,0.0,High Priority
d4440162-d49a-4caa-a402-7ba70c02ba68,2019-11-29 06:14:13+00:00,2019-11-29 06:14:13+00:00,1,['cart'],544290497,1,1,1,107.85,0.0,0,1,0,True,False,False,0,107.85,0.0,0,0,0,0,0.0,High Priority
f70974af-1fa1-48ed-b141-f7a06c4026d2,2019-11-29 06:14:41+00:00,2019-11-29 06:14:41+00:00,1,['cart'],573625119,1,1,1,257.33,0.0,0,1,0,True,False,False,0,257.33,0.0,0,0,0,0,0.0,High Priority
9c8f58b4-8521-47d8-a7da-aa63913823dc,2019-11-29 06:14:56+00:00,2019-11-29 06:14:56+00:00,1,['cart'],577618581,1,1,1,124.7,0.0,0,1,0,True,False,False,0,124.7,0.0,0,0,0,0,0.0,High Priority
e7408a8d-6ba0-44ed-87df-57c355bd1470,2019-11-29 06:15:30+00:00,2019-11-29 06:15:30+00:00,1,['cart'],544669883,1,1,1,916.37,0.0,0,1,0,True,False,False,0,916.37,0.0,0,0,0,0,0.0,High Priority
8d40134f-9268-4602-995f-d1b84602cc10,2019-11-29 06:17:17+00:00,2019-11-29 06:17:17+00:00,1,['cart'],562669288,1,1,1,69.47,0.0,0,1,0,True,False,False,0,69.47,0.0,0,0,0,0,0.0,High Priority
4b746827-ef6b-4ca0-9c86-b3a09eebb283,2019-11-29 06:17:47+00:00,2019-11-29 06:17:47+00:00,1,['cart'],564008281,1,1,1,153.51,0.0,0,1,0,True,False,False,0,153.51,0.0,0,0,0,0,0.0,High Priority
3b0fefc8-dfae-4d20-857a-18318812b483,2019-11-29 06:17:48+00:00,2019-11-29 06:17:48+00:00,1,['cart'],522917579,1,1,1,501.15,0.0,0,1,0,True,False,False,0,501.15,0.0,0,0,0,0,0.0,High Priority
666220bd-86a8-43df-89a0-eca3e8e51d5c,2019-11-29 06:20:24+00:00,2019-11-29 06:20:24+00:00,1,['cart'],517126771,1,1,1,1003.37,0.0,0,1,0,True,False,False,0,1003.37,0.0,0,0,0,0,0.0,High Priority
0bb59778-6c88-47f1-b7fc-4d5d79f82d3e,2019-11-29 06:22:05+00:00,2019-11-29 06:22:05+00:00,1,['cart'],551799630,1,1,1,246.24,0.0,0,1,0,True,False,False,0,246.24,0.0,0,0,0,0,0.0,High Priority
bb82b48e-c369-4b48-a002-e5eee8771e6d,2019-11-29 06:22:52+00:00,2019-11-29 06:25:10+00:00,2,"['cart', 'cart']",563204381,1,1,1,1181.5,2.3,0,2,0,True,False,False,0,1181.5,0.0,0,0,0,0,0.05,High Priority
a8ccafcc-a97d-4e1a-a5e3-593772702070,2019-11-29 06:23:50+00:00,2019-11-29 06:23:50+00:00,1,['cart'],534729315,1,1,1,8.96,0.0,0,1,0,True,False,False,0,8.96,0.0,0,0,0,0,0.0,High Priority
33b3dc46-7f89-4a73-b0ee-c6bbac22612b,2019-11-29 06:24:28+00:00,2019-11-29 06:24:28+00:00,1,['cart'],570388374,1,1,1,32.18,0.0,0,1,0,True,False,False,0,32.18,0.0,0,0,0,0,0.0,High Priority
d69263dc-4767-4217-9686-eeefe304500d,2019-11-29 06:27:37+00:00,2019-11-29 06:27:37+00:00,1,['cart'],560443258,1,1,1,280.32,0.0,0,1,0,True,False,False,0,280.32,0.0,0,0,0,0,0.0,High Priority
a5f4afae-cf7d-4af8-a6f1-5059f06482e4,2019-11-29 06:28:41+00:00,2019-11-29 06:28:41+00:00,1,['cart'],512898392,1,1,1,17.02,0.0,0,1,0,True,False,False,0,17.02,0.0,0,0,0,0,0.0,High Priority
218ea664-710b-4896-8506-1db27394cd41,2019-11-29 06:30:49+00:00,2019-11-29 06:30:49+00:00,1,['cart'],526007799,1,1,1,124.7,0.0,0,1,0,True,False,False,0,124.7,0.0,0,0,0,0,0.0,High Priority
aa85f047-253a-4c04-b2ec-f02714a20688,2019-11-29 06:32:44+00:00,2019-11-29 06:32:44+00:00,1,['cart'],568165735,1,1,0,78.51,0.0,0,1,0,True,False,False,0,78.51,0.0,0,0,0,0,0.0,High Priority
c1aef658-ab9d-440a-9cb9-d22b7a32d755,2019-11-29 06:33:43+00:00,2019-11-29 06:33:43+00:00,1,['cart'],518370548,1,1,1,348.66,0.0,0,1,0,True,False,False,0,348.66,0.0,0,0,0,0,0.0,High Priority
37e0d1c0-6652-4a84-a148-625473bc31f3,2019-11-29 06:34:20+00:00,2019-11-29 06:35:23+00:00,2,"['cart', 'view']",517387973,2,1,1,1564.52,1.05,1,1,0,True,False,True,0,782.26,1.0,0,0,0,0,0.0,High Priority
c744d28f-0544-4c6b-83e6-a53b4cfc438b,2019-11-29 06:35:26+00:00,2019-11-29 06:35:26+00:00,1,['cart'],523219862,1,1,1,123.3,0.0,0,1,0,True,False,False,0,123.3,0.0,0,0,0,0,0.0,High Priority
9c93fbf4-79af-40c9-be6c-b8ddf78f2e2c,2019-11-29 06:36:50+00:00,2019-11-29 06:39:17+00:00,2,"['cart', 'view']",530730639,1,1,1,1065.66,2.45,1,1,0,True,False,True,0,1065.66,1.0,0,0,0,0,0.0,High Priority
80ac27b3-7706-457a-9b21-48619193140d,2019-11-29 06:41:28+00:00,2019-11-29 06:41:28+00:00,1,['cart'],560823440,1,1,1,446.09,0.0,0,1,0,True,False,False,0,446.09,0.0,0,0,0,0,0.0,High Priority
3e9154b1-12ac-407f-bb21-2ecb44c0426a,2019-11-29 06:42:54+00:00,2019-11-29 06:42:54+00:00,1,['cart'],522256735,1,1,1,514.56,0.0,0,1,0,True,False,False,0,514.56,0.0,0,0,0,0,0.0,High Priority
16213546-7fa5-45b6-aed4-5ca995a7af0a,2019-11-29 06:43:35+00:00,2019-11-29 06:43:35+00:00,1,['cart'],561955168,1,1,1,311.2,0.0,0,1,0,True,False,False,0,311.2,0.0,0,0,0,0,0.0,High Priority
6e6ea7a0-7c5e-4863-b67e-32f28bae363f,2019-11-29 06:45:09+00:00,2019-11-29 06:45:09+00:00,1,['cart'],534475754,1,1,1,73.86,0.0,0,1,0,True,False,False,0,73.86,0.0,0,0,0,0,0.0,High Priority
76dcfe65-6699-4781-a2a9-a8b5277ba6dd,2019-11-29 06:49:53+00:00,2019-11-29 06:49:53+00:00,1,['cart'],539356511,1,1,1,331.8,0.0,0,1,0,True,False,False,0,331.8,0.0,0,0,0,0,0.0,High Priority
573a860b-3fe0-4e7e-86af-b9cb168e0db6,2019-11-29 06:55:46+00:00,2019-11-29 06:55:46+00:00,1,['cart'],519148784,1,1,1,33.21,0.0,0,1,0,True,False,False,0,33.21,0.0,0,0,0,0,0.0,High Priority
88031e76-5e5c-4fcf-b2e8-7f57a7a423af,2019-11-29 06:57:26+00:00,2019-11-29 06:57:26+00:00,1,['cart'],512685453,1,1,1,32.18,0.0,0,1,0,True,False,False,0,32.18,0.0,0,0,0,0,0.0,High Priority
cf6d1dd0-225c-44ec-98f4-dc47a36e1f3a,2019-11-29 06:57:53+00:00,2019-11-29 06:57:53+00:00,1,['cart'],561193869,1,1,1,44.02,0.0,0,1,0,True,False,False,0,44.02,0.0,0,0,0,0,0.0,High Priority
3ded9a1c-74bc-4bd6-93dc-8c9213be4d63,2019-11-29 06:58:17+00:00,2019-11-29 06:58:17+00:00,1,['cart'],563907320,1,1,1,916.37,0.0,0,1,0,True,False,False,0,916.37,0.0,0,1,1,1,0.0,High Priority
a5c2542e-d00e-4c96-bb9e-c6238f0fcfe5,2019-11-29 06:59:03+00:00,2019-11-29 06:59:03+00:00,1,['cart'],515687512,1,1,1,196.92,0.0,0,1,0,True,False,False,0,196.92,0.0,0,0,0,0,0.0,High Priority
0e0bc64c-0c92-4b91-bc69-03cede7335b9,2019-11-29 07:01:00+00:00,2019-11-29 07:01:00+00:00,1,['cart'],564938817,1,1,1,194.32,0.0,0,1,0,True,False,False,0,194.32,0.0,0,1,1,1,0.0,High Priority
73beec47-48fb-44d0-b90d-9b234a6eb0ce,2019-11-29 07:01:09+00:00,2019-11-29 07:01:09+00:00,1,['cart'],513666341,1,1,1,33.21,0.0,0,1,0,True,False,False,0,33.21,0.0,0,0,0,0,0.0,High Priority
3e7778b4-2cdc-4fab-9682-1ce5d74234ba,2019-11-29 07:03:33+00:00,2019-11-29 07:03:33+00:00,1,['cart'],578735152,1,1,1,82.63,0.0,0,1,0,True,False,False,0,82.63,0.0,0,0,0,0,0.0,High Priority
6433ef90-e24b-4db7-88df-bb4e2b0baf0b,2019-11-29 07:07:33+00:00,2019-11-29 07:07:33+00:00,1,['cart'],515557363,1,1,1,769.65,0.0,0,1,0,True,False,False,0,769.65,0.0,0,0,0,0,0.0,High Priority
d3760116-9e88-406c-badd-1a295c5bdc7b,2019-11-29 07:07:55+00:00,2019-11-29 07:07:55+00:00,1,['cart'],555576133,1,1,1,1002.55,0.0,0,1,0,True,False,False,0,1002.55,0.0,0,0,0,0,0.0,High Priority
471bfb12-74c2-4a7e-8dc5-8379352fa246,2019-11-29 07:07:56+00:00,2019-11-29 07:07:56+00:00,1,['cart'],524438222,1,1,1,93.95,0.0,0,1,0,True,False,False,0,93.95,0.0,0,0,0,0,0.0,High Priority
551823cd-f10b-4e95-8840-9ce701f0997c,2019-11-29 07:08:50+00:00,2019-11-29 07:08:50+00:00,1,['cart'],550546827,1,1,1,184.05,0.0,0,1,0,True,False,False,0,184.05,0.0,0,0,0,0,0.0,High Priority
e789a150-f7fd-4bac-9a72-506b10d67bac,2019-11-29 07:13:07+00:00,2019-11-29 07:13:12+00:00,2,"['cart', 'view']",573467035,1,1,1,138.94,0.0833333333333333,1,1,0,True,False,True,0,138.94,1.0,0,0,0,0,0.0,High Priority
e7872c7e-f919-4f19-9318-d82eb5febc6a,2019-11-29 07:13:31+00:00,2019-11-29 07:13:31+00:00,1,['cart'],535873448,1,1,1,488.49,0.0,0,1,0,True,False,False,0,488.49,0.0,0,0,0,0,0.0,High Priority
45e61261-d118-4559-be26-31c1ed2c4a90,2019-11-29 07:14:12+00:00,2019-11-29 07:14:12+00:00,1,['cart'],521479243,1,1,1,771.94,0.0,0,1,0,True,False,False,0,771.94,0.0,0,0,0,0,0.0,High Priority
eb9d7338-cb81-4b37-8277-f02ba33ee297,2019-11-29 07:17:07+00:00,2019-11-29 07:17:07+00:00,1,['cart'],548178423,1,1,1,43.5,0.0,0,1,0,True,False,False,0,43.5,0.0,0,0,0,0,0.0,High Priority
65ce5838-6d30-4a14-b507-7291749dc79e,2019-11-29 07:17:08+00:00,2019-11-29 07:17:08+00:00,1,['cart'],558836910,1,1,1,179.9,0.0,0,1,0,True,False,False,0,179.9,0.0,0,0,0,0,0.0,High Priority
a05fcd04-7711-4de9-95c0-9542e0832827,2019-11-29 07:18:47+00:00,2019-11-29 07:18:47+00:00,1,['cart'],518632383,1,1,1,281.33,0.0,0,1,0,True,False,False,0,281.33,0.0,0,0,0,0,0.0,High Priority
8a781288-f648-4fc5-a697-fdf019bd664b,2019-11-29 07:19:26+00:00,2019-11-29 07:19:44+00:00,2,"['cart', 'view']",574256760,1,1,1,392.24,0.3,1,1,0,True,False,True,0,392.24,1.0,0,0,0,0,0.0,High Priority
aa0e1514-60b8-4d5e-b0c5-6a222be71670,2019-11-29 07:20:07+00:00,2019-11-29 07:20:07+00:00,1,['cart'],526244792,1,1,1,246.24,0.0,0,1,0,True,False,False,0,246.24,0.0,0,0,0,0,0.0,High Priority
96718fdd-de32-40d7-9ed7-cfc62c752ed4,2019-11-29 07:20:55+00:00,2019-11-29 07:20:55+00:00,1,['cart'],516972926,1,1,1,169.81,0.0,0,1,0,True,False,False,0,169.81,0.0,0,0,0,0,0.0,High Priority
7a936bc6-54d7-49cc-b773-ead70ad9f946,2019-11-29 07:26:54+00:00,2019-11-29 07:26:54+00:00,1,['cart'],571943958,1,1,1,124.7,0.0,0,1,0,True,False,False,0,124.7,0.0,0,0,0,0,0.0,High Priority
503419a2-3e04-4dc7-a8a1-14bc25b91815,2019-11-29 07:31:53+00:00,2019-11-29 07:31:53+00:00,1,['cart'],519489457,1,1,1,51.18,0.0,0,1,0,True,False,False,0,51.18,0.0,0,0,0,0,0.0,High Priority
91b72b8e-04e4-47d7-85d2-3dff1137cfc9,2019-11-29 07:32:51+00:00,2019-11-29 07:32:51+00:00,1,['cart'],575972728,1,1,0,23.94,0.0,0,1,0,True,False,False,0,23.94,0.0,0,0,0,0,0.0,High Priority
eaaf5538-0558-41a6-83f3-b657914ba530,2019-11-29 07:34:50+00:00,2019-11-29 07:34:50+00:00,1,['cart'],545281858,1,1,1,36.55,0.0,0,1,0,True,False,False,0,36.55,0.0,0,0,0,0,0.0,High Priority
45290870-9400-4a17-b9f5-ec9f16dff8ec,2019-11-29 07:34:50+00:00,2019-11-29 07:35:14+00:00,2,"['cart', 'view']",514501061,1,1,1,251.46,0.4,1,1,0,True,False,True,0,251.46,1.0,0,0,0,0,0.0,High Priority
b68f71d1-2a9b-44de-8689-33524ad49283,2019-11-29 07:35:07+00:00,2019-11-29 07:35:07+00:00,1,['cart'],516708897,1,1,0,24.43,0.0,0,1,0,True,False,False,0,24.43,0.0,0,0,0,0,0.0,High Priority
a71fa453-6e07-41dd-adb7-9988f42ee5f6,2019-11-29 07:48:15+00:00,2019-11-29 07:48:15+00:00,1,['cart'],512700255,1,1,1,104.25,0.0,0,1,0,True,False,False,0,104.25,0.0,0,0,0,0,0.0,High Priority
07e32beb-765d-423e-b205-d79516d266f7,2019-11-29 07:59:12+00:00,2019-11-29 07:59:12+00:00,1,['cart'],514248980,1,1,1,163.9,0.0,0,1,0,True,False,False,0,163.9,0.0,0,0,0,0,0.0,High Priority
332b9220-a7b8-41de-b494-1c1e1fbffa45,2019-11-29 08:02:48+00:00,2019-11-29 08:02:48+00:00,1,['cart'],517309852,1,1,1,43.73,0.0,0,1,0,True,False,False,0,43.73,0.0,0,0,0,0,0.0,High Priority
a4fa151c-0673-428c-a010-deeda4acc807,2019-11-29 08:03:22+00:00,2019-11-29 08:03:22+00:00,1,['cart'],515941617,1,1,1,133.26,0.0,0,1,0,True,False,False,0,133.26,0.0,0,0,0,0,0.0,High Priority
539c4e71-151e-462e-9633-b1ce2b0fe8dd,2019-11-29 08:07:38+00:00,2019-11-29 08:07:38+00:00,1,['cart'],515007600,1,1,1,196.97,0.0,0,1,0,True,False,False,0,196.97,0.0,0,0,0,0,0.0,High Priority
cb6760ae-2350-4ad8-9c73-53bf61486dbf,2019-11-29 08:12:16+00:00,2019-11-29 08:12:16+00:00,1,['cart'],519062718,1,1,1,33.44,0.0,0,1,0,True,False,False,0,33.44,0.0,0,0,0,0,0.0,High Priority
b593334c-3206-4aea-af0e-4b5d4f33396c,2019-11-29 08:12:57+00:00,2019-11-29 08:12:57+00:00,1,['cart'],563862572,1,1,1,18.76,0.0,0,1,0,True,False,False,0,18.76,0.0,0,0,0,0,0.0,High Priority
7087695b-8d22-461e-88f7-ec3f25f365f6,2019-11-29 08:13:19+00:00,2019-11-29 08:13:19+00:00,1,['cart'],546783980,1,1,1,460.5,0.0,0,1,0,True,False,False,0,460.5,0.0,0,0,0,0,0.0,High Priority
d23c1778-5795-4b99-8927-0e6579ce1379,2019-11-29 08:14:12+00:00,2019-11-29 08:14:46+00:00,2,"['cart', 'view']",562929381,2,1,1,176.73000000000002,0.5666666666666667,1,1,0,True,False,True,0,88.36500000000001,1.0,0,0,0,0,0.0,High Priority
083e9f40-a919-48af-9f80-eb611ddf57ff,2019-11-29 08:14:59+00:00,2019-11-29 08:14:59+00:00,1,['cart'],512851475,1,1,1,949.49,0.0,0,1,0,True,False,False,0,949.49,0.0,0,1,1,1,0.0,High Priority
3160622e-607d-4502-bd0f-b9dc875c682a,2019-11-29 08:15:13+00:00,2019-11-29 08:15:13+00:00,1,['cart'],516629736,1,1,0,20.34,0.0,0,1,0,True,False,False,0,20.34,0.0,0,0,0,0,0.0,High Priority
0a00df9c-edaa-4ba7-8259-944b6d562ec2,2019-11-29 08:15:21+00:00,2019-11-29 08:15:21+00:00,1,['cart'],554762338,1,1,1,1309.94,0.0,0,1,0,True,False,False,0,1309.94,0.0,0,0,0,0,0.0,High Priority
f17a160c-a668-47a6-8c90-eb036693553f,2019-11-29 08:16:02+00:00,2019-11-29 08:16:02+00:00,1,['cart'],576816899,1,1,1,81.86,0.0,0,1,0,True,False,False,0,81.86,0.0,0,0,0,0,0.0,High Priority
c000f0d6-3c1e-49dd-a398-4b094abb5447,2019-11-29 08:16:04+00:00,2019-11-29 08:16:04+00:00,1,['cart'],513450503,1,1,1,916.37,0.0,0,1,0,True,False,False,0,916.37,0.0,0,0,0,0,0.0,High Priority
e22251d5-2048-456c-abd0-10c9c9595b20,2019-11-29 08:16:21+00:00,2019-11-29 08:16:21+00:00,1,['cart'],542645689,1,1,1,124.32,0.0,0,1,0,True,False,False,0,124.32,0.0,0,0,0,0,0.0,High Priority
8f34afbf-97dc-4481-86c3-1bc516c8a589,2019-11-29 08:16:30+00:00,2019-11-29 08:16:30+00:00,1,['cart'],576813162,1,1,1,124.53,0.0,0,1,0,True,False,False,0,124.53,0.0,0,0,0,0,0.0,High Priority
316dc053-539d-425e-9fc4-e16e606782d1,2019-11-29 08:17:51+00:00,2019-11-29 08:17:51+00:00,1,['cart'],578775371,1,1,1,194.32,0.0,0,1,0,True,False,False,0,194.32,0.0,0,0,0,0,0.0,High Priority
80fbfa1c-1a96-4925-a0fe-3efbf81c7f29,2019-11-29 08:19:07+00:00,2019-11-29 08:19:07+00:00,1,['cart'],578775779,1,1,1,392.16,0.0,0,1,0,True,False,False,0,392.16,0.0,0,0,0,0,0.0,High Priority
9a116394-5522-434e-9d59-969b1648a9a0,2019-11-29 08:19:59+00:00,2019-11-29 08:19:59+00:00,1,['cart'],572469832,1,1,1,137.71,0.0,0,1,0,True,False,False,0,137.71,0.0,0,0,0,0,0.0,High Priority
6df9636d-9e39-4770-856b-829d6ddbcc84,2019-11-29 08:21:12+00:00,2019-11-29 08:21:12+00:00,1,['cart'],565846727,1,1,1,137.7,0.0,0,1,0,True,False,False,0,137.7,0.0,0,0,0,0,0.0,High Priority
de716c7a-7c88-44ec-a2cb-8219c7ba51d6,2019-11-29 08:24:16+00:00,2019-11-29 08:24:16+00:00,1,['cart'],518075264,1,1,1,849.16,0.0,0,1,0,True,False,False,0,849.16,0.0,0,0,0,0,0.0,High Priority
64c9dedc-459e-4bc5-a692-2c33202a1865,2019-11-29 08:24:33+00:00,2019-11-29 08:24:33+00:00,1,['cart'],547329730,1,1,1,240.8,0.0,0,1,0,True,False,False,0,240.8,0.0,0,0,0,0,0.0,High Priority
a4effce5-d532-4c1e-8233-79e0e25763ad,2019-11-29 08:28:11+00:00,2019-11-29 08:28:11+00:00,1,['cart'],512742974,1,1,1,47.59,0.0,0,1,0,True,False,False,0,47.59,0.0,0,0,0,0,0.0,High Priority
06e4976c-c1e0-43a4-9da3-3a45eeac65a5,2019-11-29 08:31:31+00:00,2019-11-29 08:31:31+00:00,1,['cart'],520326298,1,1,1,128.45,0.0,0,1,0,True,False,False,0,128.45,0.0,0,0,0,0,0.0,High Priority
0d40bbeb-7dae-4b29-91ef-6ecac3a21c3a,2019-11-29 08:32:41+00:00,2019-11-29 08:32:41+00:00,1,['cart'],554263228,1,1,1,916.37,0.0,0,1,0,True,False,False,0,916.37,0.0,0,0,0,0,0.0,High Priority
b1f8680f-e99f-448d-a6cf-dba726d5a39c,2019-11-29 08:34:18+00:00,2019-11-29 08:34:18+00:00,1,['cart'],578781695,1,1,1,185.33,0.0,0,1,0,True,False,False,0,185.33,0.0,0,0,0,0,0.0,High Priority
3b2892a9-9ce0-45a3-ad72-44902811b7cc,2019-11-29 08:34:21+00:00,2019-11-29 08:34:21+00:00,1,['cart'],534155301,1,1,1,1309.94,0.0,0,1,0,True,False,False,0,1309.94,0.0,0,0,0,0,0.0,High Priority
2de129bb-a6c4-46dc-821b-2857b4e41bee,2019-11-29 08:34:34+00:00,2019-11-29 08:34:34+00:00,1,['cart'],562273607,1,1,1,111.61,0.0,0,1,0,True,False,False,0,111.61,0.0,0,0,0,0,0.0,High Priority
fde767fa-4774-309d-d6c4-9804fbc51485,2019-11-29 08:38:08+00:00,2019-11-29 08:38:08+00:00,1,['cart'],571493391,1,1,1,51.46,0.0,0,1,0,True,False,False,0,51.46,0.0,0,0,0,0,0.0,High Priority
a11dd46b-5715-4e95-9df3-e212b72154fa,2019-11-29 08:39:53+00:00,2019-11-29 08:39:53+00:00,1,['cart'],577967995,1,1,1,308.29,0.0,0,1,0,True,False,False,0,308.29,0.0,0,0,0,0,0.0,High Priority
1e6bb690-9fec-45ed-b7e9-07f0cbc4e98d,2019-11-29 08:40:46+00:00,2019-11-29 08:40:46+00:00,1,['cart'],530032250,1,1,1,916.37,0.0,0,1,0,True,False,False,0,916.37,0.0,0,0,0,0,0.0,High Priority
10848a81-f209-4be9-be05-81e01f1eb02a,2019-11-29 08:44:00+00:00,2019-11-29 08:44:00+00:00,1,['cart'],577022490,1,1,1,5.89,0.0,0,1,0,True,False,False,0,5.89,0.0,0,0,0,0,0.0,High Priority
de24e0fc-286c-455c-902f-bce13f0cc283,2019-11-29 08:44:01+00:00,2019-11-29 08:44:01+00:00,1,['cart'],578788370,1,1,1,252.31,0.0,0,1,0,True,False,False,0,252.31,0.0,0,0,0,0,0.0,High Priority
178c2ad1-d146-4dae-bc4c-01ae72c54de6,2019-11-29 08:46:21+00:00,2019-11-29 08:46:21+00:00,1,['cart'],556713754,1,1,1,124.53,0.0,0,1,0,True,False,False,0,124.53,0.0,0,0,0,0,0.0,High Priority
c40bc2f7-328f-4e54-a976-2144855d41af,2019-11-29 08:46:57+00:00,2019-11-29 08:46:57+00:00,1,['cart'],530618516,1,1,1,351.1,0.0,0,1,0,True,False,False,0,351.1,0.0,0,0,0,0,0.0,High Priority
14311bfb-4589-4e3f-b6e8-3fd08b85edc1,2019-11-29 08:48:43+00:00,2019-11-29 08:59:11+00:00,2,"['cart', 'view']",517083230,1,1,1,1065.66,10.466666666666669,1,1,0,True,False,True,0,1065.66,1.0,0,0,0,0,0.0,High Priority
4bc8c49e-b7fb-b7a6-e322-0e01d93b6ded,2019-11-29 08:49:41+00:00,2019-11-29 08:49:41+00:00,1,['cart'],541057482,1,1,1,501.92,0.0,0,1,0,True,False,False,0,501.92,0.0,0,0,0,0,0.0,High Priority
26f92d88-565e-4fbe-8b71-f244d744d9c9,2019-11-29 08:53:45+00:00,2019-11-29 08:53:45+00:00,1,['cart'],515851736,1,1,1,15.06,0.0,0,1,0,True,False,False,0,15.06,0.0,0,0,0,0,0.0,High Priority
0f96dc86-ff58-4a58-9fb7-0549eb858fdc,2019-11-29 08:53:49+00:00,2019-11-29 08:53:49+00:00,1,['cart'],574547980,1,1,1,280.3,0.0,0,1,0,True,False,False,0,280.3,0.0,0,0,0,0,0.0,High Priority
68350880-79e7-4293-a533-fdf2bdf85e0d,2019-11-29 08:54:11+00:00,2019-11-29 08:54:11+00:00,1,['cart'],514151254,1,1,1,42.99,0.0,0,1,0,True,False,False,0,42.99,0.0,0,0,0,0,0.0,High Priority
01a3b57e-585d-4df4-80b7-fcdd4f57f98f,2019-11-29 08:56:31+00:00,2019-11-29 08:56:31+00:00,1,['cart'],530246553,1,1,1,64.09,0.0,0,1,0,True,False,False,0,64.09,0.0,0,0,0,0,0.0,High Priority
98022f33-978a-4f3a-8f83-deff428100fe,2019-11-29 08:57:20+00:00,2019-11-29 08:57:20+00:00,1,['cart'],517469485,1,1,0,38.1,0.0,0,1,0,True,False,False,0,38.1,0.0,0,0,0,0,0.0,High Priority
661430c8-7655-4f54-920b-356033449a4b,2019-11-29 09:00:22+00:00,2019-11-29 09:00:22+00:00,1,['cart'],571311629,1,1,1,70.01,0.0,0,1,0,True,False,False,0,70.01,0.0,0,0,0,0,0.0,High Priority
f2f4ab98-53ac-48fd-825f-d66aa21a3003,2019-11-29 09:00:26+00:00,2019-11-29 09:00:26+00:00,1,['cart'],523142288,1,1,1,33.21,0.0,0,1,0,True,False,False,0,33.21,0.0,0,0,0,0,0.0,High Priority
55476199-6cdd-4a33-9ddd-a6d9bfe35a3b,2019-11-29 09:00:53+00:00,2019-11-29 09:00:53+00:00,1,['cart'],572746297,1,1,1,329.48,0.0,0,1,0,True,False,False,0,329.48,0.0,0,0,0,0,0.0,High Priority
e4dd52c5-2fa2-42f3-8071-2be3313d6883,2019-11-29 09:01:08+00:00,2019-11-29 09:01:08+00:00,1,['cart'],567489565,1,1,1,196.32,0.0,0,1,0,True,False,False,0,196.32,0.0,0,0,0,0,0.0,High Priority
0327e5eb-794c-48b1-ae16-9fc3049a0662,2019-11-29 09:01:22+00:00,2019-11-29 09:01:22+00:00,1,['cart'],530947936,1,1,1,514.5,0.0,0,1,0,True,False,False,0,514.5,0.0,0,0,0,0,0.0,High Priority
b2c0745e-f66a-433b-837b-75c57b8b50b1,2019-11-29 09:01:50+00:00,2019-11-29 09:01:50+00:00,1,['cart'],523544253,1,1,1,24.2,0.0,0,1,0,True,False,False,0,24.2,0.0,0,0,0,0,0.0,High Priority
fdebeb45-e16b-4c7b-8e8a-b4bc460308f2,2019-11-29 09:02:51+00:00,2019-11-29 09:05:52+00:00,3,"['cart', 'view', 'view']",520735107,2,1,2,112.70000000000002,3.0166666666666666,2,1,0,True,False,True,0,56.35000000000001,2.0,0,0,0,0,0.0,High Priority
73e4605a-743c-4449-b9bc-a48e3bb33c41,2019-11-29 09:03:14+00:00,2019-11-29 09:03:14+00:00,1,['cart'],569179214,1,1,1,194.32,0.0,0,1,0,True,False,False,0,194.32,0.0,0,0,0,0,0.0,High Priority
bca5253c-ffe7-4982-b157-9718453107db,2019-11-29 09:03:19+00:00,2019-11-29 09:03:19+00:00,1,['cart'],556718525,1,1,1,124.53,0.0,0,1,0,True,False,False,0,124.53,0.0,0,0,0,0,0.0,High Priority
b209b9c3-74f0-41a9-8be6-a01f2ffc8071,2019-11-29 09:04:07+00:00,2019-11-29 09:04:07+00:00,1,['cart'],572927027,1,1,0,32.88,0.0,0,1,0,True,False,False,0,32.88,0.0,0,0,0,0,0.0,High Priority
4790a3d8-105d-4806-add7-a7cc05cc3f6d,2019-11-29 09:07:28+00:00,2019-11-29 09:07:28+00:00,1,['cart'],514262201,1,1,1,194.32,0.0,0,1,0,True,False,False,0,194.32,0.0,0,0,0,0,0.0,High Priority
5e2160eb-7ecb-4cb7-aac4-93d4d3b043dd,2019-11-29 09:07:56+00:00,2019-11-29 09:07:56+00:00,1,['cart'],573997720,1,1,1,124.53,0.0,0,1,0,True,False,False,0,124.53,0.0,0,0,0,0,0.0,High Priority
1fe51950-fac2-4754-871c-a941bf5dba3e,2019-11-29 09:08:13+00:00,2019-11-29 09:08:13+00:00,1,['cart'],512838590,1,1,0,5.05,0.0,0,1,0,True,False,False,0,5.05,0.0,0,0,0,0,0.0,High Priority
379633b1-643a-4a22-b56d-2143a10d0be5,2019-11-29 09:08:54+00:00,2019-11-29 09:08:54+00:00,1,['cart'],575913186,1,1,1,916.37,0.0,0,1,0,True,False,False,0,916.37,0.0,0,0,0,0,0.0,High Priority
cee85f56-dd34-4258-97f4-6f5d0b16139c,2019-11-29 09:09:33+00:00,2019-11-29 09:09:33+00:00,1,['cart'],531758864,1,1,1,243.04,0.0,0,1,0,True,False,False,0,243.04,0.0,0,0,0,0,0.0,High Priority
802594a9-640b-4bf9-90b7-3c2f0372fc7c,2019-11-29 09:15:36+00:00,2019-11-29 09:15:36+00:00,1,['cart'],514473346,1,1,1,153.29,0.0,0,1,0,True,False,False,0,153.29,0.0,0,0,0,0,0.0,High Priority
5f2e3c95-fd49-49b3-85a0-83fdae33a0ad,2019-11-29 09:16:41+00:00,2019-11-29 09:16:41+00:00,1,['cart'],558876341,1,1,1,916.37,0.0,0,1,0,True,False,False,0,916.37,0.0,0,0,0,0,0.0,High Priority
e527ddad-b03a-4ae8-b05a-b736d8e9eb0b,2019-11-29 09:16:48+00:00,2019-11-29 09:16:48+00:00,1,['cart'],578808378,1,1,1,230.89,0.0,0,1,0,True,False,False,0,230.89,0.0,0,0,0,0,0.0,High Priority
78b0b895-c5e2-4fa5-bd2f-e30d023a8875,2019-11-29 09:17:33+00:00,2019-11-29 09:17:33+00:00,1,['cart'],512839097,1,1,1,144.37,0.0,0,1,0,True,False,False,0,144.37,0.0,0,0,0,0,0.0,High Priority
6de19332-9759-4e18-bbe7-358fc9a312a1,2019-11-29 09:20:28+00:00,2019-11-29 09:20:28+00:00,1,['cart'],578807722,1,1,1,128.45,0.0,0,1,0,True,False,False,0,128.45,0.0,0,0,0,0,0.0,High Priority
3269b81d-dfed-4b95-af8d-f1dc2ee2c917,2019-11-29 09:22:25+00:00,2019-11-29 09:22:25+00:00,1,['cart'],512792922,1,1,1,124.32,0.0,0,1,0,True,False,False,0,124.32,0.0,0,0,0,0,0.0,High Priority
34efbab5-f117-4b63-a7ae-90b79752f08c,2019-11-29 09:23:18+00:00,2019-11-29 09:23:18+00:00,1,['cart'],555309496,1,1,1,243.04,0.0,0,1,0,True,False,False,0,243.04,0.0,0,0,0,0,0.0,High Priority
301852f9-5f11-48af-8d0f-2f8a93b0a332,2019-11-29 09:25:26+00:00,2019-11-29 09:25:26+00:00,1,['cart'],578722812,1,1,0,66.64,0.0,0,1,0,True,False,False,0,66.64,0.0,0,0,0,0,0.0,High Priority
9ba9db7c-b21b-44b8-a97c-757cd96f1df6,2019-11-29 09:26:08+00:00,2019-11-29 09:26:08+00:00,1,['cart'],527600739,1,1,1,434.76,0.0,0,1,0,True,False,False,0,434.76,0.0,0,0,0,0,0.0,High Priority
dd2be6dc-ea2a-498e-8f6c-ed28f5bad784,2019-11-29 09:31:07+00:00,2019-11-29 09:31:07+00:00,1,['cart'],528203257,1,1,1,136.4,0.0,0,1,0,True,False,False,0,136.4,0.0,0,0,0,0,0.0,High Priority
b1407e83-2d25-4432-b6af-a44fa951fab7,2019-11-29 09:32:22+00:00,2019-11-29 09:32:22+00:00,1,['cart'],513181364,1,1,1,204.62,0.0,0,1,0,True,False,False,0,204.62,0.0,0,0,0,0,0.0,High Priority
07057105-3839-48a0-b20b-b2823298993b,2019-11-29 09:33:27+00:00,2019-11-29 09:33:27+00:00,1,['cart'],535073612,1,1,1,20.54,0.0,0,1,0,True,False,False,0,20.54,0.0,0,0,0,0,0.0,High Priority
a1c9a47b-1536-46b3-9a8b-38ea295e68e1,2019-11-29 09:34:06+00:00,2019-11-29 09:34:06+00:00,1,['cart'],543957404,1,1,1,124.53,0.0,0,1,0,True,False,False,0,124.53,0.0,0,0,0,0,0.0,High Priority
a3306422-f7d3-472b-9cdf-3ea143f3c67b,2019-11-29 09:34:38+00:00,2019-11-29 09:34:38+00:00,1,['cart'],534435644,1,1,1,30.12,0.0,0,1,0,True,False,False,0,30.12,0.0,0,0,0,0,0.0,High Priority
e2f21171-b8d7-46c7-963d-d4d9250a10ec,2019-11-29 09:34:48+00:00,2019-11-29 09:34:48+00:00,1,['cart'],577489289,1,1,1,565.2,0.0,0,1,0,True,False,False,0,565.2,0.0,0,0,0,0,0.0,High Priority
42940e7a-abe3-4c34-b2bb-59134d57b8e7,2019-11-29 09:35:21+00:00,2019-11-29 09:43:22+00:00,3,"['cart', 'cart', 'cart']",559492788,1,1,1,38.52,8.016666666666667,0,3,0,True,False,False,0,38.52,0.0,0,0,0,0,0.13,High Priority
3fd40f23-c280-45c3-84e3-6b8cde788886,2019-11-29 09:35:27+00:00,2019-11-29 09:35:27+00:00,1,['cart'],555631573,1,1,1,161.51,0.0,0,1,0,True,False,False,0,161.51,0.0,0,0,0,0,0.0,High Priority
b67bae1a-fc47-4708-a86d-e13a56cd4c5c,2019-11-29 09:37:08+00:00,2019-11-29 09:37:08+00:00,1,['cart'],552707659,1,1,1,280.3,0.0,0,1,0,True,False,False,0,280.3,0.0,0,0,0,0,0.0,High Priority
e5f03a89-e347-4acf-9e3f-30f28739091b,2019-11-29 09:42:00+00:00,2019-11-29 09:42:00+00:00,1,['cart'],521142531,1,1,1,295.99,0.0,0,1,0,True,False,False,0,295.99,0.0,0,0,0,0,0.0,High Priority
451d09fe-4ab2-48b7-83ae-18535aba553e,2019-11-29 09:44:49+00:00,2019-11-29 09:44:49+00:00,1,['cart'],512399197,1,1,1,46.33,0.0,0,1,0,True,False,False,0,46.33,0.0,0,0,0,0,0.0,High Priority
fdf72dd6-4a7d-4df4-87db-7964baed6577,2019-11-29 09:45:07+00:00,2019-11-29 09:45:07+00:00,1,['cart'],517403900,1,1,1,472.24,0.0,0,1,0,True,False,False,0,472.24,0.0,0,0,0,0,0.0,High Priority
82a7891b-8032-43c8-928a-b81fec08a07f,2019-11-29 09:45:08+00:00,2019-11-29 09:45:08+00:00,1,['cart'],563356958,1,1,1,411.83,0.0,0,1,0,True,False,False,0,411.83,0.0,0,0,0,0,0.0,High Priority
7b7999e8-6682-44a8-89b1-b89e0bd959e3,2019-11-29 09:47:05+00:00,2019-11-29 09:47:05+00:00,1,['cart'],558093103,1,1,1,16.09,0.0,0,1,0,True,False,False,0,16.09,0.0,0,0,0,0,0.0,High Priority
3ce7c8eb-09f3-40dc-bb5b-cadb0550d0ce,2019-11-29 09:47:50+00:00,2019-11-29 09:47:50+00:00,1,['cart'],523750114,1,1,1,286.7,0.0,0,1,0,True,False,False,0,286.7,0.0,0,0,0,0,0.0,High Priority
c38cb7d1-c751-4b2f-b1b5-37d4857274bb,2019-11-29 09:47:57+00:00,2019-11-29 09:47:57+00:00,1,['cart'],515930708,1,1,1,141.55,0.0,0,1,0,True,False,False,0,141.55,0.0,0,0,0,0,0.0,High Priority
6092763d-80c5-4ef9-875e-cc9b12ae800f,2019-11-29 09:49:20+00:00,2019-11-29 09:49:20+00:00,1,['cart'],559134106,1,1,1,242.99,0.0,0,1,0,True,False,False,0,242.99,0.0,0,0,0,0,0.0,High Priority
6059d51d-2385-47f2-be4b-16b10eb155c1,2019-11-29 09:49:21+00:00,2019-11-29 09:49:21+00:00,1,['cart'],550515989,1,1,1,135.14,0.0,0,1,0,True,False,False,0,135.14,0.0,0,1,1,1,0.0,High Priority
29f6e910-4960-4509-a923-0b975e20e4a0,2019-11-29 09:50:37+00:00,2019-11-29 09:50:37+00:00,1,['cart'],568446066,1,1,1,243.04,0.0,0,1,0,True,False,False,0,243.04,0.0,0,0,0,0,0.0,High Priority
e00d3283-25ee-4bb0-b0af-9f0009aea352,2019-11-29 09:54:22+00:00,2019-11-29 09:54:22+00:00,1,['cart'],578829782,1,1,1,124.53,0.0,0,1,0,True,False,False,0,124.53,0.0,0,0,0,0,0.0,High Priority
06c3da19-897d-4ce1-b300-a6c784185b45,2019-11-29 09:54:47+00:00,2019-11-29 09:54:47+00:00,1,['cart'],530644524,1,1,1,329.48,0.0,0,1,0,True,False,False,0,329.48,0.0,0,0,0,0,0.0,High Priority
57f4e381-1f65-42e1-a186-68561f1a0a8b,2019-11-29 09:56:46+00:00,2019-11-29 09:56:46+00:00,1,['cart'],566222902,1,1,1,738.41,0.0,0,1,0,True,False,False,0,738.41,0.0,0,0,0,0,0.0,High Priority
f134da0e-4d22-4076-a7c9-73db76ee9006,2019-11-29 09:57:03+00:00,2019-11-29 09:57:03+00:00,1,['cart'],543657789,1,1,1,83.66,0.0,0,1,0,True,False,False,0,83.66,0.0,0,0,0,0,0.0,High Priority
86e01682-b349-451a-9554-d1adbb195db1,2019-11-29 09:57:05+00:00,2019-11-29 10:02:41+00:00,2,"['cart', 'cart']",524863718,1,1,1,476.22,5.6,0,2,0,True,False,False,0,476.22,0.0,0,0,0,0,0.03,High Priority
ffb11516-69d6-4176-bb00-f88c65f466a8,2019-11-29 09:57:21+00:00,2019-11-29 09:57:21+00:00,1,['cart'],525187581,1,1,1,124.53,0.0,0,1,0,True,False,False,0,124.53,0.0,0,0,0,0,0.0,High Priority
8b1d3e1e-48a1-48ac-b005-d9cbbda014b5,2019-11-29 09:57:36+00:00,2019-11-29 09:57:36+00:00,1,['cart'],542612341,1,1,1,124.53,0.0,0,1,0,True,False,False,0,124.53,0.0,0,0,0,0,0.0,High Priority
cf94b0eb-176b-43c0-8e8c-256467e702f3,2019-11-29 09:57:55+00:00,2019-11-29 09:57:55+00:00,1,['cart'],529375200,1,1,0,40.28,0.0,0,1,0,True,False,False,0,40.28,0.0,0,0,0,0,0.0,High Priority
3d01d52e-4bf3-4a20-88bf-fbd5aa5e8d9e,2019-11-29 10:00:37+00:00,2019-11-29 10:00:37+00:00,1,['cart'],522360423,1,1,1,115.83,0.0,0,1,0,True,False,False,0,115.83,0.0,0,1,1,1,0.0,High Priority
21ee276b-8a35-47ae-98f7-2f64d267f0ad,2019-11-29 10:02:50+00:00,2019-11-29 10:02:50+00:00,1,['cart'],578835045,1,1,1,128.45,0.0,0,1,0,True,False,False,0,128.45,0.0,0,0,0,0,0.0,High Priority
3dc74c43-5e41-477e-b551-cf8483bf9247,2019-11-29 10:03:52+00:00,2019-11-29 10:03:52+00:00,1,['cart'],576170720,1,1,1,161.51,0.0,0,1,0,True,False,False,0,161.51,0.0,0,0,0,0,0.0,High Priority
3ecffac3-4bf1-474b-8790-92aed60e9ae6,2019-11-29 10:03:56+00:00,2019-11-29 10:03:56+00:00,1,['cart'],518980739,1,1,1,128.45,0.0,0,1,0,True,False,False,0,128.45,0.0,0,0,0,0,0.0,High Priority
102abd67-c331-4dc7-82c6-6766f7e3e41e,2019-11-29 10:04:56+00:00,2019-11-29 10:04:56+00:00,1,['cart'],515602075,1,1,1,170.34,0.0,0,1,0,True,False,False,0,170.34,0.0,0,0,0,0,0.0,High Priority
769a28b1-593a-4e2d-9f85-f589363a1790,2019-11-29 10:06:17+00:00,2019-11-29 10:06:17+00:00,1,['cart'],564575047,1,1,1,477.72,0.0,0,1,0,True,False,False,0,477.72,0.0,0,0,0,0,0.0,High Priority
d890f35d-c13a-4117-bce6-11baa71b847d,2019-11-29 10:07:15+00:00,2019-11-29 10:07:15+00:00,1,['cart'],513446672,1,1,1,180.16,0.0,0,1,0,True,False,False,0,180.16,0.0,0,0,0,0,0.0,High Priority
52e173be-ebbb-4787-aef0-c83462952631,2019-11-29 10:13:22+00:00,2019-11-29 10:13:22+00:00,1,['cart'],514799067,1,1,1,213.65,0.0,0,1,0,True,False,False,0,213.65,0.0,0,0,0,0,0.0,High Priority
fc4333d6-9d97-466f-a0a4-466b197e1f9a,2019-11-29 10:14:26+00:00,2019-11-29 10:20:15+00:00,2,"['cart', 'cart']",576463171,1,1,1,1904.3,5.816666666666666,0,2,0,True,False,False,0,1904.3,0.0,0,0,0,0,0.01,High Priority
0842df13-406f-412a-9910-31fa54014030,2019-11-29 10:15:48+00:00,2019-11-29 10:15:48+00:00,1,['cart'],513602316,1,1,1,161.51,0.0,0,1,0,True,False,False,0,161.51,0.0,0,0,0,0,0.0,High Priority
20d0a108-e00b-4b05-9981-b18787400fae,2019-11-29 10:17:32+00:00,2019-11-29 10:17:32+00:00,1,['cart'],515821353,1,1,1,138.74,0.0,0,1,0,True,False,False,0,138.74,0.0,0,0,0,0,0.0,High Priority
e7324f44-1136-46dc-ad51-21444eab955c,2019-11-29 10:22:10+00:00,2019-11-29 10:22:10+00:00,1,['cart'],548659613,1,1,1,33.44,0.0,0,1,0,True,False,False,0,33.44,0.0,0,0,0,0,0.0,High Priority
cbb64f6d-b03e-40a5-8af7-d4c1e32fee0d,2019-11-29 10:22:48+00:00,2019-11-29 10:22:48+00:00,1,['cart'],576456950,1,1,1,97.55,0.0,0,1,0,True,False,False,0,97.55,0.0,0,0,0,0,0.0,High Priority
a235f318-116d-438a-a480-e80b2d7844c5,2019-11-29 10:22:49+00:00,2019-11-29 10:22:49+00:00,1,['cart'],554044948,1,1,1,46.31,0.0,0,1,0,True,False,False,0,46.31,0.0,0,0,0,0,0.0,High Priority
85d3b62b-5a05-4976-ab2c-eacb352ac57d,2019-11-29 10:23:36+00:00,2019-11-29 10:23:36+00:00,1,['cart'],556032591,1,1,1,398.47,0.0,0,1,0,True,False,False,0,398.47,0.0,0,0,0,0,0.0,High Priority
85995a95-45b7-488b-8c8f-2e59b91c41d7,2019-11-29 10:26:36+00:00,2019-11-29 10:26:36+00:00,1,['cart'],546177026,1,1,1,308.63,0.0,0,1,0,True,False,False,0,308.63,0.0,0,0,0,0,0.0,High Priority
f108b525-bd5a-4b9b-b692-720d6f58b31f,2019-11-29 10:26:52+00:00,2019-11-29 10:26:52+00:00,1,['cart'],536626875,1,1,1,161.51,0.0,0,1,0,True,False,False,0,161.51,0.0,0,0,0,0,0.0,High Priority
d6f12a4b-1fd3-453d-b7ef-9645821b2560,2019-11-29 10:27:57+00:00,2019-11-29 10:27:57+00:00,1,['cart'],533121603,1,1,1,916.37,0.0,0,1,0,True,False,False,0,916.37,0.0,0,0,0,0,0.0,High Priority
ac2af1aa-9f43-41e7-8eff-d75bb001513b,2019-11-29 10:29:49+00:00,2019-11-29 10:29:49+00:00,1,['cart'],578851195,1,1,1,167.29,0.0,0,1,0,True,False,False,0,167.29,0.0,0,0,0,0,0.0,High Priority
8170d3ff-c067-4794-ad56-b7d95c774783,2019-11-29 10:30:05+00:00,2019-11-29 10:30:05+00:00,1,['cart'],578824326,1,1,1,25.71,0.0,0,1,0,True,False,False,0,25.71,0.0,0,0,0,0,0.0,High Priority
f19313d6-fc50-4599-8747-e6a86c0ec4ab,2019-11-29 10:31:40+00:00,2019-11-29 10:31:40+00:00,1,['cart'],516600120,1,1,1,44.26,0.0,0,1,0,True,False,False,0,44.26,0.0,0,0,0,0,0.0,High Priority
04dd566b-3035-4594-bc2d-1e47a0096942,2019-11-29 10:31:42+00:00,2019-11-29 10:31:42+00:00,1,['cart'],574754631,1,1,1,718.17,0.0,0,1,0,True,False,False,0,718.17,0.0,0,0,0,0,0.0,High Priority
b264f181-a718-486e-9a45-24a4784367d3,2019-11-29 10:32:11+00:00,2019-11-29 10:32:11+00:00,1,['cart'],569293490,1,1,1,124.53,0.0,0,1,0,True,False,False,0,124.53,0.0,0,0,0,0,0.0,High Priority
5324ac96-d7ab-49d2-a9b8-a9f1e276cbe2,2019-11-29 10:34:30+00:00,2019-11-29 10:34:30+00:00,1,['cart'],522480497,1,1,1,795.1,0.0,0,1,0,True,False,False,0,795.1,0.0,0,0,0,0,0.0,High Priority
10e4a703-f606-474d-82d7-c108d1ffa5e9,2019-11-29 10:35:37+00:00,2019-11-29 11:24:00+00:00,2,"['cart', 'view']",548534101,2,1,1,1415.23,48.38333333333333,1,1,0,True,False,True,0,707.615,1.0,0,0,0,0,0.0,High Priority
996ab1bb-c1e6-4b90-8df1-71e380e41750,2019-11-29 10:37:32+00:00,2019-11-29 10:37:32+00:00,1,['cart'],522733936,1,1,0,104.22,0.0,0,1,0,True,False,False,0,104.22,0.0,0,0,0,0,0.0,High Priority
ed51b794-f665-42bf-b537-082cfbdd6d54,2019-11-29 10:37:32+00:00,2019-11-29 10:37:32+00:00,1,['cart'],564788176,1,1,1,167.29,0.0,0,1,0,True,False,False,0,167.29,0.0,0,0,0,0,0.0,High Priority
734d761a-c29a-491b-87a4-4610b4863986,2019-11-29 10:38:35+00:00,2019-11-29 10:38:35+00:00,1,['cart'],519211593,1,1,1,243.04,0.0,0,1,0,True,False,False,0,243.04,0.0,0,0,0,0,0.0,High Priority
c4edf6fd-d1de-49af-aa86-f2cd51c8311a,2019-11-29 10:38:39+00:00,2019-11-29 10:38:39+00:00,1,['cart'],514137878,1,1,1,308.63,0.0,0,1,0,True,False,False,0,308.63,0.0,0,0,0,0,0.0,High Priority
f8939538-560e-4745-a428-b17fd2303bd7,2019-11-29 10:40:21+00:00,2019-11-29 10:40:21+00:00,1,['cart'],519102400,1,1,1,1639.37,0.0,0,1,0,True,False,False,0,1639.37,0.0,0,0,0,0,0.0,High Priority
89326256-28db-4dc6-ac9f-4a483c887099,2019-11-29 10:42:03+00:00,2019-11-29 10:42:03+00:00,1,['cart'],562161536,1,1,1,181.21,0.0,0,1,0,True,False,False,0,181.21,0.0,0,0,0,0,0.0,High Priority
ba851ab7-1d17-4deb-bef0-454504706621,2019-11-29 10:45:41+00:00,2019-11-29 10:45:41+00:00,1,['cart'],578818029,1,1,1,190.46,0.0,0,1,0,True,False,False,0,190.46,0.0,0,0,0,0,0.0,High Priority
9fa730be-f82f-466f-b52f-974be755bcfc,2019-11-29 10:45:56+00:00,2019-11-29 10:45:56+00:00,1,['cart'],551734009,1,1,1,6.31,0.0,0,1,0,True,False,False,0,6.31,0.0,0,0,0,0,0.0,High Priority
afcc0ce8-fd44-4df2-95a9-612a8f956791,2019-11-29 10:46:28+00:00,2019-11-29 10:46:28+00:00,1,['cart'],551974322,1,1,1,348.17,0.0,0,1,0,True,False,False,0,348.17,0.0,0,0,0,0,0.0,High Priority
7bc85d94-0a2a-4138-8c51-79839afe7b46,2019-11-29 10:47:16+00:00,2019-11-29 10:48:46+00:00,2,"['cart', 'purchase']",529891659,1,1,1,1904.3,1.5,0,1,1,True,True,False,1,1904.3,0.0,0,0,0,0,0.71,Monitor Only
aaf8f721-829e-4bc5-bfc7-96b087cbf421,2019-11-29 10:50:10+00:00,2019-11-29 10:50:10+00:00,1,['cart'],578858155,1,1,1,200.75,0.0,0,1,0,True,False,False,0,200.75,0.0,0,0,0,0,0.0,High Priority
7e8d47ad-13f7-4bd9-bc0f-d080641574f0,2019-11-29 10:50:41+00:00,2019-11-29 10:51:12+00:00,2,"['cart', 'view']",517872339,2,1,2,852.44,0.5166666666666667,1,1,0,True,False,True,0,426.22,1.0,0,0,0,0,0.0,High Priority
573d6ad1-c7a7-48b3-b3c9-4dae25c2f711,2019-11-29 10:51:16+00:00,2019-11-29 10:51:16+00:00,1,['cart'],577434300,1,1,1,25.48,0.0,0,1,0,True,False,False,0,25.48,0.0,0,0,0,0,0.0,High Priority
994eb749-6383-4516-9663-ca77e5f5651c,2019-11-29 10:52:42+00:00,2019-11-29 10:52:42+00:00,1,['cart'],578833500,1,1,1,532.83,0.0,0,1,0,True,False,False,0,532.83,0.0,0,0,0,0,0.0,High Priority
2efb3c9d-710c-4418-aeab-439dd479a657,2019-11-29 10:53:10+00:00,2019-11-29 10:53:10+00:00,1,['cart'],563295245,1,1,1,48.91,0.0,0,1,0,True,False,False,0,48.91,0.0,0,0,0,0,0.0,High Priority
9dabc0dd-7f10-4133-9e99-dcfd37404989,2019-11-29 10:54:58+00:00,2019-11-29 10:54:58+00:00,1,['cart'],523971837,1,1,1,124.32,0.0,0,1,0,True,False,False,0,124.32,0.0,0,0,0,0,0.0,High Priority
39cd298c-bc25-480e-85d6-c736f7b14f3a,2019-11-29 10:55:00+00:00,2019-11-29 10:55:00+00:00,1,['cart'],575291506,1,1,1,180.16,0.0,0,1,0,True,False,False,0,180.16,0.0,0,0,0,0,0.0,High Priority
d194e017-e685-449f-bd22-1c0f48c6b857,2019-11-29 10:55:20+00:00,2019-11-29 10:55:20+00:00,1,['cart'],517581574,1,1,1,916.37,0.0,0,1,0,True,False,False,0,916.37,0.0,0,0,0,0,0.0,High Priority
211788f9-8250-4ab7-b924-8d9e5dce83bc,2019-11-29 10:57:34+00:00,2019-11-29 10:57:34+00:00,1,['cart'],556811628,1,1,1,818.5,0.0,0,1,0,True,False,False,0,818.5,0.0,0,0,0,0,0.0,High Priority
b53a902f-1bc5-4576-aaea-e9ddc8b387b7,2019-11-29 10:57:40+00:00,2019-11-29 10:57:40+00:00,1,['cart'],575588760,1,1,1,124.53,0.0,0,1,0,True,False,False,0,124.53,0.0,0,0,0,0,0.0,High Priority
f1d3b6e2-17f4-4294-b367-c74cf12bad65,2019-11-29 10:59:09+00:00,2019-11-29 10:59:09+00:00,1,['cart'],539684045,1,1,1,28.42,0.0,0,1,0,True,False,False,0,28.42,0.0,0,0,0,0,0.0,High Priority
4980f5a6-4aaa-48dd-a1c7-0a64a6830319,2019-11-29 10:59:28+00:00,2019-11-29 10:59:28+00:00,1,['cart'],523498548,1,1,1,231.64,0.0,0,1,0,True,False,False,0,231.64,0.0,0,0,0,0,0.0,High Priority
66825f25-0ef8-4033-bc49-10bc3b944408,2019-11-29 10:59:35+00:00,2019-11-29 10:59:35+00:00,1,['cart'],561893545,1,1,1,64.09,0.0,0,1,0,True,False,False,0,64.09,0.0,0,0,0,0,0.0,High Priority
0b9b1462-c7e2-48eb-91c4-0cf33feb0c5c,2019-11-29 11:01:04+00:00,2019-11-29 11:01:04+00:00,1,['cart'],533772593,1,1,1,643.23,0.0,0,1,0,True,False,False,0,643.23,0.0,0,0,0,0,0.0,High Priority
8e58f90f-560f-496d-8410-13264166dfca,2019-11-29 11:02:22+00:00,2019-11-29 11:02:22+00:00,1,['cart'],568826799,1,1,1,242.99,0.0,0,1,0,True,False,False,0,242.99,0.0,0,1,1,1,0.0,High Priority
75671e50-84e2-4335-84a2-da6304e0d5ac,2019-11-29 11:04:26+00:00,2019-11-29 11:04:26+00:00,1,['cart'],513827566,1,1,1,41.19,0.0,0,1,0,True,False,False,0,41.19,0.0,0,0,0,0,0.0,High Priority
d1b11a5d-9db3-4962-b006-d55a42359e71,2019-11-29 11:05:22+00:00,2019-11-29 11:05:22+00:00,1,['cart'],561294570,1,1,1,33.21,0.0,0,1,0,True,False,False,0,33.21,0.0,0,0,0,0,0.0,High Priority
1ddeb2f1-76b6-4dd9-b1b7-2d29778de424,2019-11-29 11:06:14+00:00,2019-11-29 11:06:14+00:00,1,['cart'],572896920,1,1,1,56.07,0.0,0,1,0,True,False,False,0,56.07,0.0,0,0,0,0,0.0,High Priority
39b67dde-7d6e-44ec-b4d7-8ef9a1879cb1,2019-11-29 11:07:04+00:00,2019-11-29 11:07:04+00:00,1,['cart'],543808171,1,1,1,112.46,0.0,0,1,0,True,False,False,0,112.46,0.0,0,0,0,0,0.0,High Priority
42bc84a5-67a3-4d69-9b53-5230656d3adb,2019-11-29 11:08:09+00:00,2019-11-29 11:08:09+00:00,1,['cart'],578186326,1,1,1,44.53,0.0,0,1,0,True,False,False,0,44.53,0.0,0,0,0,0,0.0,High Priority
24e856a3-590d-49c1-80d3-c563775481b2,2019-11-29 11:19:07+00:00,2019-11-29 11:19:07+00:00,1,['cart'],547034657,1,1,1,72.85,0.0,0,1,0,True,False,False,0,72.85,0.0,0,0,0,0,0.0,High Priority
d353a118-6ddb-4adf-871e-962cf63c961b,2019-11-29 11:19:11+00:00,2019-11-29 11:19:11+00:00,1,['cart'],519542624,1,1,1,33.98,0.0,0,1,0,True,False,False,0,33.98,0.0,0,0,0,0,0.0,High Priority
079c3e9e-c164-40a6-851a-43ee2b1ad67c,2019-11-29 11:19:37+00:00,2019-11-29 11:19:37+00:00,1,['cart'],516791528,1,1,1,333.85,0.0,0,1,0,True,False,False,0,333.85,0.0,0,0,0,0,0.0,High Priority
74d2a81b-8c06-4497-b5d8-874b3a7fdb45,2019-11-29 11:19:56+00:00,2019-11-29 11:19:56+00:00,1,['cart'],559775281,1,1,1,17.99,0.0,0,1,0,True,False,False,0,17.99,0.0,0,0,0,0,0.0,High Priority
f91df073-27e8-4c41-97ea-a596ed8d7a96,2019-11-29 11:24:14+00:00,2019-11-29 11:25:30+00:00,2,"['cart', 'cart']",576533186,1,1,1,15.4,1.2666666666666666,0,2,0,True,False,False,0,15.4,0.0,0,0,0,0,0.05,High Priority
6e07c7f4-ac30-42ed-83bf-57d7b15e0973,2019-11-29 11:25:10+00:00,2019-11-29 11:46:05+00:00,2,"['cart', 'view']",578882471,2,2,2,76.53999999999999,20.916666666666668,1,1,0,True,False,True,0,38.27,1.0,0,0,0,0,0.0,High Priority
de00bcc0-cfe7-46df-a6b0-ae8255703b15,2019-11-29 11:25:12+00:00,2019-11-29 11:25:12+00:00,1,['cart'],538071625,1,1,1,84.66,0.0,0,1,0,True,False,False,0,84.66,0.0,0,0,0,0,0.0,High Priority
7e45956a-bf08-400e-b2c1-a3cfa12f6624,2019-11-29 11:25:44+00:00,2019-11-29 11:25:44+00:00,1,['cart'],578808781,1,1,1,170.34,0.0,0,1,0,True,False,False,0,170.34,0.0,0,0,0,0,0.0,High Priority
026dc781-8751-4ced-bf68-d8183e7b0bf3,2019-11-29 11:25:59+00:00,2019-11-29 11:25:59+00:00,1,['cart'],542198790,1,1,0,177.35,0.0,0,1,0,True,False,False,0,177.35,0.0,0,0,0,0,0.0,High Priority
aec50ada-380c-4411-be67-58d0ab16ed2e,2019-11-29 11:26:17+00:00,2019-11-29 11:26:17+00:00,1,['cart'],564598947,1,1,1,154.42,0.0,0,1,0,True,False,False,0,154.42,0.0,0,0,0,0,0.0,High Priority
149006f2-926c-4231-bcf3-bdf663d18a2e,2019-11-29 11:28:32+00:00,2019-11-29 11:28:32+00:00,1,['cart'],519138772,1,1,1,161.51,0.0,0,1,0,True,False,False,0,161.51,0.0,0,0,0,0,0.0,High Priority
df0452e4-46ad-47c2-acaf-977981f58b8b,2019-11-29 11:28:33+00:00,2019-11-29 11:28:33+00:00,1,['cart'],516005759,1,1,1,51.46,0.0,0,1,0,True,False,False,0,51.46,0.0,0,0,0,0,0.0,High Priority
79b78e2c-17a5-4818-b5e2-7b94eebb0e8d,2019-11-29 11:28:37+00:00,2019-11-29 11:28:37+00:00,1,['cart'],557515436,1,1,1,104.25,0.0,0,1,0,True,False,False,0,104.25,0.0,0,0,0,0,0.0,High Priority
6c70dab7-153a-42c4-a990-deac44cdf7d7,2019-11-29 11:28:53+00:00,2019-11-29 11:28:53+00:00,1,['cart'],565307764,1,1,0,5.21,0.0,0,1,0,True,False,False,0,5.21,0.0,0,0,0,0,0.0,High Priority
435a949e-a475-4b1b-af25-e379aeb82c92,2019-11-29 11:29:36+00:00,2019-11-29 11:29:36+00:00,1,['cart'],513664560,1,1,1,916.37,0.0,0,1,0,True,False,False,0,916.37,0.0,0,1,1,1,0.0,High Priority
b5161752-c76b-415b-8807-aea8a62d9624,2019-11-29 11:31:05+00:00,2019-11-29 11:31:05+00:00,1,['cart'],541485620,1,1,1,226.49,0.0,0,1,0,True,False,False,0,226.49,0.0,0,0,0,0,0.0,High Priority
e7e212f7-af51-44e4-8c19-71d1d4b8236c,2019-11-29 11:33:16+00:00,2019-11-29 11:33:16+00:00,1,['cart'],559000158,1,1,1,40.93,0.0,0,1,0,True,False,False,0,40.93,0.0,0,0,0,0,0.0,High Priority
02f01e9b-b6d7-486d-8a2b-7b59949b6c83,2019-11-29 11:33:38+00:00,2019-11-29 11:33:38+00:00,1,['cart'],567379812,1,1,1,62.52,0.0,0,1,0,True,False,False,0,62.52,0.0,0,0,0,0,0.0,High Priority
870a8d42-74f5-12a6-e4e0-8621403956d5,2019-11-29 11:35:16+00:00,2019-11-29 11:35:16+00:00,1,['cart'],512846876,1,1,1,92.41,0.0,0,1,0,True,False,False,0,92.41,0.0,0,0,0,0,0.0,High Priority
81d8613b-1178-40a2-a573-8002550a1d7d,2019-11-29 11:36:02+00:00,2019-11-29 11:36:17+00:00,2,"['cart', 'view']",513985296,1,1,1,35.98,0.25,1,1,0,True,False,True,0,35.98,1.0,0,0,0,0,0.0,High Priority
d32eb4cc-4d12-4324-b66a-acdd743b4bf0,2019-11-29 11:36:54+00:00,2019-11-29 11:36:54+00:00,1,['cart'],578890496,1,1,1,348.17,0.0,0,1,0,True,False,False,0,348.17,0.0,0,0,0,0,0.0,High Priority
9062eb7a-5fa8-4504-bd31-e9b0ab515271,2019-11-29 11:44:40+00:00,2019-11-29 11:44:40+00:00,1,['cart'],552501524,1,1,1,35.26,0.0,0,1,0,True,False,False,0,35.26,0.0,0,0,0,0,0.0,High Priority
2d760112-589a-4976-a816-12887dfc8538,2019-11-29 11:49:50+00:00,2019-11-29 11:49:50+00:00,1,['cart'],513177574,1,1,1,43.5,0.0,0,1,0,True,False,False,0,43.5,0.0,0,0,0,0,0.0,High Priority
4153d6e5-225e-4df1-a9da-b5b396ccf3ac,2019-11-29 11:50:26+00:00,2019-11-29 11:50:26+00:00,1,['cart'],532070245,1,1,1,163.32,0.0,0,1,0,True,False,False,0,163.32,0.0,0,0,0,0,0.0,High Priority
53afd819-1c96-47b4-9f2c-f0d39a4a1ff0,2019-11-29 11:50:44+00:00,2019-11-29 11:50:44+00:00,1,['cart'],559123104,1,1,1,514.5,0.0,0,1,0,True,False,False,0,514.5,0.0,0,0,0,0,0.0,High Priority
c0948b6b-9955-4ad8-80f9-3520441139ce,2019-11-29 11:52:14+00:00,2019-11-29 11:52:14+00:00,1,['cart'],518771783,1,1,1,20.08,0.0,0,1,0,True,False,False,0,20.08,0.0,0,0,0,0,0.0,High Priority
6f0628ec-22ee-42b5-8c91-cbff2b222bc6,2019-11-29 11:53:27+00:00,2019-11-29 12:18:22+00:00,3,"['cart', 'view', 'view']",519444577,3,1,2,837.19,24.916666666666668,2,1,0,True,False,True,0,279.06333333333333,2.0,0,0,0,0,0.0,High Priority
a264b56a-d25b-4d0c-8cb5-e3b631e65d36,2019-11-29 11:55:32+00:00,2019-11-29 11:55:32+00:00,1,['cart'],543166944,1,1,1,194.32,0.0,0,1,0,True,False,False,0,194.32,0.0,0,0,0,0,0.0,High Priority
6eeb555f-129e-4004-bf46-f22cae00d21b,2019-11-29 11:56:11+00:00,2019-11-29 11:56:11+00:00,1,['cart'],557912955,1,1,1,38.1,0.0,0,1,0,True,False,False,0,38.1,0.0,0,0,0,0,0.0,High Priority
4ecd79b1-2abd-434b-ba41-6dd2dab0c9da,2019-11-29 11:56:23+00:00,2019-11-29 11:56:23+00:00,1,['cart'],578893685,1,1,1,466.14,0.0,0,1,0,True,False,False,0,466.14,0.0,0,0,0,0,0.0,High Priority
a6de21f5-26d9-479b-acb4-cf518b304b83,2019-11-29 11:57:40+00:00,2019-11-29 11:57:40+00:00,1,['cart'],567129662,1,1,1,170.34,0.0,0,1,0,True,False,False,0,170.34,0.0,0,0,0,0,0.0,High Priority
f4226b17-a7dc-409a-af89-055bfe86f90a,2019-11-29 11:58:39+00:00,2019-11-29 11:58:39+00:00,1,['cart'],512437367,1,1,1,168.26,0.0,0,1,0,True,False,False,0,168.26,0.0,0,0,0,0,0.0,High Priority
7c846774-57a2-4cd0-ae4f-526f5737a679,2019-11-29 12:01:01+00:00,2019-11-29 12:01:01+00:00,1,['cart'],513276803,1,1,1,43.73,0.0,0,1,0,True,False,False,0,43.73,0.0,0,0,0,0,0.0,High Priority
c6ce71d9-73f0-4936-963a-2f9113e92a0e,2019-11-29 12:01:06+00:00,2019-11-29 12:01:06+00:00,1,['cart'],578901701,1,1,1,154.42,0.0,0,1,0,True,False,False,0,154.42,0.0,0,0,0,0,0.0,High Priority
cd467e4c-58e9-43da-8e18-7be132e49bc0,2019-11-29 12:02:56+00:00,2019-11-29 12:07:07+00:00,2,"['cart', 'view']",568035531,2,1,2,82.0,4.183333333333334,1,1,0,True,False,True,0,41.0,1.0,0,0,0,0,0.0,High Priority
3f78f47b-0671-4594-8cc9-d9432ea5f52a,2019-11-29 12:05:02+00:00,2019-11-29 12:05:02+00:00,1,['cart'],578888356,1,1,1,231.64,0.0,0,1,0,True,False,False,0,231.64,0.0,0,0,0,0,0.0,High Priority
452218ae-56d0-438b-9b01-1752d8ab48d5,2019-11-29 12:05:03+00:00,2019-11-29 12:05:03+00:00,1,['cart'],532665381,1,1,1,194.32,0.0,0,1,0,True,False,False,0,194.32,0.0,0,0,0,0,0.0,High Priority
144da6f1-a3e9-4d35-9479-2c237807b92b,2019-11-29 12:05:53+00:00,2019-11-29 12:05:53+00:00,1,['cart'],518522427,1,1,1,282.84,0.0,0,1,0,True,False,False,0,282.84,0.0,0,0,0,0,0.0,High Priority
5e8c49e8-b8c4-417e-9ee6-7af493f659c7,2019-11-29 12:07:16+00:00,2019-11-29 12:08:57+00:00,2,"['cart', 'purchase']",539572098,1,1,1,1832.74,1.6833333333333331,0,1,1,True,True,False,1,1832.74,0.0,0,0,0,0,0.77,Monitor Only
081a33c7-4c6f-49cb-a755-17f710b320d7,2019-11-29 12:09:11+00:00,2019-11-29 12:09:11+00:00,1,['cart'],560209795,1,1,1,243.04,0.0,0,1,0,True,False,False,0,243.04,0.0,0,0,0,0,0.0,High Priority
c84d8162-fd75-42a5-81c2-0907b958b102,2019-11-29 12:10:39+00:00,2019-11-29 12:10:39+00:00,1,['cart'],518640348,1,1,1,488.74,0.0,0,1,0,True,False,False,0,488.74,0.0,0,0,0,0,0.0,High Priority
5da9626e-9426-4b19-9d87-96254bdc3783,2019-11-29 12:11:23+00:00,2019-11-29 12:11:33+00:00,2,"['cart', 'view']",565716857,1,1,1,773.38,0.1666666666666666,1,1,0,True,False,True,0,773.38,1.0,0,0,0,0,0.0,High Priority
647ac987-a631-42d3-b4b8-46f1b8574358,2019-11-29 12:11:24+00:00,2019-11-29 12:11:24+00:00,1,['cart'],530773672,1,1,1,424.21,0.0,0,1,0,True,False,False,0,424.21,0.0,0,0,0,0,0.0,High Priority
6d9f4df0-34e9-4221-8078-a7b8c0b34859,2019-11-29 12:18:03+00:00,2019-11-29 12:18:03+00:00,1,['cart'],571670312,1,1,1,100.36,0.0,0,1,0,True,False,False,0,100.36,0.0,0,0,0,0,0.0,High Priority
181fab07-d754-4bbc-ab69-f44c887344ea,2019-11-29 12:18:34+00:00,2019-11-29 12:18:34+00:00,1,['cart'],540567405,1,1,1,295.99,0.0,0,1,0,True,False,False,0,295.99,0.0,0,0,0,0,0.0,High Priority
04b6a3e2-48ef-4596-b0fc-9cf0f948b41b,2019-11-29 12:19:45+00:00,2019-11-29 12:19:45+00:00,1,['cart'],535466761,1,1,1,952.15,0.0,0,1,0,True,False,False,0,952.15,0.0,0,1,1,1,0.0,High Priority
9b906d21-eaae-43ea-8149-caf83a161338,2019-11-29 12:20:59+00:00,2019-11-29 12:20:59+00:00,1,['cart'],564394038,1,1,1,23.14,0.0,0,1,0,True,False,False,0,23.14,0.0,0,0,0,0,0.0,High Priority
3560e6d6-90b0-4576-a80d-fa443a36870d,2019-11-29 12:22:10+00:00,2019-11-29 12:22:10+00:00,1,['cart'],544564273,1,1,1,196.32,0.0,0,1,0,True,False,False,0,196.32,0.0,0,0,0,0,0.0,High Priority
8c63ce1a-3fde-4cce-9d41-578c1a8d660b,2019-11-29 12:22:31+00:00,2019-11-29 12:22:31+00:00,1,['cart'],520511544,1,1,1,229.06,0.0,0,1,0,True,False,False,0,229.06,0.0,0,0,0,0,0.0,High Priority
8fa38204-92f4-423c-a48e-771beac7934c,2019-11-29 12:31:50+00:00,2019-11-29 12:31:50+00:00,1,['cart'],512369878,1,1,1,643.49,0.0,0,1,0,True,False,False,0,643.49,0.0,0,0,0,0,0.0,High Priority
669031cc-d6c3-4d34-adcc-1cf9b5b33a42,2019-11-29 12:31:58+00:00,2019-11-29 12:31:58+00:00,1,['cart'],513231375,1,1,1,28.06,0.0,0,1,0,True,False,False,0,28.06,0.0,0,0,0,0,0.0,High Priority
26e2ec72-4359-472f-8e62-a9b6ffbbac37,2019-11-29 12:32:09+00:00,2019-11-29 12:32:09+00:00,1,['cart'],578925466,1,1,1,167.03,0.0,0,1,0,True,False,False,0,167.03,0.0,0,0,0,0,0.0,High Priority
ab3c7868-d8e0-4d52-a043-0deaa4a61665,2019-11-29 12:32:15+00:00,2019-11-29 12:32:15+00:00,1,['cart'],547828099,1,1,1,411.83,0.0,0,1,0,True,False,False,0,411.83,0.0,0,0,0,0,0.0,High Priority
c05a89de-7046-415a-b9b4-7e501f25d475,2019-11-29 12:33:23+00:00,2019-11-29 12:33:23+00:00,1,['cart'],578890870,1,1,1,463.31,0.0,0,1,0,True,False,False,0,463.31,0.0,0,0,0,0,0.0,High Priority
1dd7fc68-715c-411d-b4d0-3240da344904,2019-11-29 12:33:42+00:00,2019-11-29 12:33:42+00:00,1,['cart'],529656121,1,1,1,32.18,0.0,0,1,0,True,False,False,0,32.18,0.0,0,0,0,0,0.0,High Priority
a7ead305-2362-4241-bd1f-d3c5d9cf3691,2019-11-29 12:33:43+00:00,2019-11-29 12:34:01+00:00,2,"['cart', 'cart']",523379909,1,1,1,94.86,0.3,0,2,0,True,False,False,0,94.86,0.0,0,1,1,1,0.0,High Priority
efda26bf-d89e-4ddf-80ac-704da6b92854,2019-11-29 12:40:58+00:00,2019-11-29 12:40:58+00:00,1,['cart'],551699638,1,1,1,71.3,0.0,0,1,0,True,False,False,0,71.3,0.0,0,0,0,0,0.0,High Priority
8296d539-0039-4d41-b118-5b93793e28a3,2019-11-29 12:41:38+00:00,2019-11-29 12:41:38+00:00,1,['cart'],513274524,1,1,1,82.23,0.0,0,1,0,True,False,False,0,82.23,0.0,0,0,0,0,0.0,High Priority
1e4036ff-4a29-4741-8c72-f5fa8b3a78cf,2019-11-29 12:41:49+00:00,2019-11-29 12:41:49+00:00,1,['cart'],527577193,1,1,1,689.55,0.0,0,1,0,True,False,False,0,689.55,0.0,0,0,0,0,0.0,High Priority
12205bb5-2aaa-40e9-8bb5-c6ad49796ce6,2019-11-29 12:42:14+00:00,2019-11-29 12:42:14+00:00,1,['cart'],578932025,1,1,1,124.26,0.0,0,1,0,True,False,False,0,124.26,0.0,0,0,0,0,0.0,High Priority
61fea171-0330-4394-b22e-99fd5c3cd946,2019-11-29 12:42:34+00:00,2019-11-29 12:42:34+00:00,1,['cart'],513184869,1,1,1,76.96,0.0,0,1,0,True,False,False,0,76.96,0.0,0,0,0,0,0.0,High Priority
cb20389f-27c7-49b6-9c43-a1e079767913,2019-11-29 12:43:37+00:00,2019-11-29 12:43:37+00:00,1,['cart'],514774889,1,1,1,146.72,0.0,0,1,0,True,False,False,0,146.72,0.0,0,0,0,0,0.0,High Priority
8018ca69-fda5-4104-8e56-fd997e722fbe,2019-11-29 12:43:50+00:00,2019-11-29 12:43:50+00:00,1,['cart'],542167968,1,1,1,23.16,0.0,0,1,0,True,False,False,0,23.16,0.0,0,0,0,0,0.0,High Priority
1535f270-b882-4a70-a2c0-88feb6aa4c86,2019-11-29 12:43:53+00:00,2019-11-29 12:43:53+00:00,1,['cart'],562130324,1,1,1,795.0,0.0,0,1,0,True,False,False,0,795.0,0.0,0,0,0,0,0.0,High Priority
79921814-f2b7-4e38-a4f9-e4e3efec6bbc,2019-11-29 12:48:41+00:00,2019-11-29 12:48:41+00:00,1,['cart'],512688868,1,1,1,242.99,0.0,0,1,0,True,False,False,0,242.99,0.0,0,0,0,0,0.0,High Priority
4653ffbe-d171-461e-8c49-0511f35b0c45,2019-11-29 12:49:21+00:00,2019-11-29 12:49:21+00:00,1,['cart'],573501485,1,1,0,2522.59,0.0,0,1,0,True,False,False,0,2522.59,0.0,0,0,0,0,0.0,High Priority
a1175c49-23ad-4240-9ce0-3c847c2f62ea,2019-11-29 12:52:22+00:00,2019-11-29 12:56:44+00:00,2,"['cart', 'purchase']",575463807,1,1,1,572.48,4.366666666666666,0,1,1,True,True,False,1,572.48,0.0,0,0,0,0,0.52,Standard
128589ae-d72f-42ef-a00b-3e70ee5eec83,2019-11-29 12:52:51+00:00,2019-11-29 12:52:51+00:00,1,['cart'],563438511,1,1,1,102.71,0.0,0,1,0,True,False,False,0,102.71,0.0,0,0,0,0,0.0,High Priority
eb42c2f3-8a44-4464-8185-8a17fcb724ba,2019-11-29 12:53:48+00:00,2019-11-29 12:53:48+00:00,1,['cart'],577430349,1,1,1,118.12,0.0,0,1,0,True,False,False,0,118.12,0.0,0,0,0,0,0.0,High Priority
dc54181d-7108-47db-a522-76fa0e7ba5c4,2019-11-29 12:54:09+00:00,2019-11-29 12:54:09+00:00,1,['cart'],569547092,1,1,1,87.26,0.0,0,1,0,True,False,False,0,87.26,0.0,0,0,0,0,0.0,High Priority
510cd91e-14c7-4287-b123-2bee34ba9197,2019-11-29 12:55:53+00:00,2019-11-29 12:55:53+00:00,1,['cart'],508753996,1,1,1,28.29,0.0,0,1,0,True,False,False,0,28.29,0.0,0,0,0,0,0.0,High Priority
663ebe44-e050-4191-8451-fd59c3540ec2,2019-11-29 12:56:49+00:00,2019-11-29 12:56:49+00:00,1,['cart'],563152777,1,1,0,282.89,0.0,0,1,0,True,False,False,0,282.89,0.0,0,0,0,0,0.0,High Priority
c30f595b-56a4-4846-a477-105d681976ce,2019-11-29 12:58:18+00:00,2019-11-29 12:58:18+00:00,1,['cart'],556070579,1,1,1,61.52,0.0,0,1,0,True,False,False,0,61.52,0.0,0,0,0,0,0.0,High Priority
a59dcabb-6809-4cb4-b1c5-8248b3c3ce49,2019-11-29 12:58:18+00:00,2019-11-29 12:58:18+00:00,1,['cart'],566977245,1,1,1,71.82,0.0,0,1,0,True,False,False,0,71.82,0.0,0,0,0,0,0.0,High Priority
e6a8326c-443e-42e4-87c3-a25974daecab,2019-11-29 12:59:14+00:00,2019-11-29 12:59:14+00:00,1,['cart'],543845546,1,1,1,179.8,0.0,0,1,0,True,False,False,0,179.8,0.0,0,0,0,0,0.0,High Priority
a856e5fb-657c-4590-9d8b-7d08952976b6,2019-11-29 13:01:11+00:00,2019-11-29 13:01:11+00:00,1,['cart'],578935413,1,1,1,196.14,0.0,0,1,0,True,False,False,0,196.14,0.0,0,0,0,0,0.0,High Priority
47980616-49f9-4315-b76c-1f2f2d73c7cd,2019-11-29 13:02:43+00:00,2019-11-29 13:02:43+00:00,1,['cart'],562125270,1,1,1,47.36,0.0,0,1,0,True,False,False,0,47.36,0.0,0,0,0,0,0.0,High Priority
b90b4ea6-8cae-442b-bf7d-2ab3a8c33e98,2019-11-29 13:05:27+00:00,2019-11-29 13:05:27+00:00,1,['cart'],552162924,1,1,1,25.48,0.0,0,1,0,True,False,False,0,25.48,0.0,0,0,0,0,0.0,High Priority
b4d8aafa-7dc3-4f4d-96dd-fbfda3dc3ab7,2019-11-29 13:05:55+00:00,2019-11-29 13:05:55+00:00,1,['cart'],534909792,1,1,1,461.79,0.0,0,1,0,True,False,False,0,461.79,0.0,0,0,0,0,0.0,High Priority
71ad0602-98fe-43a4-99e7-47f8b4f3308c,2019-11-29 13:06:00+00:00,2019-11-29 13:06:00+00:00,1,['cart'],566798185,1,1,1,167.03,0.0,0,1,0,True,False,False,0,167.03,0.0,0,0,0,0,0.0,High Priority
f76c345d-e35e-424f-8fd4-9cd6f3d00730,2019-11-29 13:07:06+00:00,2019-11-29 13:11:45+00:00,2,"['cart', 'view']",522200879,2,1,1,529.23,4.65,1,1,0,True,False,True,0,264.615,1.0,0,0,0,0,0.0,High Priority
af3fd306-e33f-4375-abcb-027326b2788c,2019-11-29 13:08:51+00:00,2019-11-29 13:08:51+00:00,1,['cart'],577269041,1,1,1,460.49,0.0,0,1,0,True,False,False,0,460.49,0.0,0,0,0,0,0.0,High Priority
ca0a255d-0b4d-4b18-a6bb-c48c46e28d16,2019-11-29 13:10:09+00:00,2019-11-29 13:11:50+00:00,2,"['cart', 'view']",545372373,2,1,1,55.34,1.6833333333333331,1,1,0,True,False,True,0,27.67,1.0,0,0,0,0,0.0,High Priority
8f63ef80-eecb-476a-ba95-320fd9e312d9,2019-11-29 13:10:21+00:00,2019-11-29 13:10:21+00:00,1,['cart'],515889825,1,1,0,76.51,0.0,0,1,0,True,False,False,0,76.51,0.0,0,0,0,0,0.0,High Priority
e7de411c-0be7-4dfc-9b1d-9cf7ecea2dd1,2019-11-29 13:10:25+00:00,2019-11-29 13:10:25+00:00,1,['cart'],544855349,1,1,0,305.8,0.0,0,1,0,True,False,False,0,305.8,0.0,0,0,0,0,0.0,High Priority
5a351b1c-a757-410f-b203-68374686a7e6,2019-11-29 13:16:30+00:00,2019-11-29 13:16:30+00:00,1,['cart'],572288860,1,1,1,32.18,0.0,0,1,0,True,False,False,0,32.18,0.0,0,0,0,0,0.0,High Priority
b3dda7f8-4394-4204-a43c-2dc132421080,2019-11-29 13:19:19+00:00,2019-11-29 13:19:19+00:00,1,['cart'],578958504,1,1,1,43.73,0.0,0,1,0,True,False,False,0,43.73,0.0,0,0,0,0,0.0,High Priority
75420165-95e0-4323-a5a3-6daa7ee40bb0,2019-11-29 13:20:40+00:00,2019-11-29 13:20:40+00:00,1,['cart'],530226788,1,1,1,161.5,0.0,0,1,0,True,False,False,0,161.5,0.0,0,0,0,0,0.0,High Priority
83574014-196d-41a9-b094-06c9023e8804,2019-11-29 13:22:59+00:00,2019-11-29 13:22:59+00:00,1,['cart'],576827897,1,1,1,307.19,0.0,0,1,0,True,False,False,0,307.19,0.0,0,0,0,0,0.0,High Priority
b2d14260-7a88-40a4-bb8d-59624c940ab9,2019-11-29 13:24:44+00:00,2019-11-29 13:24:44+00:00,1,['cart'],578261151,1,1,0,76.82,0.0,0,1,0,True,False,False,0,76.82,0.0,0,0,0,0,0.0,High Priority
534d0337-2d06-4b01-aeea-47bee3100de5,2019-11-29 13:25:55+00:00,2019-11-29 13:25:55+00:00,1,['cart'],517315231,1,1,1,252.23,0.0,0,1,0,True,False,False,0,252.23,0.0,0,0,0,0,0.0,High Priority
0a1b01f4-f3af-42d5-abd3-8c708ab82da2,2019-11-29 13:27:05+00:00,2019-11-29 13:27:05+00:00,1,['cart'],516796627,1,1,1,192.51,0.0,0,1,0,True,False,False,0,192.51,0.0,0,0,0,0,0.0,High Priority
da6a5f55-56a9-40d4-acec-dba1cae757e4,2019-11-29 13:29:36+00:00,2019-11-29 13:29:36+00:00,1,['cart'],578963456,1,1,1,791.35,0.0,0,1,0,True,False,False,0,791.35,0.0,0,0,0,0,0.0,High Priority
faf4b329-2f08-4826-9b71-061e461a1bed,2019-11-29 13:36:32+00:00,2019-11-29 13:36:32+00:00,1,['cart'],566977245,1,1,1,192.54,0.0,0,1,0,True,False,False,0,192.54,0.0,0,1,1,1,0.0,High Priority
c575457f-d10d-46af-9d3f-d1d84960fc50,2019-11-29 13:37:06+00:00,2019-11-29 13:37:06+00:00,1,['cart'],513300431,1,1,1,218.77,0.0,0,1,0,True,False,False,0,218.77,0.0,0,0,0,0,0.0,High Priority
2674c3a0-9a42-425a-8f9c-ce4312127af5,2019-11-29 13:37:49+00:00,2019-11-29 13:37:49+00:00,1,['cart'],559107457,1,1,1,124.53,0.0,0,1,0,True,False,False,0,124.53,0.0,0,0,0,0,0.0,High Priority
e9ae6c64-3f1b-4fc1-b425-191237e11606,2019-11-29 13:37:53+00:00,2019-11-29 13:37:53+00:00,1,['cart'],578308498,1,1,1,169.63,0.0,0,1,0,True,False,False,0,169.63,0.0,0,0,0,0,0.0,High Priority
880f0e12-7cc2-4334-ae66-2ed5389b5473,2019-11-29 13:39:34+00:00,2019-11-29 13:39:34+00:00,1,['cart'],537179779,1,1,1,20.57,0.0,0,1,0,True,False,False,0,20.57,0.0,0,0,0,0,0.0,High Priority
a043a579-5354-4554-901a-33fcf5b330a2,2019-11-29 13:39:53+00:00,2019-11-29 13:39:53+00:00,1,['cart'],513600841,1,1,1,229.59,0.0,0,1,0,True,False,False,0,229.59,0.0,0,0,0,0,0.0,High Priority
1eb3cd08-f9ec-4936-b5f7-8b9c14844347,2019-11-29 13:41:38+00:00,2019-11-29 13:41:38+00:00,1,['cart'],570336093,1,1,1,1001.42,0.0,0,1,0,True,False,False,0,1001.42,0.0,0,0,0,0,0.0,High Priority
afe9a31d-cf9d-449c-8a2d-90cc0786129b,2019-11-29 13:44:45+00:00,2019-11-29 13:44:45+00:00,1,['cart'],518933755,1,1,1,1266.42,0.0,0,1,0,True,False,False,0,1266.42,0.0,0,0,0,0,0.0,High Priority
e4a2d7c3-ee4b-4e59-a850-a9363c02a00b,2019-11-29 13:45:23+00:00,2019-11-29 13:45:23+00:00,1,['cart'],568793072,1,1,1,128.45,0.0,0,1,0,True,False,False,0,128.45,0.0,0,0,0,0,0.0,High Priority
13112d60-eba9-4320-8f2a-9ede3a85c410,2019-11-29 13:46:54+00:00,2019-11-29 13:46:54+00:00,1,['cart'],575848763,1,1,1,117.87,0.0,0,1,0,True,False,False,0,117.87,0.0,0,0,0,0,0.0,High Priority
6fba732b-244b-4e29-b962-e29dabc502c2,2019-11-29 13:50:20+00:00,2019-11-29 13:50:20+00:00,1,['cart'],517621356,1,1,1,73.36,0.0,0,1,0,True,False,False,0,73.36,0.0,0,0,0,0,0.0,High Priority
dc0b9e2f-53ba-41a1-8b71-b96bfabe4649,2019-11-29 13:50:24+00:00,2019-11-29 13:50:24+00:00,1,['cart'],517971429,1,1,1,42.21,0.0,0,1,0,True,False,False,0,42.21,0.0,0,0,0,0,0.0,High Priority
a0189f0a-c1ef-485c-a0dd-7f19b44ed16c,2019-11-29 13:51:10+00:00,2019-11-29 13:51:10+00:00,1,['cart'],519061392,1,1,1,286.24,0.0,0,1,0,True,False,False,0,286.24,0.0,0,0,0,0,0.0,High Priority
25752a68-b4b5-4e62-906f-73e64b14faa2,2019-11-29 13:53:55+00:00,2019-11-29 13:53:55+00:00,1,['cart'],534301314,1,1,1,131.9,0.0,0,1,0,True,False,False,0,131.9,0.0,0,0,0,0,0.0,High Priority
5803de42-b669-49c1-8f9a-6f590b0eccd9,2019-11-29 13:54:00+00:00,2019-11-29 13:54:00+00:00,1,['cart'],574971179,1,1,0,35.75,0.0,0,1,0,True,False,False,0,35.75,0.0,0,0,0,0,0.0,High Priority
beb9b892-5ea2-468c-84b1-d425b61fccec,2019-11-29 13:54:02+00:00,2019-11-29 13:54:02+00:00,1,['cart'],515833481,1,1,0,35.26,0.0,0,1,0,True,False,False,0,35.26,0.0,0,0,0,0,0.0,High Priority
ec8eb536-b6c4-4cf9-b191-9697384c6b9c,2019-11-29 13:55:13+00:00,2019-11-29 13:55:13+00:00,1,['cart'],578982724,1,1,1,329.46,0.0,0,1,0,True,False,False,0,329.46,0.0,0,0,0,0,0.0,High Priority
85d32095-e448-41a7-a2e9-3cb441a05d2d,2019-11-29 13:56:39+00:00,2019-11-29 13:56:39+00:00,1,['cart'],544133561,1,1,1,532.82,0.0,0,1,0,True,False,False,0,532.82,0.0,0,0,0,0,0.0,High Priority
45988406-427c-44ee-b4a8-0adf674b9a74,2019-11-29 13:58:28+00:00,2019-11-29 13:58:28+00:00,1,['cart'],537780650,1,1,1,74.62,0.0,0,1,0,True,False,False,0,74.62,0.0,0,0,0,0,0.0,High Priority
75c4c671-1288-4260-8ab6-09d2db158dc7,2019-11-29 13:58:33+00:00,2019-11-29 13:58:33+00:00,1,['cart'],522812109,1,1,1,946.61,0.0,0,1,0,True,False,False,0,946.61,0.0,0,0,0,0,0.0,High Priority
73a89757-e526-4a61-80dd-040f33b6085b,2019-11-29 13:58:46+00:00,2019-11-29 13:58:46+00:00,1,['cart'],546437552,1,1,1,348.12,0.0,0,1,0,True,False,False,0,348.12,0.0,0,0,0,0,0.0,High Priority
c3aad42f-5e0b-4c61-bd90-4c49be47390d,2019-11-29 14:03:00+00:00,2019-11-29 14:03:00+00:00,1,['cart'],514667925,1,1,1,441.45,0.0,0,1,0,True,False,False,0,441.45,0.0,0,0,0,0,0.0,High Priority
7dd06db6-0b29-405f-bbd6-dbc3ea60ba4f,2019-11-29 14:03:14+00:00,2019-11-29 14:03:14+00:00,1,['cart'],569332606,1,1,1,617.26,0.0,0,1,0,True,False,False,0,617.26,0.0,0,0,0,0,0.0,High Priority
b0282e11-5e67-6381-b64e-27c130a4ebef,2019-11-29 14:03:23+00:00,2019-11-29 14:05:43+00:00,2,"['cart', 'view']",532338811,1,1,1,25.68,2.333333333333333,1,1,0,True,False,True,0,25.68,1.0,0,0,0,0,0.0,High Priority
6d32bdda-72ca-453e-9ebd-5cf9ed66c7bd,2019-11-29 14:04:02+00:00,2019-11-29 14:04:02+00:00,1,['cart'],513537452,1,1,1,591.75,0.0,0,1,0,True,False,False,0,591.75,0.0,0,0,0,0,0.0,High Priority
13c74de6-60b7-4579-a932-ba6927f655d4,2019-11-29 14:04:34+00:00,2019-11-29 14:04:34+00:00,1,['cart'],560815286,1,1,1,196.3,0.0,0,1,0,True,False,False,0,196.3,0.0,0,0,0,0,0.0,High Priority
8ab122c7-58e2-4c9c-982c-5328b8f87272,2019-11-29 14:05:51+00:00,2019-11-29 14:13:14+00:00,2,"['cart', 'view']",513174218,2,1,1,15.65,7.383333333333334,1,1,0,True,False,True,0,7.825,1.0,0,1,1,1,0.0,High Priority
8ab8c75d-4848-4a7f-b128-02677a2a2f06,2019-11-29 14:05:53+00:00,2019-11-29 14:05:53+00:00,1,['cart'],515280896,1,1,1,916.37,0.0,0,1,0,True,False,False,0,916.37,0.0,0,0,0,0,0.0,High Priority
64f52d4c-be3a-4c07-905a-7f48dfce9b7b,2019-11-29 14:08:05+00:00,2019-11-29 14:08:05+00:00,1,['cart'],529934816,1,1,1,869.52,0.0,0,1,0,True,False,False,0,869.52,0.0,0,0,0,0,0.0,High Priority
db091422-ce71-4c4d-a6e3-ebd39eadeeb2,2019-11-29 14:08:39+00:00,2019-11-29 14:08:39+00:00,1,['cart'],512958372,1,1,1,1157.82,0.0,0,1,0,True,False,False,0,1157.82,0.0,0,0,0,0,0.0,High Priority
70ff4e44-1137-4262-9408-9cd117f05b51,2019-11-29 14:10:11+00:00,2019-11-29 14:10:11+00:00,1,['cart'],578701816,1,1,1,1442.82,0.0,0,1,0,True,False,False,0,1442.82,0.0,0,0,0,0,0.0,High Priority
f54e3133-aede-4f8e-a921-152c8d354e3e,2019-11-29 14:13:27+00:00,2019-11-29 14:13:27+00:00,1,['cart'],568072840,1,1,1,95.21,0.0,0,1,0,True,False,False,0,95.21,0.0,0,0,0,0,0.0,High Priority
d9dc3320-efb9-4cef-9fb9-ed486b490949,2019-11-29 14:13:42+00:00,2019-11-29 14:13:42+00:00,1,['cart'],525457398,1,1,1,66.93,0.0,0,1,0,True,False,False,0,66.93,0.0,0,0,0,0,0.0,High Priority
68cf9b52-1fc8-43e3-a21a-1570c122afa7,2019-11-29 14:14:40+00:00,2019-11-29 14:14:40+00:00,1,['cart'],550470768,1,1,1,79.72,0.0,0,1,0,True,False,False,0,79.72,0.0,0,0,0,0,0.0,High Priority
84e32a74-c095-4155-b14c-7651db3fee14,2019-11-29 14:17:35+00:00,2019-11-29 14:17:35+00:00,1,['cart'],519073508,1,1,1,32.18,0.0,0,1,0,True,False,False,0,32.18,0.0,0,0,0,0,0.0,High Priority
95be6a2d-f92f-4b06-8a30-26d923ca06e1,2019-11-29 14:20:16+00:00,2019-11-29 14:20:16+00:00,1,['cart'],559893668,1,1,1,348.12,0.0,0,1,0,True,False,False,0,348.12,0.0,0,0,0,0,0.0,High Priority
3608dcba-8ecf-446c-8d1c-11faf50109b7,2019-11-29 14:20:47+00:00,2019-11-29 14:20:47+00:00,1,['cart'],572095297,1,1,1,149.27,0.0,0,1,0,True,False,False,0,149.27,0.0,0,0,0,0,0.0,High Priority
871e8c4c-85fc-42d7-bc29-d069b012c939,2019-11-29 14:21:12+00:00,2019-11-29 14:21:12+00:00,1,['cart'],576604851,1,1,1,61.52,0.0,0,1,0,True,False,False,0,61.52,0.0,0,0,0,0,0.0,High Priority
ffd953b3-1786-40ee-8c33-bcf04dde066f,2019-11-29 14:22:51+00:00,2019-11-29 14:22:51+00:00,1,['cart'],514551886,1,1,1,32.15,0.0,0,1,0,True,False,False,0,32.15,0.0,0,0,0,0,0.0,High Priority
b4868ee2-1295-41b6-a76a-e437dbd6344e,2019-11-29 14:23:01+00:00,2019-11-29 14:23:01+00:00,1,['cart'],542111805,1,1,1,348.12,0.0,0,1,0,True,False,False,0,348.12,0.0,0,0,0,0,0.0,High Priority
94eada6b-ac53-4551-bc96-fff85d46c908,2019-11-29 14:23:29+00:00,2019-11-29 14:23:29+00:00,1,['cart'],520742636,1,1,1,124.53,0.0,0,1,0,True,False,False,0,124.53,0.0,0,0,0,0,0.0,High Priority
c0ca0bb9-54eb-4723-af0e-cb258426cfd4,2019-11-29 14:24:15+00:00,2019-11-29 14:24:15+00:00,1,['cart'],572186041,1,1,1,51.1,0.0,0,1,0,True,False,False,0,51.1,0.0,0,0,0,0,0.0,High Priority
582d7102-2fe5-46c2-bc83-22c58d5228b0,2019-11-29 14:24:19+00:00,2019-11-29 14:24:19+00:00,1,['cart'],537127668,1,1,0,66.9,0.0,0,1,0,True,False,False,0,66.9,0.0,0,0,0,0,0.0,High Priority
a6e01187-5c62-4673-90ed-c9e23560feb3,2019-11-29 14:25:00+00:00,2019-11-29 14:25:00+00:00,1,['cart'],560421702,1,1,1,131.93,0.0,0,1,0,True,False,False,0,131.93,0.0,0,0,0,0,0.0,High Priority
44e12ff7-c0d8-4cfc-a8fa-4a3ca85f4bc1,2019-11-29 14:25:46+00:00,2019-11-29 14:31:19+00:00,3,"['cart', 'view', 'view']",529889365,1,1,1,470.97,5.55,2,1,0,True,False,True,0,470.97,2.0,0,0,0,0,0.0,High Priority
6364332f-9a8f-4f02-bc72-3905cb5b1de5,2019-11-29 14:26:40+00:00,2019-11-29 14:29:43+00:00,2,"['cart', 'view']",540191523,1,1,1,125.04,3.05,1,1,0,True,False,True,0,125.04,1.0,0,0,0,0,0.0,High Priority
7a584600-add8-448f-8f1f-efd6bc77f4cd,2019-11-29 14:28:06+00:00,2019-11-29 14:28:06+00:00,1,['cart'],568610949,1,1,1,656.13,0.0,0,1,0,True,False,False,0,656.13,0.0,0,0,0,0,0.0,High Priority
76d19bad-596b-48aa-9016-eaee62c50e44,2019-11-29 14:30:58+00:00,2019-11-29 14:30:58+00:00,1,['cart'],540521124,1,1,1,131.93,0.0,0,1,0,True,False,False,0,131.93,0.0,0,0,0,0,0.0,High Priority
8ca511d2-a8b8-4c11-97aa-aadb23d468ab,2019-11-29 14:31:02+00:00,2019-11-29 14:31:02+00:00,1,['cart'],546404848,1,1,1,128.7,0.0,0,1,0,True,False,False,0,128.7,0.0,0,0,0,0,0.0,High Priority
86a20433-d95a-4c61-bb63-92406c4860a7,2019-11-29 14:32:34+00:00,2019-11-29 14:32:34+00:00,1,['cart'],554586354,1,1,1,460.49,0.0,0,1,0,True,False,False,0,460.49,0.0,0,0,0,0,0.0,High Priority
3a41c4fc-9aa3-4b7d-9a32-bec32ca1fb21,2019-11-29 14:35:42+00:00,2019-11-29 14:35:42+00:00,1,['cart'],541662979,1,1,1,32.15,0.0,0,1,0,True,False,False,0,32.15,0.0,0,0,0,0,0.0,High Priority
235f275d-97ba-4545-b189-6f6fbb470314,2019-11-29 14:37:01+00:00,2019-11-29 14:37:01+00:00,1,['cart'],544944785,1,1,1,1443.77,0.0,0,1,0,True,False,False,0,1443.77,0.0,0,0,0,0,0.0,High Priority
354d3912-1895-42d2-bdae-736805fdee8e,2019-11-29 14:38:01+00:00,2019-11-29 14:38:01+00:00,1,['cart'],564356080,1,1,1,144.12,0.0,0,1,0,True,False,False,0,144.12,0.0,0,0,0,0,0.0,High Priority
6db8ee83-ff41-41fb-bc13-0580fb56bb91,2019-11-29 14:38:55+00:00,2019-11-29 14:38:55+00:00,1,['cart'],527234069,1,1,1,437.05,0.0,0,1,0,True,False,False,0,437.05,0.0,0,0,0,0,0.0,High Priority
228e72bd-54e7-4fce-aa28-3895e0c2bb1d,2019-11-29 14:40:35+00:00,2019-11-29 14:40:35+00:00,1,['cart'],554458271,1,1,1,238.11,0.0,0,1,0,True,False,False,0,238.11,0.0,0,0,0,0,0.0,High Priority
7ec6d691-7241-42a4-8782-0030baefcf67,2019-11-29 14:41:23+00:00,2019-11-29 14:41:23+00:00,1,['cart'],561462717,1,1,1,192.54,0.0,0,1,0,True,False,False,0,192.54,0.0,0,0,0,0,0.0,High Priority
5b7e54d3-cce5-4abb-8326-1fb2c598b7ad,2019-11-29 14:42:13+00:00,2019-11-29 14:42:13+00:00,1,['cart'],549451652,1,1,1,73.88,0.0,0,1,0,True,False,False,0,73.88,0.0,0,0,0,0,0.0,High Priority
71c1d2ac-0df9-4b5a-a167-66d09c12eaaf,2019-11-29 14:42:20+00:00,2019-11-29 14:42:20+00:00,1,['cart'],578133188,1,1,1,200.78,0.0,0,1,0,True,False,False,0,200.78,0.0,0,0,0,0,0.0,High Priority
32520361-c280-43c8-b311-2192317af600,2019-11-29 14:42:28+00:00,2019-11-29 14:42:28+00:00,1,['cart'],518628338,1,1,1,315.3,0.0,0,1,0,True,False,False,0,315.3,0.0,0,0,0,0,0.0,High Priority
e41e1b20-9697-4e3a-9d40-371470ec0617,2019-11-29 14:42:56+00:00,2019-11-29 14:42:56+00:00,1,['cart'],578861719,1,1,1,44.79,0.0,0,1,0,True,False,False,0,44.79,0.0,0,0,0,0,0.0,High Priority
be8ea4b4-659a-478d-b672-1c95dd690f7e,2019-11-29 14:45:01+00:00,2019-11-29 14:45:01+00:00,1,['cart'],566602209,1,1,1,383.02,0.0,0,1,0,True,False,False,0,383.02,0.0,0,0,0,0,0.0,High Priority
037a70dc-8e9e-4669-81e7-8a1b63457bb2,2019-11-29 14:45:13+00:00,2019-11-29 14:45:13+00:00,1,['cart'],512808726,1,1,1,387.14,0.0,0,1,0,True,False,False,0,387.14,0.0,0,0,0,0,0.0,High Priority
dddb0aeb-a509-48fa-ba4f-58afb330045e,2019-11-29 14:49:57+00:00,2019-11-29 15:08:06+00:00,2,"['cart', 'view']",572077964,2,1,1,1013.1,18.15,1,1,0,True,False,True,0,506.55,1.0,0,0,0,0,0.0,High Priority
1988a975-94ce-40db-be82-de7615d23f76,2019-11-29 14:50:19+00:00,2019-11-29 14:51:05+00:00,2,"['cart', 'purchase']",529086004,1,1,0,164.68,0.7666666666666667,0,1,1,True,True,False,1,164.68,0.0,0,0,0,0,0.53,Standard
d58e620c-a155-45f6-8b96-abfd7c5cfff8,2019-11-29 14:51:12+00:00,2019-11-29 14:51:12+00:00,1,['cart'],579021356,1,1,1,124.53,0.0,0,1,0,True,False,False,0,124.53,0.0,0,0,0,0,0.0,High Priority
6ee82813-23d1-4646-a2b6-f20b2c2b73cb,2019-11-29 14:57:24+00:00,2019-11-29 14:57:24+00:00,1,['cart'],569829448,1,1,1,5.12,0.0,0,1,0,True,False,False,0,5.12,0.0,0,0,0,0,0.0,High Priority
4ad1cb05-ead6-43d7-b4c3-ea1e8168ccbc,2019-11-29 14:57:50+00:00,2019-11-29 14:57:50+00:00,1,['cart'],515783072,1,1,1,68.47,0.0,0,1,0,True,False,False,0,68.47,0.0,0,0,0,0,0.0,High Priority
22d91160-db11-4fcc-9022-746401be7272,2019-11-29 14:58:00+00:00,2019-11-29 14:58:00+00:00,1,['cart'],562861290,1,1,1,131.93,0.0,0,1,0,True,False,False,0,131.93,0.0,0,0,0,0,0.0,High Priority
8a24212f-bb6a-41e0-ae24-8f0b20ad3c3d,2019-11-29 14:59:29+00:00,2019-11-29 14:59:29+00:00,1,['cart'],547073537,1,1,1,1309.69,0.0,0,1,0,True,False,False,0,1309.69,0.0,0,0,0,0,0.0,High Priority
1d461d62-398f-45c5-8b37-95add1d1e53d,2019-11-29 15:01:36+00:00,2019-11-29 15:01:36+00:00,1,['cart'],541594110,1,1,1,60.37,0.0,0,1,0,True,False,False,0,60.37,0.0,0,0,0,0,0.0,High Priority
19c2d148-3bbc-4ab0-bbad-d3b3734a1803,2019-11-29 15:02:15+00:00,2019-11-29 15:02:15+00:00,1,['cart'],531672051,1,1,1,565.2,0.0,0,1,0,True,False,False,0,565.2,0.0,0,0,0,0,0.0,High Priority
11cfd187-572b-411c-9f8a-7dea3dc6f829,2019-11-29 15:03:44+00:00,2019-11-29 15:03:44+00:00,1,['cart'],512936200,1,1,1,104.25,0.0,0,1,0,True,False,False,0,104.25,0.0,0,0,0,0,0.0,High Priority
b0801a9c-4c9e-42fd-b357-21d385adadb7,2019-11-29 15:03:54+00:00,2019-11-29 15:03:54+00:00,1,['cart'],576082411,1,1,0,312.49,0.0,0,1,0,True,False,False,0,312.49,0.0,0,0,0,0,0.0,High Priority
f87a66ba-5aba-4e9c-8a0d-4daf8f30ea57,2019-11-29 15:04:56+00:00,2019-11-29 15:04:56+00:00,1,['cart'],563637013,1,1,1,32.18,0.0,0,1,0,True,False,False,0,32.18,0.0,0,0,0,0,0.0,High Priority
4bd7604e-0403-46c6-b6be-50dd2ea0091a,2019-11-29 15:06:30+00:00,2019-11-29 15:06:30+00:00,1,['cart'],518720677,1,1,1,1292.52,0.0,0,1,0,True,False,False,0,1292.52,0.0,0,0,0,0,0.0,High Priority
d3b47e9c-be53-42b1-a7b9-21e76b281fa8,2019-11-29 15:07:31+00:00,2019-11-29 15:07:31+00:00,1,['cart'],567145628,1,1,1,900.41,0.0,0,1,0,True,False,False,0,900.41,0.0,0,0,0,0,0.0,High Priority
19d5b075-3a0e-4cc0-a595-5dece53cbc56,2019-11-29 15:11:23+00:00,2019-11-29 15:11:23+00:00,1,['cart'],550762798,1,1,1,40.36,0.0,0,1,0,True,False,False,0,40.36,0.0,0,0,0,0,0.0,High Priority
54e52fb1-6542-41d4-8471-0733e9f6f782,2019-11-29 15:11:39+00:00,2019-11-29 15:11:39+00:00,1,['cart'],572084713,1,1,1,32.18,0.0,0,1,0,True,False,False,0,32.18,0.0,0,0,0,0,0.0,High Priority
d735cc8f-f7eb-452d-b721-a6bcab7f858b,2019-11-29 15:13:52+00:00,2019-11-29 15:13:52+00:00,1,['cart'],519100228,1,1,1,94.08,0.0,0,1,0,True,False,False,0,94.08,0.0,0,0,0,0,0.0,High Priority
a6c8d1a8-a59f-4e37-807c-be6d45b718e8,2019-11-29 15:14:05+00:00,2019-11-29 15:14:05+00:00,1,['cart'],558765814,1,1,1,261.27,0.0,0,1,0,True,False,False,0,261.27,0.0,0,0,0,0,0.0,High Priority
2a67d655-2d7e-407e-b18b-caae72d9eb95,2019-11-29 15:14:42+00:00,2019-11-29 15:14:42+00:00,1,['cart'],512369857,1,1,1,295.99,0.0,0,1,0,True,False,False,0,295.99,0.0,0,0,0,0,0.0,High Priority
99b91da7-ee15-4d02-80d3-cb20e2f6ab05,2019-11-29 15:15:15+00:00,2019-11-29 15:15:15+00:00,1,['cart'],515966866,1,1,1,83.4,0.0,0,1,0,True,False,False,0,83.4,0.0,0,0,0,0,0.0,High Priority
78c3428b-a8d8-461f-a08c-e0fe2b16c720,2019-11-29 15:16:21+00:00,2019-11-29 15:16:21+00:00,1,['cart'],513745273,1,1,1,41.19,0.0,0,1,0,True,False,False,0,41.19,0.0,0,0,0,0,0.0,High Priority
42065553-f2bc-47a4-bfd1-11d3b524f10e,2019-11-29 15:16:37+00:00,2019-11-29 15:16:45+00:00,2,"['cart', 'view']",535109180,1,1,1,62.04,0.1333333333333333,1,1,0,True,False,True,0,62.04,1.0,0,0,0,0,0.0,High Priority
be475502-e4e6-4d9c-9b43-3f12c89964e1,2019-11-29 15:16:47+00:00,2019-11-29 15:16:47+00:00,1,['cart'],569671674,1,1,1,127.67,0.0,0,1,0,True,False,False,0,127.67,0.0,0,0,0,0,0.0,High Priority
5df421ca-0ef0-4dfe-b72e-9c52de128e81,2019-11-29 15:17:48+00:00,2019-11-29 15:17:48+00:00,1,['cart'],579037455,1,1,1,460.49,0.0,0,1,0,True,False,False,0,460.49,0.0,0,0,0,0,0.0,High Priority
20929696-0700-439e-ab07-ff5ac4e6104f,2019-11-29 15:18:43+00:00,2019-11-29 15:18:43+00:00,1,['cart'],574546111,1,1,1,124.53,0.0,0,1,0,True,False,False,0,124.53,0.0,0,0,0,0,0.0,High Priority
61c3ffc4-12f5-470e-8628-0a7c9a129e78,2019-11-29 15:20:52+00:00,2019-11-29 15:20:52+00:00,1,['cart'],535906746,1,1,1,459.21,0.0,0,1,0,True,False,False,0,459.21,0.0,0,0,0,0,0.0,High Priority
986fae66-423a-49d2-a219-b9db81f6bfbd,2019-11-29 15:22:04+00:00,2019-11-29 15:22:04+00:00,1,['cart'],523388773,1,1,1,161.5,0.0,0,1,0,True,False,False,0,161.5,0.0,0,0,0,0,0.0,High Priority
792ba4f9-33f4-486d-b485-2e1655889a32,2019-11-29 15:22:10+00:00,2019-11-29 15:22:10+00:00,1,['cart'],562932147,1,1,1,161.5,0.0,0,1,0,True,False,False,0,161.5,0.0,0,0,0,0,0.0,High Priority
0cfbeb25-3d6b-4238-9a5a-c27493476112,2019-11-29 15:23:06+00:00,2019-11-29 15:23:06+00:00,1,['cart'],578936447,1,1,1,242.99,0.0,0,1,0,True,False,False,0,242.99,0.0,0,0,0,0,0.0,High Priority
08c45df0-822c-46c0-83d4-24a3b5b47bb3,2019-11-29 15:23:07+00:00,2019-11-29 15:23:07+00:00,1,['cart'],535759147,1,1,1,8.21,0.0,0,1,0,True,False,False,0,8.21,0.0,0,0,0,0,0.0,High Priority
26eba7a8-9501-4a79-bf7b-b2d99495d914,2019-11-29 15:23:33+00:00,2019-11-29 15:23:33+00:00,1,['cart'],515980337,1,1,1,270.02,0.0,0,1,0,True,False,False,0,270.02,0.0,0,0,0,0,0.0,High Priority
844b4650-fc29-4ede-b426-a2b28f40d7ad,2019-11-29 15:24:47+00:00,2019-11-29 15:24:47+00:00,1,['cart'],575870823,1,1,1,478.52,0.0,0,1,0,True,False,False,0,478.52,0.0,0,0,0,0,0.0,High Priority
f6390a7f-462a-4c8e-ae98-4137fc36164c,2019-11-29 15:28:55+00:00,2019-11-29 15:28:55+00:00,1,['cart'],550289276,1,1,1,210.79,0.0,0,1,0,True,False,False,0,210.79,0.0,0,0,0,0,0.0,High Priority
16d10d21-7947-443a-b4e4-08f4c8e18bae,2019-11-29 15:30:23+00:00,2019-11-29 15:30:23+00:00,1,['cart'],520568284,1,1,1,229.59,0.0,0,1,0,True,False,False,0,229.59,0.0,0,1,1,1,0.0,High Priority
88cfbc82-9ead-432f-834d-cbc9bc3a25fb,2019-11-29 15:32:18+00:00,2019-11-29 15:32:18+00:00,1,['cart'],567225435,1,1,1,192.51,0.0,0,1,0,True,False,False,0,192.51,0.0,0,0,0,0,0.0,High Priority
aa0858cf-8f00-47f2-9d15-4441742c6004,2019-11-29 15:34:36+00:00,2019-11-29 15:34:36+00:00,1,['cart'],515457435,1,1,1,308.63,0.0,0,1,0,True,False,False,0,308.63,0.0,0,0,0,0,0.0,High Priority
9f99e489-a8f8-4d97-88e1-27f78c893ca4,2019-11-29 15:35:11+00:00,2019-11-29 15:36:47+00:00,2,"['cart', 'view']",518266302,2,1,2,1116.04,1.6,1,1,0,True,False,True,0,558.02,1.0,0,0,0,0,0.0,High Priority
0baa03d6-a8e4-45b6-a4c1-9bb30a3181f1,2019-11-29 15:37:14+00:00,2019-11-29 15:37:14+00:00,1,['cart'],570487939,1,1,1,38.59,0.0,0,1,0,True,False,False,0,38.59,0.0,0,0,0,0,0.0,High Priority
778e6670-e847-4c3f-a110-cf10562d8172,2019-11-29 15:38:52+00:00,2019-11-29 15:38:52+00:00,1,['cart'],516215468,1,1,1,161.5,0.0,0,1,0,True,False,False,0,161.5,0.0,0,0,0,0,0.0,High Priority
9693debc-1943-46d2-9fec-72cac0158d7d,2019-11-29 15:42:13+00:00,2019-11-29 15:42:13+00:00,1,['cart'],562226450,1,1,1,252.57,0.0,0,1,0,True,False,False,0,252.57,0.0,0,0,0,0,0.0,High Priority
36e3fa2d-a81a-4752-ac25-1adc0c4aca0e,2019-11-29 15:44:36+00:00,2019-11-29 15:44:36+00:00,1,['cart'],547251428,1,1,1,211.05,0.0,0,1,0,True,False,False,0,211.05,0.0,0,0,0,0,0.0,High Priority
10757b6e-e0d1-47f1-ae65-31874c70bcce,2019-11-29 15:45:16+00:00,2019-11-29 15:45:16+00:00,1,['cart'],566223423,1,1,1,170.26,0.0,0,1,0,True,False,False,0,170.26,0.0,0,0,0,0,0.0,High Priority
b253ecfe-1f9c-4d62-ab54-45c7fd3e3694,2019-11-29 15:46:12+00:00,2019-11-29 15:46:12+00:00,1,['cart'],549139747,1,1,1,235.45,0.0,0,1,0,True,False,False,0,235.45,0.0,0,1,1,1,0.0,High Priority
e87ea51d-e4d7-4e67-9fc0-96466999a2dc,2019-11-29 15:46:12+00:00,2019-11-29 15:46:12+00:00,1,['cart'],512887682,1,1,1,167.03,0.0,0,1,0,True,False,False,0,167.03,0.0,0,0,0,0,0.0,High Priority
a9355fa5-a616-4a37-a481-b27bbf370645,2019-11-29 15:46:22+00:00,2019-11-29 15:46:22+00:00,1,['cart'],571896543,1,1,1,437.57,0.0,0,1,0,True,False,False,0,437.57,0.0,0,0,0,0,0.0,High Priority
d3a0bd85-b374-4766-8008-b908a099b6f9,2019-11-29 15:48:15+00:00,2019-11-29 15:48:15+00:00,1,['cart'],544242474,1,1,1,96.78,0.0,0,1,0,True,False,False,0,96.78,0.0,0,0,0,0,0.0,High Priority
e9dc9450-8eb9-4a0c-8e38-3c35958b4fd5,2019-11-29 15:48:46+00:00,2019-11-29 15:48:46+00:00,1,['cart'],524041717,1,1,1,163.32,0.0,0,1,0,True,False,False,0,163.32,0.0,0,0,0,0,0.0,High Priority
32cfd4bd-f98b-477d-8ed3-210a62e71998,2019-11-29 15:50:50+00:00,2019-11-29 15:50:50+00:00,1,['cart'],547213119,1,1,1,79.02,0.0,0,1,0,True,False,False,0,79.02,0.0,0,0,0,0,0.0,High Priority
d44e6810-33bb-4c4b-8587-970048fde2cd,2019-11-29 15:52:21+00:00,2019-11-29 15:52:21+00:00,1,['cart'],562226450,1,1,1,252.57,0.0,0,1,0,True,False,False,0,252.57,0.0,0,1,1,1,0.0,High Priority
535e6635-83d1-41c9-a460-b8351b24e112,2019-11-29 15:54:48+00:00,2019-11-29 15:54:48+00:00,1,['cart'],534637659,1,1,1,124.53,0.0,0,1,0,True,False,False,0,124.53,0.0,0,0,0,0,0.0,High Priority
a61c2254-53a5-450b-ab98-4b85c0985b77,2019-11-29 15:55:27+00:00,2019-11-29 15:55:27+00:00,1,['cart'],531727952,1,1,1,286.24,0.0,0,1,0,True,False,False,0,286.24,0.0,0,0,0,0,0.0,High Priority
a832f08e-f12d-48a9-bfc0-8fbf961d368b,2019-11-29 16:00:17+00:00,2019-11-29 16:00:17+00:00,1,['cart'],555478165,1,1,1,131.93,0.0,0,1,0,True,False,False,0,131.93,0.0,0,0,0,0,0.0,High Priority
ae03f21d-a8a0-4358-9356-3ce20df3f45c,2019-11-29 16:00:36+00:00,2019-11-29 16:00:36+00:00,1,['cart'],559294756,1,1,1,286.24,0.0,0,1,0,True,False,False,0,286.24,0.0,0,0,0,0,0.0,High Priority
19557b61-7935-4dc9-b704-6da7e6546038,2019-11-29 16:01:35+00:00,2019-11-29 16:01:35+00:00,1,['cart'],579069023,1,1,1,87.26,0.0,0,1,0,True,False,False,0,87.26,0.0,0,0,0,0,0.0,High Priority
6e7f39e6-3937-42a9-aea0-0fcdda18b911,2019-11-29 16:02:12+00:00,2019-11-29 16:02:12+00:00,1,['cart'],552439611,1,1,1,141.29,0.0,0,1,0,True,False,False,0,141.29,0.0,0,0,0,0,0.0,High Priority
7943290c-4d0f-4552-8a3d-af1be1eefe24,2019-11-29 16:05:14+00:00,2019-11-29 16:05:14+00:00,1,['cart'],569579488,1,1,1,62.54,0.0,0,1,0,True,False,False,0,62.54,0.0,0,0,0,0,0.0,High Priority
1646d881-2ada-4f4d-b250-e32d70e4dfe8,2019-11-29 16:06:22+00:00,2019-11-29 16:06:22+00:00,1,['cart'],517666513,1,1,0,34.75,0.0,0,1,0,True,False,False,0,34.75,0.0,0,0,0,0,0.0,High Priority
35e22752-8967-41b7-b885-d2ebecc5e3ec,2019-11-29 16:06:30+00:00,2019-11-29 16:06:30+00:00,1,['cart'],579070957,1,1,1,286.24,0.0,0,1,0,True,False,False,0,286.24,0.0,0,0,0,0,0.0,High Priority
5c13cbda-9489-4e0f-8580-79ac406610a4,2019-11-29 16:06:35+00:00,2019-11-29 16:06:35+00:00,1,['cart'],579059329,1,1,1,196.3,0.0,0,1,0,True,False,False,0,196.3,0.0,0,0,0,0,0.0,High Priority
6e6eea55-4cfc-4cd9-90f8-deee0b5e3990,2019-11-29 16:08:19+00:00,2019-11-29 16:08:19+00:00,1,['cart'],543421303,1,1,1,124.53,0.0,0,1,0,True,False,False,0,124.53,0.0,0,0,0,0,0.0,High Priority
1b2d50ee-3826-4075-9e55-9dc826cf6c1f,2019-11-29 16:09:13+00:00,2019-11-29 16:10:05+00:00,2,"['cart', 'view']",526916119,1,1,1,248.64,0.8666666666666667,1,1,0,True,False,True,0,248.64,1.0,0,0,0,0,0.0,High Priority
9945f018-81be-448e-9100-8020266a6449,2019-11-29 16:09:27+00:00,2019-11-29 16:09:27+00:00,1,['cart'],551708012,1,1,1,41.19,0.0,0,1,0,True,False,False,0,41.19,0.0,0,0,0,0,0.0,High Priority
eb89892c-8819-40b9-b27a-168d46ceefba,2019-11-29 16:10:03+00:00,2019-11-29 16:10:03+00:00,1,['cart'],553186433,1,1,1,329.46,0.0,0,1,0,True,False,False,0,329.46,0.0,0,0,0,0,0.0,High Priority
0df8e068-e1ba-4564-be61-210bb5052166,2019-11-29 16:10:29+00:00,2019-11-29 16:10:29+00:00,1,['cart'],556358181,1,1,0,53.14,0.0,0,1,0,True,False,False,0,53.14,0.0,0,0,0,0,0.0,High Priority
55b24956-291c-4b8e-a98f-8496d299c0e2,2019-11-29 16:12:30+00:00,2019-11-29 16:12:30+00:00,1,['cart'],544059877,1,1,0,14.31,0.0,0,1,0,True,False,False,0,14.31,0.0,0,0,0,0,0.0,High Priority
e8bb6fcc-cef7-43dd-b6b8-19928dfbd98e,2019-11-29 16:14:06+00:00,2019-11-29 16:14:06+00:00,1,['cart'],514015072,1,1,1,192.77,0.0,0,1,0,True,False,False,0,192.77,0.0,0,0,0,0,0.0,High Priority
8cf846f9-361f-4547-861d-b0d7c417676b,2019-11-29 16:14:57+00:00,2019-11-29 16:14:57+00:00,1,['cart'],554800358,1,1,1,34.43,0.0,0,1,0,True,False,False,0,34.43,0.0,0,1,1,1,0.0,High Priority
7f9b7044-9cfd-48ce-b61d-74872c15665f,2019-11-29 16:16:02+00:00,2019-11-29 16:16:02+00:00,1,['cart'],541494529,1,1,1,747.51,0.0,0,1,0,True,False,False,0,747.51,0.0,0,0,0,0,0.0,High Priority
287567ab-30ea-478f-ad18-ff4c85b18742,2019-11-29 16:16:40+00:00,2019-11-29 16:16:40+00:00,1,['cart'],558683974,1,1,1,1310.46,0.0,0,1,0,True,False,False,0,1310.46,0.0,0,0,0,0,0.0,High Priority
ae48f3ec-8bb3-40a7-9e74-1e98a382997a,2019-11-29 16:17:20+00:00,2019-11-29 16:17:20+00:00,1,['cart'],519283418,1,1,1,179.8,0.0,0,1,0,True,False,False,0,179.8,0.0,0,0,0,0,0.0,High Priority
3ed82563-f009-42ba-9411-29160314a81c,2019-11-29 16:18:07+00:00,2019-11-29 16:18:07+00:00,1,['cart'],531860262,1,1,1,154.42,0.0,0,1,0,True,False,False,0,154.42,0.0,0,0,0,0,0.0,High Priority
f89bbee7-682f-4d45-8546-7c6d44374d96,2019-11-29 16:18:17+00:00,2019-11-29 16:18:17+00:00,1,['cart'],513508397,1,1,1,384.54,0.0,0,1,0,True,False,False,0,384.54,0.0,0,0,0,0,0.0,High Priority
3381492a-a701-49e4-a909-8b633fdc0fc2,2019-11-29 16:19:49+00:00,2019-11-29 16:19:49+00:00,1,['cart'],518682442,1,1,1,281.53,0.0,0,1,0,True,False,False,0,281.53,0.0,0,0,0,0,0.0,High Priority
59ed6495-44dc-486c-a978-e618f525819f,2019-11-29 16:22:36+00:00,2019-11-29 16:22:36+00:00,1,['cart'],568120993,1,1,1,6.15,0.0,0,1,0,True,False,False,0,6.15,0.0,0,0,0,0,0.0,High Priority
24b81078-3469-4079-bfd8-f360e5faa726,2019-11-29 16:23:09+00:00,2019-11-29 16:23:18+00:00,2,"['cart', 'cart']",564095768,1,1,1,147.74,0.15,0,2,0,True,False,False,0,147.74,0.0,0,0,0,0,0.0,High Priority
5ce7a0e1-6165-468f-bc63-204e9138575e,2019-11-29 16:23:19+00:00,2019-11-29 16:23:19+00:00,1,['cart'],513435093,1,1,1,794.87,0.0,0,1,0,True,False,False,0,794.87,0.0,0,0,0,0,0.0,High Priority
e68683f7-8e59-418e-a65f-e37ac75fc9fb,2019-11-29 16:24:13+00:00,2019-11-29 16:24:13+00:00,1,['cart'],567096967,1,1,1,124.53,0.0,0,1,0,True,False,False,0,124.53,0.0,0,0,0,0,0.0,High Priority
28e5be14-cf1a-4b71-be39-8d767acffc4c,2019-11-29 16:26:30+00:00,2019-11-29 16:26:30+00:00,1,['cart'],527581278,1,1,1,161.5,0.0,0,1,0,True,False,False,0,161.5,0.0,0,0,0,0,0.0,High Priority
3154b3cd-27f8-408a-ae89-26ce8e39bda9,2019-11-29 16:30:52+00:00,2019-11-29 16:30:52+00:00,1,['cart'],572023045,1,1,1,214.92,0.0,0,1,0,True,False,False,0,214.92,0.0,0,0,0,0,0.0,High Priority
4f4bf8e1-6def-4fa3-9d0d-bd5aa0c0bd39,2019-11-29 16:32:27+00:00,2019-11-29 16:32:27+00:00,1,['cart'],528166446,1,1,1,124.53,0.0,0,1,0,True,False,False,0,124.53,0.0,0,0,0,0,0.0,High Priority
a73dabe4-079a-4668-a92c-1e7482f4505a,2019-11-29 16:34:12+00:00,2019-11-29 16:34:12+00:00,1,['cart'],546470809,1,1,1,4.35,0.0,0,1,0,True,False,False,0,4.35,0.0,0,0,0,0,0.0,High Priority
07827970-8b29-4206-8797-8805c647f2b5,2019-11-29 16:34:34+00:00,2019-11-29 16:34:34+00:00,1,['cart'],513196083,1,1,1,48.2,0.0,0,1,0,True,False,False,0,48.2,0.0,0,0,0,0,0.01,High Priority
cdb44c3f-6a47-4e59-acb3-69bc00483f5c,2019-11-29 16:36:31+00:00,2019-11-29 16:36:31+00:00,1,['cart'],532961570,1,1,1,100.65,0.0,0,1,0,True,False,False,0,100.65,0.0,0,0,0,0,0.0,High Priority
38f8f43e-7d6b-44fc-ae97-2b1121d37ac3,2019-11-29 16:37:39+00:00,2019-11-29 16:37:39+00:00,1,['cart'],529856819,1,1,1,231.41,0.0,0,1,0,True,False,False,0,231.41,0.0,0,0,0,0,0.0,High Priority
5005906c-2a61-4ec8-b29a-acba00e0877a,2019-11-29 16:38:31+00:00,2019-11-29 16:38:31+00:00,1,['cart'],567835241,1,1,1,939.28,0.0,0,1,0,True,False,False,0,939.28,0.0,0,0,0,0,0.0,High Priority
cc67769e-6bfc-4381-9e1e-55efb1306a08,2019-11-29 16:39:21+00:00,2019-11-29 16:39:21+00:00,1,['cart'],573866409,1,1,1,231.12,0.0,0,1,0,True,False,False,0,231.12,0.0,0,0,0,0,0.0,High Priority
7d3afd27-381d-4889-b939-31f82cf85a3d,2019-11-29 16:43:16+00:00,2019-11-29 16:43:16+00:00,1,['cart'],572496306,1,1,1,916.37,0.0,0,1,0,True,False,False,0,916.37,0.0,0,0,0,0,0.0,High Priority
04095702-f6c9-44c2-af69-c86893b66a77,2019-11-29 16:45:53+00:00,2019-11-29 16:45:53+00:00,1,['cart'],558420155,1,1,1,229.59,0.0,0,1,0,True,False,False,0,229.59,0.0,0,0,0,0,0.0,High Priority
0fc41e50-068c-46fa-b85f-596cd0d6b31a,2019-11-29 16:45:54+00:00,2019-11-29 16:45:54+00:00,1,['cart'],539930808,1,1,1,725.63,0.0,0,1,0,True,False,False,0,725.63,0.0,0,0,0,0,0.0,High Priority
7edf2d7c-20d1-4330-b350-6aae25e7eeae,2019-11-29 16:47:59+00:00,2019-11-29 16:47:59+00:00,1,['cart'],569984364,1,1,1,56.6,0.0,0,1,0,True,False,False,0,56.6,0.0,0,0,0,0,0.0,High Priority
64c0e45c-0b51-413e-85f9-577502f19a9b,2019-11-29 16:50:13+00:00,2019-11-29 16:50:13+00:00,1,['cart'],556060105,1,1,1,163.22,0.0,0,1,0,True,False,False,0,163.22,0.0,0,0,0,0,0.0,High Priority
5f310c7a-d50b-4538-8c4a-1f24a16d9ab0,2019-11-29 16:50:22+00:00,2019-11-29 17:37:40+00:00,2,"['cart', 'view']",572120488,2,1,1,414.68,47.3,1,1,0,True,False,True,0,207.34,1.0,0,0,0,0,0.0,High Priority
67b4b788-5371-464f-a2d3-66aeb43314c6,2019-11-29 16:50:23+00:00,2019-11-29 16:50:23+00:00,1,['cart'],513181744,1,1,1,32.18,0.0,0,1,0,True,False,False,0,32.18,0.0,0,0,0,0,0.0,High Priority
dab89b27-0e31-41e9-af41-8a3a27f7af88,2019-11-29 16:50:33+00:00,2019-11-29 16:50:33+00:00,1,['cart'],514709429,1,1,1,33.44,0.0,0,1,0,True,False,False,0,33.44,0.0,0,0,0,0,0.0,High Priority
b61d8d48-1059-4450-b658-5eca4d4c7165,2019-11-29 16:51:56+00:00,2019-11-29 16:51:56+00:00,1,['cart'],570868971,1,1,1,1639.01,0.0,0,1,0,True,False,False,0,1639.01,0.0,0,1,1,1,0.0,High Priority
02e5a197-cd42-4a63-9648-83d21741484c,2019-11-29 16:52:55+00:00,2019-11-29 16:52:55+00:00,1,['cart'],563245559,1,1,1,256.09,0.0,0,1,0,True,False,False,0,256.09,0.0,0,0,0,0,0.0,High Priority
058edb76-b4a7-4fc6-997e-7bd7cf8c4775,2019-11-29 16:59:02+00:00,2019-11-29 16:59:26+00:00,2,"['cart', 'purchase']",560034668,1,1,1,485.98,0.4,0,1,1,True,True,False,1,485.98,0.0,0,0,0,0,0.72,Monitor Only
17d0eb3f-ebb1-4e9f-a266-c5da6948315f,2019-11-29 17:02:28+00:00,2019-11-29 17:02:28+00:00,1,['cart'],531968374,1,1,1,772.19,0.0,0,1,0,True,False,False,0,772.19,0.0,0,0,0,0,0.0,High Priority
c4900aa0-136a-4e05-9cf9-b511a6e371ca,2019-11-29 17:03:38+00:00,2019-11-29 17:03:38+00:00,1,['cart'],571800102,1,1,1,65.38,0.0,0,1,0,True,False,False,0,65.38,0.0,0,0,0,0,0.0,High Priority
e25ca594-c780-4de8-8b95-35cab331b498,2019-11-29 17:05:06+00:00,2019-11-29 17:05:06+00:00,1,['cart'],514290444,1,1,1,1001.42,0.0,0,1,0,True,False,False,0,1001.42,0.0,0,0,0,0,0.0,High Priority
8764de88-8d49-41db-9d84-8e3df66e375e,2019-11-29 17:05:19+00:00,2019-11-29 17:05:19+00:00,1,['cart'],513134748,1,1,1,348.72,0.0,0,1,0,True,False,False,0,348.72,0.0,0,0,0,0,0.0,High Priority
28561e11-0d75-42ba-837e-d2e6cee7785b,2019-11-29 17:05:21+00:00,2019-11-29 17:09:03+00:00,2,"['cart', 'purchase']",577051725,1,1,1,249.06,3.7,0,1,1,True,True,False,1,249.06,0.0,0,0,0,0,0.85,Monitor Only
0df96361-a250-44fe-b2dc-4352c427c05b,2019-11-29 17:13:21+00:00,2019-11-29 17:13:21+00:00,1,['cart'],512602357,1,1,1,384.54,0.0,0,1,0,True,False,False,0,384.54,0.0,0,0,0,0,0.0,High Priority
403da017-f59c-44c4-81fb-d2ac0bca74c7,2019-11-29 17:13:31+00:00,2019-11-29 17:13:31+00:00,1,['cart'],578822516,1,1,1,124.53,0.0,0,1,0,True,False,False,0,124.53,0.0,0,0,0,0,0.0,High Priority
904563de-b07b-43e7-9465-570cc777afd2,2019-11-29 17:13:33+00:00,2019-11-29 17:13:33+00:00,1,['cart'],530904998,1,1,1,405.86,0.0,0,1,0,True,False,False,0,405.86,0.0,0,0,0,0,0.0,High Priority
f47fc3df-cfec-4545-84fb-35b4e1cb7973,2019-11-29 17:15:51+00:00,2019-11-29 17:15:51+00:00,1,['cart'],571957299,1,1,1,532.82,0.0,0,1,0,True,False,False,0,532.82,0.0,0,0,0,0,0.0,High Priority
1538f08e-b4ee-45b4-8078-994bf41c4d52,2019-11-29 17:17:43+00:00,2019-11-29 17:17:43+00:00,1,['cart'],573126582,1,1,1,113.23,0.0,0,1,0,True,False,False,0,113.23,0.0,0,0,0,0,0.0,High Priority
41b5f74b-5d27-4dfe-8fae-715df5f3f3c2,2019-11-29 17:20:25+00:00,2019-11-29 17:20:25+00:00,1,['cart'],519045719,1,1,1,348.12,0.0,0,1,0,True,False,False,0,348.12,0.0,0,0,0,0,0.0,High Priority
7c033425-ad5f-4fcd-bca9-f8b642c921bc,2019-11-29 17:21:24+00:00,2019-11-29 17:21:24+00:00,1,['cart'],512475147,1,1,1,460.49,0.0,0,1,0,True,False,False,0,460.49,0.0,0,0,0,0,0.0,High Priority
73639e25-f3e0-44d9-851d-2682ecf70003,2019-11-29 17:23:19+00:00,2019-11-29 17:23:19+00:00,1,['cart'],515120208,1,1,1,238.11,0.0,0,1,0,True,False,False,0,238.11,0.0,0,0,0,0,0.0,High Priority
6b1cc543-8fa6-4a99-a074-d7429ec0e2f4,2019-11-29 17:25:18+00:00,2019-11-29 17:25:18+00:00,1,['cart'],513507618,1,1,1,795.0,0.0,0,1,0,True,False,False,0,795.0,0.0,0,1,1,1,0.0,High Priority
3e9e9c9d-1a0a-4815-942e-164cb6cf584d,2019-11-29 17:26:01+00:00,2019-11-29 17:26:01+00:00,1,['cart'],518886074,1,1,1,617.49,0.0,0,1,0,True,False,False,0,617.49,0.0,0,0,0,0,0.0,High Priority
1ec849b6-f573-4ca4-849e-1266fdba77dc,2019-11-29 17:28:06+00:00,2019-11-29 17:28:29+00:00,2,"['cart', 'view']",517183629,1,1,1,630.6,0.3833333333333333,1,1,0,True,False,True,0,630.6,1.0,0,0,0,0,0.0,High Priority
66e8bbd5-3d3a-43dd-9dce-d28737b5a533,2019-11-29 17:28:46+00:00,2019-11-29 17:28:46+00:00,1,['cart'],558073466,1,1,1,42.99,0.0,0,1,0,True,False,False,0,42.99,0.0,0,0,0,0,0.0,High Priority
04014415-309d-4cfb-ac12-5790584bda59,2019-11-29 17:32:56+00:00,2019-11-29 17:32:56+00:00,1,['cart'],575785288,1,1,1,76.96,0.0,0,1,0,True,False,False,0,76.96,0.0,0,0,0,0,0.0,High Priority
4de44dbd-8692-448b-8cc4-95a9bd7e18e4,2019-11-29 17:34:47+00:00,2019-11-29 17:34:47+00:00,1,['cart'],520288350,1,1,1,131.9,0.0,0,1,0,True,False,False,0,131.9,0.0,0,0,0,0,0.0,High Priority
1e5ce11d-00a6-42b0-8222-78504aab4688,2019-11-29 17:34:50+00:00,2019-11-29 17:34:50+00:00,1,['cart'],517169522,1,1,1,22.93,0.0,0,1,0,True,False,False,0,22.93,0.0,0,0,0,0,0.0,High Priority
cde02293-51dd-408d-831e-33c30f1f4b64,2019-11-29 17:36:55+00:00,2019-11-29 17:36:55+00:00,1,['cart'],579129139,1,1,1,315.3,0.0,0,1,0,True,False,False,0,315.3,0.0,0,0,0,0,0.0,High Priority
072da4d7-09a7-4030-b40d-cae79e25bba9,2019-11-29 17:39:08+00:00,2019-11-29 17:39:08+00:00,1,['cart'],540980737,1,1,1,42.99,0.0,0,1,0,True,False,False,0,42.99,0.0,0,0,0,0,0.0,High Priority
4d0f0aa1-0cac-4c7b-98ad-9dfefd885e90,2019-11-29 17:39:45+00:00,2019-11-29 17:39:45+00:00,1,['cart'],515090202,1,1,1,11.58,0.0,0,1,0,True,False,False,0,11.58,0.0,0,0,0,0,0.0,High Priority
ad89a9d2-94f6-428c-983b-56db538aaa00,2019-11-29 17:41:07+00:00,2019-11-29 17:41:07+00:00,1,['cart'],512397485,1,1,0,39.9,0.0,0,1,0,True,False,False,0,39.9,0.0,0,0,0,0,0.0,High Priority
12448466-b97e-40de-a1c7-3eff250d530a,2019-11-29 17:44:17+00:00,2019-11-29 17:44:17+00:00,1,['cart'],553304111,1,1,1,4.53,0.0,0,1,0,True,False,False,0,4.53,0.0,0,0,0,0,0.0,High Priority
07bf978d-d6b8-44ce-94db-065b692ba61f,2019-11-29 17:45:40+00:00,2019-11-29 17:45:40+00:00,1,['cart'],517052102,1,1,0,0.0,0.0,0,1,0,True,False,False,0,0.0,0.0,0,0,0,0,0.0,High Priority
7eed475e-8382-4111-8909-ffb5f60ec6bb,2019-11-29 17:46:47+00:00,2019-11-29 17:46:47+00:00,1,['cart'],579140445,1,1,1,192.77,0.0,0,1,0,True,False,False,0,192.77,0.0,0,0,0,0,0.0,High Priority
93b3767a-d897-4e15-8f9c-abc9bea61cc5,2019-11-29 17:47:51+00:00,2019-11-29 17:47:51+00:00,1,['cart'],516185352,1,1,1,7.44,0.0,0,1,0,True,False,False,0,7.44,0.0,0,0,0,0,0.0,High Priority
c8034302-c12f-49f0-ba27-02bcb5722efb,2019-11-29 17:49:15+00:00,2019-11-29 17:49:15+00:00,1,['cart'],528140080,1,1,1,51.2,0.0,0,1,0,True,False,False,0,51.2,0.0,0,0,0,0,0.0,High Priority
c85524bf-86ea-4e0c-8b29-525114b3cef2,2019-11-29 17:54:06+00:00,2019-11-29 17:54:06+00:00,1,['cart'],555930945,1,1,1,43.76,0.0,0,1,0,True,False,False,0,43.76,0.0,0,0,0,0,0.0,High Priority
80ac3490-cfb9-4b2c-be86-fa38720670ed,2019-11-29 17:57:07+00:00,2019-11-29 17:57:07+00:00,1,['cart'],558646287,1,1,1,286.24,0.0,0,1,0,True,False,False,0,286.24,0.0,0,0,0,0,0.0,High Priority
a6cf7fce-abdd-4c8b-8665-074f57885a57,2019-11-29 17:57:17+00:00,2019-11-29 17:57:17+00:00,1,['cart'],534506419,1,1,1,98.82,0.0,0,1,0,True,False,False,0,98.82,0.0,0,0,0,0,0.0,High Priority
ab5cc5f5-a13f-4296-ac4b-426133d664a1,2019-11-29 17:58:40+00:00,2019-11-29 18:03:30+00:00,2,"['cart', 'view']",513781859,1,1,1,543.64,4.833333333333333,1,1,0,True,False,True,0,543.64,1.0,0,0,0,0,0.0,High Priority
97f7eb68-68eb-4c4d-8741-1b8afeb1a061,2019-11-29 18:10:19+00:00,2019-11-29 18:10:19+00:00,1,['cart'],523112359,1,1,1,849.42,0.0,0,1,0,True,False,False,0,849.42,0.0,0,0,0,0,0.0,High Priority
1fb2b499-a087-4ea1-a84c-3d5d09980275,2019-11-29 18:11:03+00:00,2019-11-29 18:11:03+00:00,1,['cart'],547461966,1,1,1,315.3,0.0,0,1,0,True,False,False,0,315.3,0.0,0,0,0,0,0.0,High Priority
a7b1a978-ff13-4d96-ac9c-f80ba6546eaa,2019-11-29 18:13:03+00:00,2019-11-29 18:13:03+00:00,1,['cart'],535131725,1,1,1,849.16,0.0,0,1,0,True,False,False,0,849.16,0.0,0,0,0,0,0.0,High Priority
2fe81b0d-42f6-4e2b-b0a3-1878634fc321,2019-11-29 18:14:20+00:00,2019-11-29 18:14:20+00:00,1,['cart'],531406978,1,1,1,43.22,0.0,0,1,0,True,False,False,0,43.22,0.0,0,0,0,0,0.0,High Priority
34a385eb-f6ca-4967-bf26-92eb07e50259,2019-11-29 18:14:32+00:00,2019-11-29 18:14:32+00:00,1,['cart'],572135010,1,1,1,257.38,0.0,0,1,0,True,False,False,0,257.38,0.0,0,0,0,0,0.0,High Priority
70a0b0cf-5cd2-4f68-ae89-56d741d36fd5,2019-11-29 18:14:33+00:00,2019-11-29 18:14:33+00:00,1,['cart'],516982438,1,1,1,315.3,0.0,0,1,0,True,False,False,0,315.3,0.0,0,0,0,0,0.0,High Priority
749def5c-b885-446a-b6bb-6e6059ac94ff,2019-11-29 18:18:00+00:00,2019-11-29 18:18:00+00:00,1,['cart'],570704701,1,1,1,32.18,0.0,0,1,0,True,False,False,0,32.18,0.0,0,0,0,0,0.0,High Priority
e49c4d22-662a-403f-8da9-24ddc78a09e2,2019-11-29 18:19:39+00:00,2019-11-29 18:19:39+00:00,1,['cart'],546202489,1,1,1,744.42,0.0,0,1,0,True,False,False,0,744.42,0.0,0,0,0,0,0.0,High Priority
4dcde23c-774b-4471-95ce-c38c3e5a2504,2019-11-29 18:19:56+00:00,2019-11-29 18:19:56+00:00,1,['cart'],544098136,1,1,1,97.69,0.0,0,1,0,True,False,False,0,97.69,0.0,0,0,0,0,0.0,High Priority
7b8abd32-8cab-4449-b871-144e6c8c4263,2019-11-29 18:20:02+00:00,2019-11-29 18:20:02+00:00,1,['cart'],526612720,1,1,1,154.37,0.0,0,1,0,True,False,False,0,154.37,0.0,0,0,0,0,0.0,High Priority
4f1a41ea-f0dd-49a1-abb1-c129c87833bf,2019-11-29 18:20:11+00:00,2019-11-29 18:20:11+00:00,1,['cart'],572235548,1,1,1,591.75,0.0,0,1,0,True,False,False,0,591.75,0.0,0,0,0,0,0.0,High Priority
8245c4d2-8bc8-4111-bf79-9d546a201e58,2019-11-29 18:22:17+00:00,2019-11-29 18:22:17+00:00,1,['cart'],570885484,1,1,1,285.4,0.0,0,1,0,True,False,False,0,285.4,0.0,0,0,0,0,0.0,High Priority
f8ab4aff-4a65-42c7-a51a-4a6df4a94630,2019-11-29 18:23:51+00:00,2019-11-29 18:23:51+00:00,1,['cart'],512602429,1,1,1,11.56,0.0,0,1,0,True,False,False,0,11.56,0.0,0,0,0,0,0.0,High Priority
b0410d03-7b94-4203-bc77-7ed85862e4a2,2019-11-29 18:31:32+00:00,2019-11-29 18:31:32+00:00,1,['cart'],542508373,1,1,1,45.05,0.0,0,1,0,True,False,False,0,45.05,0.0,0,0,0,0,0.0,High Priority
117bd119-fd50-4f87-bb9a-891aed419edf,2019-11-29 18:34:45+00:00,2019-11-29 18:34:45+00:00,1,['cart'],514034585,1,1,1,216.35,0.0,0,1,0,True,False,False,0,216.35,0.0,0,0,0,0,0.0,High Priority
ff83e14e-ed67-4f1a-90a4-817096921218,2019-11-29 18:36:51+00:00,2019-11-29 18:36:51+00:00,1,['cart'],557420042,1,1,1,1428.3,0.0,0,1,0,True,False,False,0,1428.3,0.0,0,0,0,0,0.0,High Priority
118fb6b3-929e-4cde-9ca5-b88e4ba4aabc,2019-11-29 18:44:12+00:00,2019-11-29 18:44:12+00:00,1,['cart'],523222688,1,1,1,242.7,0.0,0,1,0,True,False,False,0,242.7,0.0,0,0,0,0,0.0,High Priority
e0bd08dc-3411-4357-9ed4-e44221826282,2019-11-29 18:44:34+00:00,2019-11-29 18:44:34+00:00,1,['cart'],579157124,1,1,1,195.85,0.0,0,1,0,True,False,False,0,195.85,0.0,0,0,0,0,0.0,High Priority
ce3f5e85-22df-4df5-9fdb-81eb58e0dec4,2019-11-29 18:44:56+00:00,2019-11-29 18:44:56+00:00,1,['cart'],516144622,1,1,1,994.72,0.0,0,1,0,True,False,False,0,994.72,0.0,0,0,0,0,0.0,High Priority
387c7686-a6c3-431e-bcc0-1dd1121bd920,2019-11-29 18:45:20+00:00,2019-11-29 18:45:20+00:00,1,['cart'],560106589,1,1,1,782.0,0.0,0,1,0,True,False,False,0,782.0,0.0,0,0,0,0,0.0,High Priority
43c4da9e-d644-4ff8-adac-08d72240440e,2019-11-29 18:47:37+00:00,2019-11-29 18:47:37+00:00,1,['cart'],574306078,1,1,1,124.84,0.0,0,1,0,True,False,False,0,124.84,0.0,0,0,0,0,0.0,High Priority
702ef1eb-3cc0-4cfc-8871-3d9a2cb8afba,2019-11-29 18:48:30+00:00,2019-11-29 18:48:30+00:00,1,['cart'],579180170,1,1,1,119.18,0.0,0,1,0,True,False,False,0,119.18,0.0,0,0,0,0,0.0,High Priority
8ffdddd3-03a0-4829-852a-c4f262b47573,2019-11-29 18:53:02+00:00,2019-11-29 18:53:02+00:00,1,['cart'],523228126,1,1,1,218.8,0.0,0,1,0,True,False,False,0,218.8,0.0,0,0,0,0,0.0,High Priority
7ca3cead-3609-4396-9853-50bff40fe040,2019-11-29 18:53:08+00:00,2019-11-29 18:53:08+00:00,1,['cart'],515557515,1,1,1,53.8,0.0,0,1,0,True,False,False,0,53.8,0.0,0,0,0,0,0.0,High Priority
ef3a2601-e560-41cb-a71a-28a59fdc368f,2019-11-29 19:00:48+00:00,2019-11-29 19:00:48+00:00,1,['cart'],517453670,1,1,1,315.3,0.0,0,1,0,True,False,False,0,315.3,0.0,0,0,0,0,0.0,High Priority
94d59995-a125-429a-a0df-9cd7492c06fd,2019-11-29 19:02:15+00:00,2019-11-29 19:04:21+00:00,2,"['cart', 'view']",579187167,1,1,1,66.88,2.1,1,1,0,True,False,True,0,66.88,1.0,0,0,0,0,0.0,High Priority
2a9c89ed-b072-4c2d-976d-21ec0a39d3c2,2019-11-29 19:09:26+00:00,2019-11-29 19:09:26+00:00,1,['cart'],529709029,1,1,1,166.99,0.0,0,1,0,True,False,False,0,166.99,0.0,0,0,0,0,0.0,High Priority
41f4d804-2f9c-4b77-965d-713a3b59b2cf,2019-11-29 19:11:03+00:00,2019-11-29 19:11:03+00:00,1,['cart'],514738070,1,1,0,5.62,0.0,0,1,0,True,False,False,0,5.62,0.0,0,0,0,0,0.0,High Priority
0a92029e-3388-4410-9306-18e185b5d92e,2019-11-29 19:11:19+00:00,2019-11-29 19:11:19+00:00,1,['cart'],569807152,1,1,1,64.33,0.0,0,1,0,True,False,False,0,64.33,0.0,0,0,0,0,0.0,High Priority
f2572046-4b21-46f4-87f1-d5e3edb5eed5,2019-11-29 19:11:27+00:00,2019-11-29 19:53:09+00:00,2,"['cart', 'view']",568074475,2,1,2,349.79,41.7,1,1,0,True,False,True,0,174.895,1.0,0,0,0,0,0.0,High Priority
b5037a05-00f2-44d3-8dda-292c3f73f8b9,2019-11-29 19:12:01+00:00,2019-11-29 19:24:20+00:00,2,"['cart', 'view']",579190448,2,2,1,91.25,12.316666666666666,1,1,0,True,False,True,0,45.625,1.0,0,0,0,0,0.0,High Priority
507f42ae-fbbc-4b8a-911a-2ae7f3ab229a,2019-11-29 19:12:06+00:00,2019-11-29 19:12:06+00:00,1,['cart'],577416312,1,1,1,32.88,0.0,0,1,0,True,False,False,0,32.88,0.0,0,0,0,0,0.0,High Priority
eb50e302-7c18-4e03-a69d-35144cdb1f4d,2019-11-29 19:14:14+00:00,2019-11-29 19:14:14+00:00,1,['cart'],570531067,1,1,1,532.82,0.0,0,1,0,True,False,False,0,532.82,0.0,0,0,0,0,0.0,High Priority
acd86ebe-d1f3-4d0a-a2b5-26c91be755d6,2019-11-29 19:19:22+00:00,2019-11-29 19:19:22+00:00,1,['cart'],514589476,1,1,1,247.08,0.0,0,1,0,True,False,False,0,247.08,0.0,0,0,0,0,0.0,High Priority
7f1440f4-f9f8-407b-aa66-d0260851124f,2019-11-29 19:21:46+00:00,2019-11-29 19:21:46+00:00,1,['cart'],557450896,1,1,1,28.19,0.0,0,1,0,True,False,False,0,28.19,0.0,0,0,0,0,0.0,High Priority
f62d56c3-e608-44c4-a7aa-ad079304f39a,2019-11-29 19:29:22+00:00,2019-11-29 19:29:22+00:00,1,['cart'],516649977,1,1,0,23.14,0.0,0,1,0,True,False,False,0,23.14,0.0,0,0,0,0,0.0,High Priority
c27cc073-60dc-4392-b223-3939dac5a400,2019-11-29 19:31:23+00:00,2019-11-29 19:31:23+00:00,1,['cart'],562716708,1,1,1,794.89,0.0,0,1,0,True,False,False,0,794.89,0.0,0,0,0,0,0.0,High Priority
44702ed7-6c9e-4654-a20b-34222a5f5cce,2019-11-29 19:38:24+00:00,2019-11-29 19:38:24+00:00,1,['cart'],516540916,1,1,1,308.55,0.0,0,1,0,True,False,False,0,308.55,0.0,0,0,0,0,0.0,High Priority
be5cfbba-6915-4022-b3dd-4b4bb7f5ec7f,2019-11-29 19:50:19+00:00,2019-11-29 19:50:19+00:00,1,['cart'],572261606,1,1,1,434.5,0.0,0,1,0,True,False,False,0,434.5,0.0,0,0,0,0,0.0,High Priority
4f88596b-ffcf-43e2-94ec-48025903efd9,2019-11-29 19:54:00+00:00,2019-11-29 19:54:00+00:00,1,['cart'],519250792,1,1,1,348.01,0.0,0,1,0,True,False,False,0,348.01,0.0,0,0,0,0,0.0,High Priority
00441206-f8ba-4ac5-98d2-ea4ec48445b3,2019-11-29 20:16:12+00:00,2019-11-29 20:16:12+00:00,1,['cart'],517865587,1,1,1,242.71,0.0,0,1,0,True,False,False,0,242.71,0.0,0,0,0,0,0.0,High Priority
fa3075f3-f67c-4ebc-877e-883d57da9183,2019-11-29 20:22:05+00:00,2019-11-29 20:22:05+00:00,1,['cart'],512732238,1,1,1,92.13,0.0,0,1,0,True,False,False,0,92.13,0.0,0,0,0,0,0.0,High Priority
97ec9e32-45ac-42d2-a609-29d81fdeeac9,2019-11-29 20:42:41+00:00,2019-11-29 20:42:41+00:00,1,['cart'],579240899,1,1,1,106.31,0.0,0,1,0,True,False,False,0,106.31,0.0,0,0,0,0,0.0,High Priority
4d7fcb70-7e8a-4f9f-81b8-81a01e74b6b6,2019-11-29 20:49:21+00:00,2019-11-29 20:49:21+00:00,1,['cart'],513086866,1,1,1,29.58,0.0,0,1,0,True,False,False,0,29.58,0.0,0,1,1,1,0.0,High Priority
e2f166e1-208e-42aa-ba29-dbeeca13c335,2019-11-29 20:58:01+00:00,2019-11-29 20:58:01+00:00,1,['cart'],519715331,1,1,1,315.3,0.0,0,1,0,True,False,False,0,315.3,0.0,0,0,0,0,0.0,High Priority
4a049c4a-dda8-451e-8773-cded08299588,2019-11-29 20:58:57+00:00,2019-11-29 20:58:57+00:00,1,['cart'],516385665,1,1,1,5.15,0.0,0,1,0,True,False,False,0,5.15,0.0,0,0,0,0,0.0,High Priority
40bc0c0d-ef6f-4c79-9e8d-8b372e439a81,2019-11-29 21:00:49+00:00,2019-11-29 21:00:49+00:00,1,['cart'],578308740,1,1,1,10.68,0.0,0,1,0,True,False,False,0,10.68,0.0,0,0,0,0,0.0,High Priority
2908f3ba-b1db-40b1-a6dd-11842c53a5f1,2019-11-29 21:06:22+00:00,2019-11-29 21:06:22+00:00,1,['cart'],551498524,1,1,1,251.95,0.0,0,1,0,True,False,False,0,251.95,0.0,0,0,0,0,0.0,High Priority
afa22a5d-6617-435d-9807-f49d0b995b19,2019-11-29 21:13:10+00:00,2019-11-29 21:13:52+00:00,2,"['cart', 'view']",579263999,1,1,1,1832.74,0.7,1,1,0,True,False,True,0,1832.74,1.0,0,0,0,0,0.0,High Priority
d230dcf2-084f-4a59-8424-579f74675106,2019-11-29 21:21:38+00:00,2019-11-29 21:21:38+00:00,1,['cart'],512722758,1,1,1,20.05,0.0,0,1,0,True,False,False,0,20.05,0.0,0,0,0,0,0.0,High Priority
9ba6a197-139b-41bd-99e1-d1ecc9df88e6,2019-11-29 21:32:43+00:00,2019-11-29 21:32:43+00:00,1,['cart'],516506125,1,1,1,290.61,0.0,0,1,0,True,False,False,0,290.61,0.0,0,1,1,1,0.0,High Priority
796c5a42-eeb4-4739-9984-b0da854e067f,2019-11-29 21:44:20+00:00,2019-11-29 21:44:20+00:00,1,['cart'],536453655,1,1,1,192.77,0.0,0,1,0,True,False,False,0,192.77,0.0,0,1,1,1,0.0,High Priority
3b64af1c-51c2-42b2-aa30-a55a291589a9,2019-11-29 21:49:02+00:00,2019-11-29 21:49:02+00:00,1,['cart'],512651600,1,1,1,570.67,0.0,0,1,0,True,False,False,0,570.67,0.0,0,0,0,0,0.0,High Priority
3310bb8a-9597-42ad-900c-7eb001378105,2019-11-29 22:24:37+00:00,2019-11-29 22:25:13+00:00,2,"['cart', 'purchase']",552979382,1,1,1,322.74,0.6,0,1,1,True,True,False,0,322.74,0.0,0,0,0,0,0.4,Standard
1758091d-0e73-4731-af38-2b34f4674919,2019-11-29 23:07:54+00:00,2019-11-29 23:07:54+00:00,1,['cart'],512445284,1,1,1,916.37,0.0,0,1,0,True,False,False,0,916.37,0.0,0,1,1,1,0.0,High Priority
f162eaa9-0b39-4ae8-97d8-e1e3d73f080e,2019-11-29 23:23:08+00:00,2019-11-29 23:26:25+00:00,2,"['cart', 'cart']",557939588,2,1,1,82.11,3.283333333333333,0,2,0,True,False,False,0,41.055,0.0,0,0,0,0,0.03,High Priority
5b4d1376-b657-466c-ad8d-34480520d107,2019-11-29 23:23:57+00:00,2019-11-29 23:23:57+00:00,1,['cart'],513723282,1,1,1,180.16,0.0,0,1,0,True,False,False,0,180.16,0.0,0,0,0,0,0.0,High Priority
8a92c4e6-1f3e-4f1e-9fcc-19ebc9e232d5,2019-11-29 23:56:26+00:00,2019-11-29 23:56:26+00:00,1,['cart'],514470960,1,1,1,233.39,0.0,0,1,0,True,False,False,0,233.39,0.0,0,0,0,0,0.0,High Priority
de7c777d-8e96-486c-8d1c-87d45c3fed34,2019-11-30 00:34:38+00:00,2019-11-30 00:35:09+00:00,2,"['cart', 'view']",564538459,1,1,1,360.32,0.5166666666666667,1,1,0,True,False,True,0,360.32,1.0,0,0,0,0,0.0,High Priority
8e3b1528-3471-42ae-9b4e-15e7ce394997,2019-11-30 01:12:30+00:00,2019-11-30 01:12:30+00:00,1,['cart'],562485291,1,1,1,124.33,0.0,0,1,0,True,False,False,0,124.33,0.0,0,0,0,0,0.0,High Priority
b1c8a68e-404a-44b5-a908-fa02a024b40c,2019-11-30 01:17:06+00:00,2019-11-30 01:17:06+00:00,1,['cart'],543600735,1,1,1,122.99,0.0,0,1,0,True,False,False,0,122.99,0.0,0,0,0,0,0.0,High Priority
301e4c37-d61a-4176-a471-fe0d9d45e289,2019-11-30 01:19:29+00:00,2019-11-30 01:19:29+00:00,1,['cart'],521368854,1,1,1,40.93,0.0,0,1,0,True,False,False,0,40.93,0.0,0,0,0,0,0.0,High Priority
a4d40019-ed5b-4f28-bf0e-7ca0ab4311ad,2019-11-30 01:28:25+00:00,2019-11-30 01:28:25+00:00,1,['cart'],537010785,1,1,1,285.4,0.0,0,1,0,True,False,False,0,285.4,0.0,0,0,0,0,0.0,High Priority
55353335-f26c-4fd1-bc17-7d2f90397737,2019-11-30 01:33:29+00:00,2019-11-30 01:33:29+00:00,1,['cart'],579356481,1,1,1,167.23,0.0,0,1,0,True,False,False,0,167.23,0.0,0,0,0,0,0.0,High Priority
b019b13d-a299-4e7e-9e9a-67ab3bc7d06c,2019-11-30 01:38:04+00:00,2019-11-30 01:38:04+00:00,1,['cart'],574181583,1,1,1,185.33,0.0,0,1,0,True,False,False,0,185.33,0.0,0,0,0,0,0.0,High Priority
aec32cd3-5f4a-4018-a138-d33c0acba813,2019-11-30 01:44:29+00:00,2019-11-30 01:45:43+00:00,2,"['cart', 'cart']",542537956,2,1,2,25.09,1.2333333333333334,0,2,0,True,False,False,0,12.545,0.0,0,0,0,0,0.0,High Priority
10d1f87f-d08a-41e8-9db4-bf75932c9f8a,2019-11-30 02:09:00+00:00,2019-11-30 02:09:00+00:00,1,['cart'],559737243,1,1,1,117.09,0.0,0,1,0,True,False,False,0,117.09,0.0,0,0,0,0,0.0,High Priority
c4d575f2-3fce-4b36-90c2-33af749ac318,2019-11-30 02:11:17+00:00,2019-11-30 02:11:17+00:00,1,['cart'],579348152,1,1,1,12.84,0.0,0,1,0,True,False,False,0,12.84,0.0,0,0,0,0,0.0,High Priority
3d3182f6-d9d9-4b20-a1b4-318b55f22dfc,2019-11-30 02:18:54+00:00,2019-11-30 02:18:54+00:00,1,['cart'],544279919,1,1,1,242.7,0.0,0,1,0,True,False,False,0,242.7,0.0,0,0,0,0,0.0,High Priority
c8dba1e7-aae6-496d-a1be-141e6bff1e04,2019-11-30 02:21:55+00:00,2019-11-30 02:21:55+00:00,1,['cart'],579348152,1,1,1,12.84,0.0,0,1,0,True,False,False,0,12.84,0.0,0,1,1,1,0.0,High Priority
c40edd01-f7b8-4fdb-8ee3-53004e8b39e2,2019-11-30 02:28:29+00:00,2019-11-30 02:28:29+00:00,1,['cart'],517013775,1,1,1,192.45,0.0,0,1,0,True,False,False,0,192.45,0.0,0,0,0,0,0.0,High Priority
1ebdaf06-1b63-496c-bb6f-8e2c00e3b457,2019-11-30 02:31:32+00:00,2019-11-30 02:31:32+00:00,1,['cart'],517874183,1,1,1,102.12,0.0,0,1,0,True,False,False,0,102.12,0.0,0,0,0,0,0.0,High Priority
3aa86bc6-d752-45f9-a637-b942189037ef,2019-11-30 02:35:19+00:00,2019-11-30 02:37:40+00:00,2,"['cart', 'view']",578972085,2,1,2,213.56,2.35,1,1,0,True,False,True,0,106.78,1.0,0,0,0,0,0.02,High Priority
276738f9-067b-4e42-94b5-82b4df73aea7,2019-11-30 02:47:14+00:00,2019-11-30 02:47:14+00:00,1,['cart'],543119922,1,1,0,21.75,0.0,0,1,0,True,False,False,0,21.75,0.0,0,0,0,0,0.0,High Priority
c20377df-b299-489a-82d7-033bbf742d6f,2019-11-30 03:00:39+00:00,2019-11-30 03:00:39+00:00,1,['cart'],541019088,1,1,1,154.42,0.0,0,1,0,True,False,False,0,154.42,0.0,0,0,0,0,0.0,High Priority
4f976194-9801-4576-9c09-2a08fa9f09ec,2019-11-30 03:02:01+00:00,2019-11-30 03:02:01+00:00,1,['cart'],521373239,1,1,1,50.71,0.0,0,1,0,True,False,False,0,50.71,0.0,0,0,0,0,0.0,High Priority
a240c2f8-ba60-46d1-ab8a-e3567c6ee746,2019-11-30 03:04:38+00:00,2019-11-30 03:04:38+00:00,1,['cart'],526619759,1,1,1,12.84,0.0,0,1,0,True,False,False,0,12.84,0.0,0,1,1,1,0.0,High Priority
f0a9126d-abba-2f3e-022f-fbfaddcae34d,2019-11-30 03:15:12+00:00,2019-11-30 03:15:12+00:00,1,['cart'],577793768,1,1,1,245.8,0.0,0,1,0,True,False,False,0,245.8,0.0,0,0,0,0,0.0,High Priority
51dfc7cc-e7b6-4b3b-8493-085d17b07f22,2019-11-30 03:16:18+00:00,2019-11-30 03:16:18+00:00,1,['cart'],526788551,1,1,1,236.81,0.0,0,1,0,True,False,False,0,236.81,0.0,0,0,0,0,0.0,High Priority
1f1ed941-1b60-de92-6f73-301f2bf8c88f,2019-11-30 03:19:59+00:00,2019-11-30 03:19:59+00:00,1,['cart'],549731299,1,1,1,10.27,0.0,0,1,0,True,False,False,0,10.27,0.0,0,0,0,0,0.0,High Priority
443dd1d3-530c-44d9-93a2-6255888c91b1,2019-11-30 03:20:02+00:00,2019-11-30 03:20:02+00:00,1,['cart'],579227428,1,1,1,139.51,0.0,0,1,0,True,False,False,0,139.51,0.0,0,0,0,0,0.0,High Priority
97b60779-a91f-4428-a736-437d9e2a7b46,2019-11-30 03:24:25+00:00,2019-11-30 03:25:08+00:00,2,"['cart', 'view']",513679731,2,2,1,209.25,0.7166666666666667,1,1,0,True,False,True,0,104.625,1.0,0,0,0,0,0.01,High Priority
9a62d5b2-e02d-4569-9ac9-2d948f1c4bd3,2019-11-30 03:27:09+00:00,2019-11-30 03:27:09+00:00,1,['cart'],522450036,1,1,1,42.47,0.0,0,1,0,True,False,False,0,42.47,0.0,0,0,0,0,0.0,High Priority
fca6bb59-6369-4cd3-af76-1b8932897197,2019-11-30 03:31:45+00:00,2019-11-30 03:31:45+00:00,1,['cart'],540147864,1,1,1,460.74,0.0,0,1,0,True,False,False,0,460.74,0.0,0,0,0,0,0.0,High Priority
843010e5-b0d8-bdcb-2df2-11bf846cfb7c,2019-11-30 03:31:57+00:00,2019-11-30 03:31:57+00:00,1,['cart'],554508448,1,1,1,20.57,0.0,0,1,0,True,False,False,0,20.57,0.0,0,0,0,0,0.0,High Priority
bb6f4cdb-a886-4302-8120-e0d2e22cfe51,2019-11-30 03:36:13+00:00,2019-11-30 03:47:45+00:00,2,"['cart', 'view']",552384612,1,1,1,462.76,11.533333333333331,1,1,0,True,False,True,0,462.76,1.0,0,0,0,0,0.0,High Priority
9eb8de8d-c5e2-4f84-97cc-4811095b0d42,2019-11-30 03:41:15+00:00,2019-11-30 03:41:15+00:00,1,['cart'],577742854,1,1,1,993.95,0.0,0,1,0,True,False,False,0,993.95,0.0,0,0,0,0,0.0,High Priority
258240ad-99a1-4bbf-9ff0-80496287b525,2019-11-30 03:41:30+00:00,2019-11-30 03:41:30+00:00,1,['cart'],578724827,1,1,1,214.66,0.0,0,1,0,True,False,False,0,214.66,0.0,0,0,0,0,0.0,High Priority
d7833aa5-65c5-4995-9366-9a3cd2a23ae4,2019-11-30 03:45:52+00:00,2019-11-30 03:45:52+00:00,1,['cart'],567730475,1,1,1,460.74,0.0,0,1,0,True,False,False,0,460.74,0.0,0,0,0,0,0.0,High Priority
10518a3d-2298-410c-96b0-9d54e39d39bb,2019-11-30 03:48:53+00:00,2019-11-30 03:48:53+00:00,1,['cart'],528148330,1,1,1,176.04,0.0,0,1,0,True,False,False,0,176.04,0.0,0,0,0,0,0.0,High Priority
76324ab8-2bee-4519-bff8-ea753fa66905,2019-11-30 03:50:52+00:00,2019-11-30 03:50:52+00:00,1,['cart'],512681127,1,1,1,104.51,0.0,0,1,0,True,False,False,0,104.51,0.0,0,1,1,1,0.0,High Priority
01a33bea-1eaa-497f-8e97-3076851a4463,2019-11-30 03:53:21+00:00,2019-11-30 03:54:47+00:00,2,"['cart', 'view']",514955492,2,1,1,221.96,1.4333333333333331,1,1,0,True,False,True,0,110.98,1.0,0,0,0,0,0.0,High Priority
93114f8b-a557-45f3-bc7a-615b58e1b040,2019-11-30 04:01:04+00:00,2019-11-30 04:01:04+00:00,1,['cart'],559361610,1,1,1,153.13,0.0,0,1,0,True,False,False,0,153.13,0.0,0,0,0,0,0.0,High Priority
a402bcfa-36d4-444d-8aff-ae0b7c5dd533,2019-11-30 04:04:37+00:00,2019-11-30 04:04:37+00:00,1,['cart'],517147139,1,1,1,941.8,0.0,0,1,0,True,False,False,0,941.8,0.0,0,0,0,0,0.0,High Priority
b0ded241-18dd-4fb4-83de-0e36f056e493,2019-11-30 04:04:39+00:00,2019-11-30 04:04:39+00:00,1,['cart'],514601380,1,1,0,30.86,0.0,0,1,0,True,False,False,0,30.86,0.0,0,0,0,0,0.0,High Priority
f6e3e2ab-3e1d-4745-93f5-fce119af7eaf,2019-11-30 04:10:32+00:00,2019-11-30 04:10:32+00:00,1,['cart'],512800173,1,1,1,120.66,0.0,0,1,0,True,False,False,0,120.66,0.0,0,0,0,0,0.0,High Priority
73901511-bc07-4dc6-8ac3-96355396cbe9,2019-11-30 04:15:05+00:00,2019-11-30 04:15:05+00:00,1,['cart'],548173848,1,1,1,6.41,0.0,0,1,0,True,False,False,0,6.41,0.0,0,0,0,0,0.0,High Priority
5fbaaee9-59a9-4c21-ae17-443e4b2d20ee,2019-11-30 04:15:22+00:00,2019-11-30 04:15:22+00:00,1,['cart'],551037268,1,1,1,643.52,0.0,0,1,0,True,False,False,0,643.52,0.0,0,0,0,0,0.0,High Priority
b07485e4-058b-4812-9beb-6c5de663f496,2019-11-30 04:17:59+00:00,2019-11-30 04:17:59+00:00,1,['cart'],538501366,1,1,1,64.35,0.0,0,1,0,True,False,False,0,64.35,0.0,0,0,0,0,0.0,High Priority
4ff90e64-a4f7-48a0-b7c2-89d4ae81cd9c,2019-11-30 04:18:33+00:00,2019-11-30 04:18:33+00:00,1,['cart'],568157742,1,1,1,32.17,0.0,0,1,0,True,False,False,0,32.17,0.0,0,0,0,0,0.0,High Priority
6d5845d5-f83b-4b7f-97f8-8a691c618689,2019-11-30 04:19:39+00:00,2019-11-30 04:39:59+00:00,2,"['cart', 'view']",569024364,2,1,2,579.11,20.33333333333333,1,1,0,True,False,True,0,289.555,1.0,0,0,0,0,0.0,High Priority
9fdf5def-127d-41fe-b80a-8afcbd81d2fc,2019-11-30 04:20:12+00:00,2019-11-30 04:20:12+00:00,1,['cart'],513427089,1,1,1,109.01,0.0,0,1,0,True,False,False,0,109.01,0.0,0,0,0,0,0.0,High Priority
06e022bb-989c-48ae-94b0-c8aa25472acd,2019-11-30 04:22:30+00:00,2019-11-30 04:22:30+00:00,1,['cart'],561090117,1,1,1,916.37,0.0,0,1,0,True,False,False,0,916.37,0.0,0,0,0,0,0.0,High Priority
8815acb0-4341-4a8f-a041-8249511b1403,2019-11-30 04:25:57+00:00,2019-11-30 04:25:57+00:00,1,['cart'],520591116,1,1,0,40.28,0.0,0,1,0,True,False,False,0,40.28,0.0,0,0,0,0,0.0,High Priority
f8218b04-e065-4a0b-b180-bfe620eb64c5,2019-11-30 04:27:33+00:00,2019-11-30 04:27:33+00:00,1,['cart'],579418120,1,1,1,994.88,0.0,0,1,0,True,False,False,0,994.88,0.0,0,0,0,0,0.0,High Priority
a32f2254-c3bf-4fac-a8b9-5d90dd079368,2019-11-30 04:30:35+00:00,2019-11-30 04:30:35+00:00,1,['cart'],579420187,1,1,1,41.19,0.0,0,1,0,True,False,False,0,41.19,0.0,0,0,0,0,0.0,High Priority
a28fc7e3-3cbd-400c-9d14-1d3d90727126,2019-11-30 04:31:13+00:00,2019-11-30 04:31:13+00:00,1,['cart'],560823840,1,1,1,240.8,0.0,0,1,0,True,False,False,0,240.8,0.0,0,0,0,0,0.0,High Priority
1fe8c189-6f3e-4f62-a971-ff4c721cf356,2019-11-30 04:35:27+00:00,2019-11-30 04:36:47+00:00,2,"['cart', 'purchase']",530143724,1,1,1,123.56,1.3333333333333333,0,1,1,True,True,False,1,123.56,0.0,0,0,0,0,0.66,Standard
274359f7-58af-408f-a45d-813a98713861,2019-11-30 04:36:23+00:00,2019-11-30 04:36:23+00:00,1,['cart'],512571705,1,1,1,977.86,0.0,0,1,0,True,False,False,0,977.86,0.0,0,0,0,0,0.0,High Priority
811b8a0c-7b40-4a62-ba92-6857c7244f04,2019-11-30 04:36:29+00:00,2019-11-30 04:36:33+00:00,2,"['cart', 'view']",537527959,1,1,0,87.52,0.0666666666666666,1,1,0,True,False,True,0,87.52,1.0,0,0,0,0,0.0,High Priority
df7a7e40-cf55-476c-8b28-a5e89b505d07,2019-11-30 04:36:57+00:00,2019-11-30 04:36:57+00:00,1,['cart'],513696443,1,1,1,128.44,0.0,0,1,0,True,False,False,0,128.44,0.0,0,0,0,0,0.0,High Priority
c3735970-fad0-4c50-ba96-6574baa52998,2019-11-30 04:38:15+00:00,2019-11-30 04:38:15+00:00,1,['cart'],554981971,1,1,0,30.63,0.0,0,1,0,True,False,False,0,30.63,0.0,0,0,0,0,0.0,High Priority
b41093b2-14dd-47c3-a339-2a660d8bf404,2019-11-30 04:40:19+00:00,2019-11-30 04:44:18+00:00,2,"['cart', 'view']",540485990,2,2,2,818.7,3.983333333333333,1,1,0,True,False,True,0,409.35,1.0,0,0,0,0,0.0,High Priority
f9508311-8b2f-4e8a-8f24-64c942e3bc30,2019-11-30 04:45:21+00:00,2019-11-30 04:45:21+00:00,1,['cart'],555640272,1,1,1,42.99,0.0,0,1,0,True,False,False,0,42.99,0.0,0,0,0,0,0.0,High Priority
fe8e48dd-e944-474a-9cb9-abe86db8ec41,2019-11-30 04:47:14+00:00,2019-11-30 04:47:14+00:00,1,['cart'],519228907,1,1,1,36.78,0.0,0,1,0,True,False,False,0,36.78,0.0,0,0,0,0,0.0,High Priority
cba7ac52-d4dd-4456-8377-47944e3ebcff,2019-11-30 04:48:38+00:00,2019-11-30 04:48:38+00:00,1,['cart'],540758425,1,1,1,233.37,0.0,0,1,0,True,False,False,0,233.37,0.0,0,0,0,0,0.0,High Priority
9d6ec854-972a-4ae9-99d5-7a61cf7b2420,2019-11-30 04:50:30+00:00,2019-11-30 05:06:26+00:00,2,"['cart', 'view']",543786446,1,1,1,82.38,15.933333333333334,1,1,0,True,False,True,0,82.38,1.0,0,0,0,0,0.01,High Priority
3ce49f95-e2cb-4959-9cc3-1ddb65214cb7,2019-11-30 04:51:47+00:00,2019-11-30 04:51:47+00:00,1,['cart'],573777311,1,1,1,231.64,0.0,0,1,0,True,False,False,0,231.64,0.0,0,0,0,0,0.0,High Priority
07a2d688-4f86-49e1-a4e8-3cac63751e46,2019-11-30 04:54:01+00:00,2019-11-30 04:54:01+00:00,1,['cart'],517537955,1,1,1,1.52,0.0,0,1,0,True,False,False,0,1.52,0.0,0,0,0,0,0.0,High Priority
b09da813-039d-47b8-b9b0-e059616b9add,2019-11-30 04:54:55+00:00,2019-11-30 04:54:55+00:00,1,['cart'],531214335,1,1,1,298.05,0.0,0,1,0,True,False,False,0,298.05,0.0,0,0,0,0,0.0,High Priority
f0ac63c6-55f4-48c6-bb23-61aed5d8131f,2019-11-30 04:57:36+00:00,2019-11-30 04:57:36+00:00,1,['cart'],545528485,1,1,1,370.64,0.0,0,1,0,True,False,False,0,370.64,0.0,0,0,0,0,0.0,High Priority
57161dbf-82cd-4c90-80de-f12cd1b0a2a7,2019-11-30 04:57:48+00:00,2019-11-30 04:57:48+00:00,1,['cart'],574930433,1,1,1,69.47,0.0,0,1,0,True,False,False,0,69.47,0.0,0,0,0,0,0.0,High Priority
d264ab48-c50a-4d9b-a37d-777eb077c32e,2019-11-30 04:58:39+00:00,2019-11-30 04:58:39+00:00,1,['cart'],549347688,1,1,1,104.25,0.0,0,1,0,True,False,False,0,104.25,0.0,0,0,0,0,0.0,High Priority
4225a2e0-f505-4554-ab54-29040a6b8291,2019-11-30 05:00:08+00:00,2019-11-30 05:00:08+00:00,1,['cart'],513389067,1,1,0,24.39,0.0,0,1,0,True,False,False,0,24.39,0.0,0,0,0,0,0.0,High Priority
9208a77c-4c02-4ec3-8053-b4df7d1cbf4d,2019-11-30 05:00:43+00:00,2019-11-30 05:00:43+00:00,1,['cart'],571884633,1,1,0,77.82,0.0,0,1,0,True,False,False,0,77.82,0.0,0,0,0,0,0.0,High Priority
c33f8515-69ee-494a-a1fc-bf64a0fe6c63,2019-11-30 05:02:28+00:00,2019-11-30 05:09:13+00:00,2,"['cart', 'view']",534192745,2,1,1,563.41,6.75,1,1,0,True,False,True,0,281.705,1.0,0,0,0,0,0.0,High Priority
f809983e-8dab-49f9-b6fc-51d9ac620106,2019-11-30 05:04:06+00:00,2019-11-30 05:04:06+00:00,1,['cart'],516675760,1,1,1,285.15,0.0,0,1,0,True,False,False,0,285.15,0.0,0,0,0,0,0.0,High Priority
c72d05b9-35dc-4ee0-9b69-70e0072610c5,2019-11-30 05:04:16+00:00,2019-11-30 05:04:16+00:00,1,['cart'],516692090,1,1,1,64.35,0.0,0,1,0,True,False,False,0,64.35,0.0,0,0,0,0,0.0,High Priority
6a3bdc10-4b07-45dc-96f0-0488081b28da,2019-11-30 05:05:20+00:00,2019-11-30 05:05:20+00:00,1,['cart'],572599074,1,1,1,135.14,0.0,0,1,0,True,False,False,0,135.14,0.0,0,0,0,0,0.0,High Priority
8b2d6b6e-8f01-4fd6-b6db-1a6b40303f4d,2019-11-30 05:07:43+00:00,2019-11-30 05:07:43+00:00,1,['cart'],573806410,1,1,1,32.56,0.0,0,1,0,True,False,False,0,32.56,0.0,0,0,0,0,0.0,High Priority
b0a849ca-eeb9-4caa-a8c6-09bc69a85dff,2019-11-30 05:07:48+00:00,2019-11-30 05:07:48+00:00,1,['cart'],569905232,1,1,1,37.32,0.0,0,1,0,True,False,False,0,37.32,0.0,0,0,0,0,0.0,High Priority
654cb088-ab3a-4a21-bac3-cfed70d4bdb6,2019-11-30 05:09:04+00:00,2019-11-30 05:09:04+00:00,1,['cart'],512477268,1,1,1,120.41,0.0,0,1,0,True,False,False,0,120.41,0.0,0,0,0,0,0.0,High Priority
54660d55-d46d-46c1-b93e-653a876eac5e,2019-11-30 05:11:02+00:00,2019-11-30 05:11:02+00:00,1,['cart'],537861565,1,1,1,168.86,0.0,0,1,0,True,False,False,0,168.86,0.0,0,0,0,0,0.0,High Priority
a4bf2319-61cb-447f-b7c1-b8857fc5a187,2019-11-30 05:16:01+00:00,2019-11-30 05:16:01+00:00,1,['cart'],515034083,1,1,1,175.11,0.0,0,1,0,True,False,False,0,175.11,0.0,0,0,0,0,0.0,High Priority
eaf71eda-819d-40c0-9b0b-b13f6f1b1bc0,2019-11-30 05:16:08+00:00,2019-11-30 05:16:08+00:00,1,['cart'],516606687,1,1,1,435.0,0.0,0,1,0,True,False,False,0,435.0,0.0,0,0,0,0,0.0,High Priority
3e0bcb0e-5b1b-4ae5-a306-e655fb1aee27,2019-11-30 05:20:37+00:00,2019-11-30 05:20:37+00:00,1,['cart'],547168850,1,1,1,161.36,0.0,0,1,0,True,False,False,0,161.36,0.0,0,0,0,0,0.0,High Priority
2a43b69f-fbde-47a9-98b0-84a30d5acff2,2019-11-30 05:21:36+00:00,2019-11-30 05:28:26+00:00,2,"['cart', 'view']",520096091,1,1,1,64.36,6.833333333333333,1,1,0,True,False,True,0,64.36,1.0,0,0,0,0,0.0,High Priority
037dfde3-ab5a-4df1-8b7d-c2fc7a2c8988,2019-11-30 05:21:37+00:00,2019-11-30 05:21:37+00:00,1,['cart'],530934557,1,1,1,916.37,0.0,0,1,0,True,False,False,0,916.37,0.0,0,0,0,0,0.0,High Priority
e2e38dba-6301-47e3-a609-2251060ba70c,2019-11-30 05:22:08+00:00,2019-11-30 05:22:08+00:00,1,['cart'],579427301,1,1,1,134.37,0.0,0,1,0,True,False,False,0,134.37,0.0,0,0,0,0,0.0,High Priority
4c42b805-39c0-4584-93af-e6ddafc0fa84,2019-11-30 05:24:52+00:00,2019-11-30 05:24:52+00:00,1,['cart'],579421014,1,1,1,51.22,0.0,0,1,0,True,False,False,0,51.22,0.0,0,0,0,0,0.0,High Priority
a8d7ab5b-b73c-4f0b-8c43-4985369204b4,2019-11-30 05:25:18+00:00,2019-11-30 05:25:18+00:00,1,['cart'],559437487,1,1,1,167.03,0.0,0,1,0,True,False,False,0,167.03,0.0,0,0,0,0,0.0,High Priority
32957c59-240b-4614-a668-0a29be0fc382,2019-11-30 05:25:30+00:00,2019-11-30 05:25:30+00:00,1,['cart'],560370112,1,1,1,244.51,0.0,0,1,0,True,False,False,0,244.51,0.0,0,0,0,0,0.0,High Priority
862d3fb8-a833-422b-887a-533277310615,2019-11-30 05:26:16+00:00,2019-11-30 05:26:16+00:00,1,['cart'],527640146,1,1,0,8.98,0.0,0,1,0,True,False,False,0,8.98,0.0,0,0,0,0,0.0,High Priority
66e9de94-0b9c-499b-ad40-c4d946337863,2019-11-30 05:27:30+00:00,2019-11-30 05:27:30+00:00,1,['cart'],545485627,1,1,1,189.19,0.0,0,1,0,True,False,False,0,189.19,0.0,0,0,0,0,0.0,High Priority
74f8474e-c261-4cd2-8cb8-34bdd3c59c6e,2019-11-30 05:28:07+00:00,2019-11-30 05:28:07+00:00,1,['cart'],508342022,1,1,1,10.05,0.0,0,1,0,True,False,False,0,10.05,0.0,0,0,0,0,0.0,High Priority
f422ad33-b80d-476d-96e8-f9ea59dcc392,2019-11-30 05:29:00+00:00,2019-11-30 05:29:00+00:00,1,['cart'],520332727,1,1,1,1438.6,0.0,0,1,0,True,False,False,0,1438.6,0.0,0,0,0,0,0.0,High Priority
acfe2cf9-71b0-476c-bcbd-fe3801d7aaa1,2019-11-30 05:29:11+00:00,2019-11-30 05:29:11+00:00,1,['cart'],576930093,1,1,1,66.41,0.0,0,1,0,True,False,False,0,66.41,0.0,0,0,0,0,0.0,High Priority
5b697c9e-e5fb-435c-945c-569083d820eb,2019-11-30 05:30:38+00:00,2019-11-30 05:30:38+00:00,1,['cart'],570406100,1,1,1,1302.48,0.0,0,1,0,True,False,False,0,1302.48,0.0,0,0,0,0,0.0,High Priority
bf9cc33b-f68e-4f5b-bf4a-613fe3d608a0,2019-11-30 05:31:16+00:00,2019-11-30 05:31:16+00:00,1,['cart'],556610518,1,1,1,47.62,0.0,0,1,0,True,False,False,0,47.62,0.0,0,0,0,0,0.0,High Priority
80376388-6af6-4028-8571-7ca04f21a82a,2019-11-30 05:33:51+00:00,2019-11-30 05:43:39+00:00,2,"['cart', 'view']",556725432,2,2,2,144.61,9.8,1,1,0,True,False,True,0,72.305,1.0,0,0,0,0,0.0,High Priority
0ae46bb5-9629-4031-9b4e-31c3c7f47cd7,2019-11-30 05:36:12+00:00,2019-11-30 05:36:12+00:00,1,['cart'],524992430,1,1,1,952.15,0.0,0,1,0,True,False,False,0,952.15,0.0,0,0,0,0,0.0,High Priority
0ca9c3ea-526a-40b5-a4e5-7d729e6ab594,2019-11-30 05:39:24+00:00,2019-11-30 05:39:24+00:00,1,['cart'],512510967,1,1,1,33.21,0.0,0,1,0,True,False,False,0,33.21,0.0,0,0,0,0,0.0,High Priority
2d504212-f81c-4ca0-8c36-c6fff3125851,2019-11-30 05:41:50+00:00,2019-11-30 05:41:50+00:00,1,['cart'],575862247,1,1,1,206.7,0.0,0,1,0,True,False,False,0,206.7,0.0,0,0,0,0,0.0,High Priority
2f58b2f7-dbb9-4dd9-aad0-c1ee7895909a,2019-11-30 05:42:40+00:00,2019-11-30 05:42:40+00:00,1,['cart'],527770726,1,1,1,137.44,0.0,0,1,0,True,False,False,0,137.44,0.0,0,0,0,0,0.0,High Priority
d4f335c4-51a0-448c-921c-fe525db529f0,2019-11-30 05:44:02+00:00,2019-11-30 05:44:12+00:00,2,"['cart', 'view']",579443945,1,1,1,484.94,0.1666666666666666,1,1,0,True,False,True,0,484.94,1.0,0,0,0,0,0.0,High Priority
937ac9cf-ddbb-4a07-8a22-34f677dbe1d3,2019-11-30 05:44:28+00:00,2019-11-30 05:44:28+00:00,1,['cart'],528454107,1,1,1,290.48,0.0,0,1,0,True,False,False,0,290.48,0.0,0,0,0,0,0.0,High Priority
b8c9f7a5-f630-4e90-bcb1-4ff7ae75412f,2019-11-30 05:45:23+00:00,2019-11-30 05:45:23+00:00,1,['cart'],516814846,1,1,1,462.79,0.0,0,1,0,True,False,False,0,462.79,0.0,0,0,0,0,0.0,High Priority
25b694e6-789e-4cf7-b83f-7b4fba1a341a,2019-11-30 05:47:58+00:00,2019-11-30 05:47:58+00:00,1,['cart'],574239357,1,1,1,1302.48,0.0,0,1,0,True,False,False,0,1302.48,0.0,0,0,0,0,0.0,High Priority
1da768f6-6c06-48bf-9340-ee67a30529dd,2019-11-30 05:52:11+00:00,2019-11-30 05:52:11+00:00,1,['cart'],562694065,1,1,1,217.51,0.0,0,1,0,True,False,False,0,217.51,0.0,0,0,0,0,0.0,High Priority
25e31aa9-f08e-47d2-8522-d1ce6ba5ae81,2019-11-30 05:52:16+00:00,2019-11-30 05:52:16+00:00,1,['cart'],525959605,1,1,1,83.4,0.0,0,1,0,True,False,False,0,83.4,0.0,0,0,0,0,0.0,High Priority
ab81f123-e655-4842-a608-3ec1dd3fecb1,2019-11-30 05:54:44+00:00,2019-11-30 05:54:44+00:00,1,['cart'],520791752,1,1,1,73.88,0.0,0,1,0,True,False,False,0,73.88,0.0,0,0,0,0,0.0,High Priority
403f80e9-8391-42c7-a560-9157a23b2601,2019-11-30 05:55:47+00:00,2019-11-30 05:55:47+00:00,1,['cart'],572569834,1,1,1,227.55,0.0,0,1,0,True,False,False,0,227.55,0.0,0,0,0,0,0.0,High Priority
83e38b2a-61d6-4631-9429-47b09d5e2c81,2019-11-30 05:56:03+00:00,2019-11-30 05:56:03+00:00,1,['cart'],515895820,1,1,1,916.37,0.0,0,1,0,True,False,False,0,916.37,0.0,0,0,0,0,0.0,High Priority
79f9756d-1c80-4b81-b577-19f259d1e76e,2019-11-30 05:56:16+00:00,2019-11-30 05:56:16+00:00,1,['cart'],574579074,1,1,1,229.06,0.0,0,1,0,True,False,False,0,229.06,0.0,0,0,0,0,0.0,High Priority
6d12a0c4-5be0-4c23-bea1-a1cdfcee5fb2,2019-11-30 05:58:11+00:00,2019-11-30 05:58:11+00:00,1,['cart'],564435965,1,1,0,13.15,0.0,0,1,0,True,False,False,0,13.15,0.0,0,0,0,0,0.0,High Priority
6742462a-d16e-42a1-a90d-0ffc6cd980c1,2019-11-30 05:58:28+00:00,2019-11-30 05:58:28+00:00,1,['cart'],512604242,1,1,1,154.42,0.0,0,1,0,True,False,False,0,154.42,0.0,0,0,0,0,0.0,High Priority
a249a754-264d-4c18-9c4f-879dcd924a6e,2019-11-30 05:59:16+00:00,2019-11-30 06:31:08+00:00,2,"['cart', 'cart']",524511436,2,1,1,1219.86,31.866666666666667,0,2,0,True,False,False,0,609.93,0.0,0,0,0,0,0.01,High Priority
2cb27151-081f-4e84-8f73-6be04f700c7d,2019-11-30 06:04:13+00:00,2019-11-30 06:04:13+00:00,1,['cart'],579454689,1,1,1,167.29,0.0,0,1,0,True,False,False,0,167.29,0.0,0,0,0,0,0.0,High Priority
39868252-929f-40a4-aa7e-51ce823ca301,2019-11-30 06:04:19+00:00,2019-11-30 06:04:19+00:00,1,['cart'],577586406,1,1,1,900.9,0.0,0,1,0,True,False,False,0,900.9,0.0,0,0,0,0,0.0,High Priority
72c17096-66d4-471f-82ea-0b961c899eeb,2019-11-30 06:05:16+00:00,2019-11-30 06:13:12+00:00,2,"['cart', 'view']",513351383,2,1,1,351.75,7.933333333333334,1,1,0,True,False,True,0,175.875,1.0,0,0,0,0,0.0,High Priority
ff9330b3-31a9-4e89-9a7a-883a2c7080c5,2019-11-30 06:06:26+00:00,2019-11-30 06:06:26+00:00,1,['cart'],579441319,1,1,1,107.41,0.0,0,1,0,True,False,False,0,107.41,0.0,0,0,0,0,0.0,High Priority
c412d3d3-ba98-43ff-8ca8-ea9a7f14079a,2019-11-30 06:07:58+00:00,2019-11-30 06:07:58+00:00,1,['cart'],512663105,1,1,0,463.07,0.0,0,1,0,True,False,False,0,463.07,0.0,0,0,0,0,0.0,High Priority
ecf2e319-7b0d-4817-84a4-9fed01a2fb83,2019-11-30 06:08:40+00:00,2019-11-30 06:08:40+00:00,1,['cart'],559458101,1,1,1,44.02,0.0,0,1,0,True,False,False,0,44.02,0.0,0,0,0,0,0.0,High Priority
a1e3ce8f-e8d4-4606-8710-16c00eddab85,2019-11-30 06:10:28+00:00,2019-11-30 06:10:28+00:00,1,['cart'],572116449,1,1,1,42.99,0.0,0,1,0,True,False,False,0,42.99,0.0,0,0,0,0,0.0,High Priority
92d3bf84-dae5-4c97-ab3d-80df64c24e25,2019-11-30 06:10:32+00:00,2019-11-30 06:10:32+00:00,1,['cart'],579396236,1,1,1,347.41,0.0,0,1,0,True,False,False,0,347.41,0.0,0,0,0,0,0.0,High Priority
0b5af02a-46af-48ff-a08c-e1b0acf0b619,2019-11-30 06:11:53+00:00,2019-11-30 06:11:53+00:00,1,['cart'],572519882,1,1,1,643.26,0.0,0,1,0,True,False,False,0,643.26,0.0,0,0,0,0,0.0,High Priority
67fdfffb-10e7-4c8b-a719-4043190a2b22,2019-11-30 06:17:00+00:00,2019-11-30 06:17:00+00:00,1,['cart'],578744390,1,1,1,32.18,0.0,0,1,0,True,False,False,0,32.18,0.0,0,0,0,0,0.0,High Priority
fb345e1d-33d0-45fb-8211-aeb30ad33599,2019-11-30 06:17:16+00:00,2019-11-30 06:17:16+00:00,1,['cart'],533376971,1,1,1,166.81,0.0,0,1,0,True,False,False,0,166.81,0.0,0,0,0,0,0.0,High Priority
fddbd1c1-9cd8-4afb-8aef-42192b8891d4,2019-11-30 06:18:46+00:00,2019-11-30 06:18:46+00:00,1,['cart'],576853627,1,1,1,124.3,0.0,0,1,0,True,False,False,0,124.3,0.0,0,0,0,0,0.0,High Priority
de24559b-dcd1-41d5-b202-7afb25332ee9,2019-11-30 06:18:57+00:00,2019-11-30 06:18:57+00:00,1,['cart'],558161429,1,1,0,30.76,0.0,0,1,0,True,False,False,0,30.76,0.0,0,0,0,0,0.0,High Priority
528a715f-04a9-4894-8e4c-5b7f5b32f437,2019-11-30 06:19:10+00:00,2019-11-30 06:19:10+00:00,1,['cart'],575805746,1,1,1,591.75,0.0,0,1,0,True,False,False,0,591.75,0.0,0,0,0,0,0.0,High Priority
6f5d5110-b236-4d4d-b7d3-996b9586d835,2019-11-30 06:20:29+00:00,2019-11-30 06:20:29+00:00,1,['cart'],514368270,1,1,1,66.41,0.0,0,1,0,True,False,False,0,66.41,0.0,0,0,0,0,0.0,High Priority
bfb11da4-ced0-41bc-9dbc-7de4bf25f413,2019-11-30 06:23:41+00:00,2019-11-30 06:23:41+00:00,1,['cart'],579441807,1,1,1,36.04,0.0,0,1,0,True,False,False,0,36.04,0.0,0,0,0,0,0.0,High Priority
e7d9f7aa-5d13-4d86-959c-8ae27f3eb79b,2019-11-30 06:24:04+00:00,2019-11-30 06:24:04+00:00,1,['cart'],579463466,1,1,1,197.92,0.0,0,1,0,True,False,False,0,197.92,0.0,0,0,0,0,0.0,High Priority
1faafc7f-066d-4d73-b4b5-9b739562feb2,2019-11-30 06:24:06+00:00,2019-11-30 06:24:06+00:00,1,['cart'],513662424,1,1,1,285.15,0.0,0,1,0,True,False,False,0,285.15,0.0,0,0,0,0,0.0,High Priority
12753f9e-3854-4d63-86d3-50eab7c254a0,2019-11-30 06:27:32+00:00,2019-11-30 06:27:32+00:00,1,['cart'],542783895,1,1,1,916.37,0.0,0,1,0,True,False,False,0,916.37,0.0,0,0,0,0,0.0,High Priority
b30cbb26-0db2-4abe-8cee-74b8d7ebb101,2019-11-30 06:28:18+00:00,2019-11-30 06:28:18+00:00,1,['cart'],518652890,1,1,1,192.33,0.0,0,1,0,True,False,False,0,192.33,0.0,0,0,0,0,0.0,High Priority
2d81de9f-869f-4a96-ab3c-95a36b4df5ba,2019-11-30 06:28:41+00:00,2019-11-30 06:29:12+00:00,2,"['cart', 'view']",531638941,1,1,1,484.94,0.5166666666666667,1,1,0,True,False,True,0,484.94,1.0,0,0,0,0,0.0,High Priority
0501c763-e06b-4777-bf7f-8e900a6c0f68,2019-11-30 06:29:02+00:00,2019-11-30 07:10:17+00:00,2,"['cart', 'view']",513626063,1,1,1,95.24,41.25,1,1,0,True,False,True,0,95.24,1.0,0,0,0,0,0.0,High Priority
3c6235e2-9d3b-49de-8633-6c5d8dba027f,2019-11-30 06:29:40+00:00,2019-11-30 06:29:40+00:00,1,['cart'],554728941,1,1,1,540.3,0.0,0,1,0,True,False,False,0,540.3,0.0,0,0,0,0,0.0,High Priority
0c97e613-b116-494b-8ad6-2c9c0c394506,2019-11-30 06:29:53+00:00,2019-11-30 06:29:53+00:00,1,['cart'],554274307,1,1,1,191.94,0.0,0,1,0,True,False,False,0,191.94,0.0,0,0,0,0,0.0,High Priority
0b968ec2-6aca-4dfc-9b9a-0abcf3cb38a3,2019-11-30 06:29:55+00:00,2019-11-30 06:29:55+00:00,1,['cart'],512386086,1,1,1,898.35,0.0,0,1,0,True,False,False,0,898.35,0.0,0,1,1,1,0.0,High Priority
0937b865-2354-42cc-aad8-1d3343180f38,2019-11-30 06:30:50+00:00,2019-11-30 06:30:50+00:00,1,['cart'],516616007,1,1,1,180.16,0.0,0,1,0,True,False,False,0,180.16,0.0,0,0,0,0,0.0,High Priority
c68d1606-eb4b-4085-b867-bdf081150b05,2019-11-30 06:30:57+00:00,2019-11-30 06:30:57+00:00,1,['cart'],520979996,1,1,1,27.29,0.0,0,1,0,True,False,False,0,27.29,0.0,0,0,0,0,0.0,High Priority
ca385b12-e5ab-4c6c-8573-806cb1d1703c,2019-11-30 06:31:09+00:00,2019-11-30 06:31:09+00:00,1,['cart'],520164283,1,1,1,133.34,0.0,0,1,0,True,False,False,0,133.34,0.0,0,0,0,0,0.0,High Priority
bf360d9f-0a0b-4843-923d-d6fc26a73faf,2019-11-30 06:31:49+00:00,2019-11-30 06:31:49+00:00,1,['cart'],574170234,1,1,1,167.29,0.0,0,1,0,True,False,False,0,167.29,0.0,0,0,0,0,0.0,High Priority
61ba8e77-495a-46d0-8bef-f850352f1a40,2019-11-30 06:32:30+00:00,2019-11-30 06:32:30+00:00,1,['cart'],540450729,1,1,1,21.62,0.0,0,1,0,True,False,False,0,21.62,0.0,0,0,0,0,0.0,High Priority
c8ae8bd0-0a87-46dc-b0cc-ee8b008f3bd1,2019-11-30 06:33:15+00:00,2019-11-30 06:33:15+00:00,1,['cart'],569134557,1,1,1,128.42,0.0,0,1,0,True,False,False,0,128.42,0.0,0,0,0,0,0.0,High Priority
abf302d6-ac68-4f24-9175-6ff98144006c,2019-11-30 06:34:27+00:00,2019-11-30 06:34:27+00:00,1,['cart'],579443653,1,1,1,43.76,0.0,0,1,0,True,False,False,0,43.76,0.0,0,0,0,0,0.0,High Priority
20d89f1c-80ee-4d68-88ee-60b22c2f4da5,2019-11-30 06:36:08+00:00,2019-11-30 06:36:08+00:00,1,['cart'],522211771,1,1,1,347.41,0.0,0,1,0,True,False,False,0,347.41,0.0,0,0,0,0,0.0,High Priority
5088c3ce-8643-4f86-8a20-0f7efa1f631e,2019-11-30 06:37:01+00:00,2019-11-30 06:37:01+00:00,1,['cart'],517018422,1,1,1,71.82,0.0,0,1,0,True,False,False,0,71.82,0.0,0,0,0,0,0.0,High Priority
c62114ef-3316-434b-bcc2-36f52300dd17,2019-11-30 06:37:57+00:00,2019-11-30 06:37:57+00:00,1,['cart'],552863523,1,1,1,15.42,0.0,0,1,0,True,False,False,0,15.42,0.0,0,0,0,0,0.0,High Priority
2f717ecd-4a44-41ea-ad88-5ab7a251b89a,2019-11-30 06:40:20+00:00,2019-11-30 06:40:20+00:00,1,['cart'],578084397,1,1,1,245.8,0.0,0,1,0,True,False,False,0,245.8,0.0,0,0,0,0,0.0,High Priority
7c8f030e-67b0-451b-91d0-5eaee1f5dbfc,2019-11-30 06:41:24+00:00,2019-11-30 06:41:24+00:00,1,['cart'],575090552,1,1,1,242.47,0.0,0,1,0,True,False,False,0,242.47,0.0,0,0,0,0,0.0,High Priority
d9d1f710-a4d2-4ab4-9170-6266dc726b3b,2019-11-30 06:42:53+00:00,2019-11-30 06:42:53+00:00,1,['cart'],552155636,1,1,1,384.54,0.0,0,1,0,True,False,False,0,384.54,0.0,0,0,0,0,0.0,High Priority
fb029d16-6730-43e1-9c3b-1e918d9f35ba,2019-11-30 06:43:04+00:00,2019-11-30 06:43:04+00:00,1,['cart'],574361325,1,1,1,166.81,0.0,0,1,0,True,False,False,0,166.81,0.0,0,0,0,0,0.0,High Priority
2b7455f1-33eb-457a-b12c-925f83160b79,2019-11-30 06:45:59+00:00,2019-11-30 06:46:32+00:00,2,"['cart', 'cart']",569974323,1,1,1,72.08,0.55,0,2,0,True,False,False,0,72.08,0.0,0,0,0,0,0.02,High Priority
a99518cf-d1e5-4352-ac41-08def0b1af5e,2019-11-30 06:49:25+00:00,2019-11-30 06:49:25+00:00,1,['cart'],567017071,1,1,1,10.27,0.0,0,1,0,True,False,False,0,10.27,0.0,0,0,0,0,0.0,High Priority
4b221fed-8db8-4a60-853c-5bf924c3ae81,2019-11-30 06:50:04+00:00,2019-11-30 06:50:04+00:00,1,['cart'],516997364,1,1,1,261.27,0.0,0,1,0,True,False,False,0,261.27,0.0,0,0,0,0,0.0,High Priority
e0691bf3-9b02-48d7-8205-1edc989689ab,2019-11-30 06:51:41+00:00,2019-11-30 06:51:41+00:00,1,['cart'],515958463,1,1,1,378.16,0.0,0,1,0,True,False,False,0,378.16,0.0,0,0,0,0,0.0,High Priority
ed9f7cfe-32a9-4d7f-b4ca-0391e0f77136,2019-11-30 06:51:50+00:00,2019-11-30 06:51:50+00:00,1,['cart'],579474429,1,1,1,1070.3,0.0,0,1,0,True,False,False,0,1070.3,0.0,0,0,0,0,0.0,High Priority
75ce57a2-0552-471c-a332-ae4609e6f3fc,2019-11-30 06:53:58+00:00,2019-11-30 06:53:58+00:00,1,['cart'],518434187,1,1,0,38.02,0.0,0,1,0,True,False,False,0,38.02,0.0,0,0,0,0,0.0,High Priority
a981954b-301a-4b58-a410-175e51ea54df,2019-11-30 06:54:17+00:00,2019-11-30 06:54:17+00:00,1,['cart'],579450790,1,1,1,38.74,0.0,0,1,0,True,False,False,0,38.74,0.0,0,0,0,0,0.0,High Priority
56738ec7-ec30-45b1-aad5-f6057e5324ab,2019-11-30 06:54:57+00:00,2019-11-30 06:54:57+00:00,1,['cart'],512466905,1,1,0,29.6,0.0,0,1,0,True,False,False,0,29.6,0.0,0,0,0,0,0.0,High Priority
7e66c6ed-8d22-464c-9c12-e8c7a1d2ee0a,2019-11-30 06:59:39+00:00,2019-11-30 06:59:39+00:00,1,['cart'],512786122,1,1,1,34.75,0.0,0,1,0,True,False,False,0,34.75,0.0,0,0,0,0,0.0,High Priority
9fa97bcf-1fed-4b7d-ac8f-6c0ea0059073,2019-11-30 06:59:53+00:00,2019-11-30 07:00:03+00:00,2,"['cart', 'view']",579477093,1,1,1,340.08,0.1666666666666666,1,1,0,True,False,True,0,340.08,1.0,0,0,0,0,0.0,High Priority
8043c5dd-8ec4-4eac-a4ea-2296850308c6,2019-11-30 07:01:09+00:00,2019-11-30 07:01:09+00:00,1,['cart'],572157350,1,1,1,271.82,0.0,0,1,0,True,False,False,0,271.82,0.0,0,0,0,0,0.0,High Priority
f727e86f-8731-483c-a90f-8be5f0da167c,2019-11-30 07:01:50+00:00,2019-11-30 07:01:50+00:00,1,['cart'],522502991,1,1,1,295.99,0.0,0,1,0,True,False,False,0,295.99,0.0,0,0,0,0,0.0,High Priority
bdbf9f96-38d6-4e8e-80a0-a1bc1fd969e6,2019-11-30 07:04:36+00:00,2019-11-30 07:04:36+00:00,1,['cart'],543157169,1,1,1,36.81,0.0,0,1,0,True,False,False,0,36.81,0.0,0,0,0,0,0.0,High Priority
f73de87d-6ab6-4733-bf2d-48a2f91ab83f,2019-11-30 07:05:10+00:00,2019-11-30 07:05:10+00:00,1,['cart'],578822359,1,1,1,167.29,0.0,0,1,0,True,False,False,0,167.29,0.0,0,0,0,0,0.0,High Priority
ae39221f-3c09-47e4-a747-6226a4cffc78,2019-11-30 07:05:32+00:00,2019-11-30 07:05:32+00:00,1,['cart'],532378021,1,1,1,37.01,0.0,0,1,0,True,False,False,0,37.01,0.0,0,0,0,0,0.0,High Priority
a2feba3e-11b7-4c4c-b759-14468e7e2a9b,2019-11-30 07:07:17+00:00,2019-11-30 07:07:17+00:00,1,['cart'],555069531,1,1,1,242.47,0.0,0,1,0,True,False,False,0,242.47,0.0,0,0,0,0,0.0,High Priority
66f72d5e-0b86-4702-a29b-bbdb6f8090a2,2019-11-30 07:07:56+00:00,2019-11-30 07:07:56+00:00,1,['cart'],517298400,1,1,1,58.94,0.0,0,1,0,True,False,False,0,58.94,0.0,0,0,0,0,0.0,High Priority
dc3f12cc-9739-49fa-aa9b-26abc9a59e3e,2019-11-30 07:08:14+00:00,2019-11-30 07:08:14+00:00,1,['cart'],544742609,1,1,1,242.47,0.0,0,1,0,True,False,False,0,242.47,0.0,0,0,0,0,0.0,High Priority
0f1db144-afeb-4b7d-bda9-f394f7c9090a,2019-11-30 07:08:50+00:00,2019-11-30 07:08:50+00:00,1,['cart'],514210374,1,1,1,329.4,0.0,0,1,0,True,False,False,0,329.4,0.0,0,1,1,1,0.0,High Priority
6e2051de-119b-4388-851e-3cf077f0f9c0,2019-11-30 07:09:19+00:00,2019-11-30 07:09:19+00:00,1,['cart'],578889805,1,1,1,229.59,0.0,0,1,0,True,False,False,0,229.59,0.0,0,0,0,0,0.0,High Priority
091bb658-cdf6-4feb-b205-87e9a01da04f,2019-11-30 07:10:43+00:00,2019-11-30 07:10:43+00:00,1,['cart'],579001461,1,1,1,107.41,0.0,0,1,0,True,False,False,0,107.41,0.0,0,0,0,0,0.0,High Priority
bb36700a-16b3-4431-8c53-3072f5dcb7f7,2019-11-30 07:12:51+00:00,2019-11-30 07:14:41+00:00,2,"['cart', 'purchase']",565760196,1,1,1,874.62,1.8333333333333333,0,1,1,True,True,False,1,874.62,0.0,0,0,0,0,0.9,Monitor Only
8ef9a66d-ce6d-5dd4-276b-34c7df5b5a85,2019-11-30 07:13:14+00:00,2019-11-30 07:13:14+00:00,1,['cart'],513484290,1,1,1,385.3,0.0,0,1,0,True,False,False,0,385.3,0.0,0,0,0,0,0.0,High Priority
d567b6d1-903b-4be8-9da3-2f095a3b51ec,2019-11-30 07:14:54+00:00,2019-11-30 07:14:54+00:00,1,['cart'],576117256,1,1,1,124.84,0.0,0,1,0,True,False,False,0,124.84,0.0,0,0,0,0,0.0,High Priority
c16994fc-e7f1-4c88-b8f9-6ec70d455503,2019-11-30 07:16:43+00:00,2019-11-30 07:16:43+00:00,1,['cart'],579484508,1,1,0,29.58,0.0,0,1,0,True,False,False,0,29.58,0.0,0,0,0,0,0.0,High Priority
5f32e883-1fd4-474d-bac3-eacf9c21c48d,2019-11-30 07:18:50+00:00,2019-11-30 07:18:50+00:00,1,['cart'],518284757,1,1,1,203.33,0.0,0,1,0,True,False,False,0,203.33,0.0,0,0,0,0,0.0,High Priority
6a2e492f-31a5-49b4-b3ab-1f7ae8def5cb,2019-11-30 07:19:01+00:00,2019-11-30 07:19:01+00:00,1,['cart'],559742500,1,1,1,131.79,0.0,0,1,0,True,False,False,0,131.79,0.0,0,0,0,0,0.0,High Priority
ceabfc7a-b400-4d90-93cc-d0d15f75b7cc,2019-11-30 07:21:35+00:00,2019-11-30 07:21:35+00:00,1,['cart'],527534968,1,1,1,137.44,0.0,0,1,0,True,False,False,0,137.44,0.0,0,0,0,0,0.0,High Priority
39830caf-ea1a-4c84-82ff-2ab2fc03bd1f,2019-11-30 07:22:28+00:00,2019-11-30 07:22:28+00:00,1,['cart'],535741113,1,1,1,161.91,0.0,0,1,0,True,False,False,0,161.91,0.0,0,0,0,0,0.0,High Priority
627cfef9-fc20-42eb-954e-2268b360d2cc,2019-11-30 07:24:59+00:00,2019-11-30 07:24:59+00:00,1,['cart'],579483756,1,1,1,173.75,0.0,0,1,0,True,False,False,0,173.75,0.0,0,0,0,0,0.0,High Priority
d4f5eee5-d755-4edd-abbd-9d7d3f8f7a59,2019-11-30 07:25:11+00:00,2019-11-30 07:25:11+00:00,1,['cart'],539343514,1,1,1,1302.48,0.0,0,1,0,True,False,False,0,1302.48,0.0,0,0,0,0,0.0,High Priority
8b6397e3-716f-47cb-89a2-e754f0a3d78c,2019-11-30 07:27:02+00:00,2019-11-30 07:27:02+00:00,1,['cart'],572969819,1,1,1,200.78,0.0,0,1,0,True,False,False,0,200.78,0.0,0,0,0,0,0.0,High Priority
785c26c7-fb95-4ee9-8bc9-f4693051f97d,2019-11-30 07:28:49+00:00,2019-11-30 07:28:49+00:00,1,['cart'],513384167,1,1,1,25.48,0.0,0,1,0,True,False,False,0,25.48,0.0,0,0,0,0,0.0,High Priority
bb1fd8c3-1936-4e80-86f3-10ea57dc666f,2019-11-30 07:29:50+00:00,2019-11-30 07:29:50+00:00,1,['cart'],566463487,1,1,1,231.38,0.0,0,1,0,True,False,False,0,231.38,0.0,0,0,0,0,0.0,High Priority
8b30d008-0237-4286-89cc-cb23112d2b94,2019-11-30 07:30:24+00:00,2019-11-30 07:30:24+00:00,1,['cart'],523262203,1,1,1,192.33,0.0,0,1,0,True,False,False,0,192.33,0.0,0,0,0,0,0.0,High Priority
566f3e22-68e6-4f38-90f3-afb5488bcf93,2019-11-30 07:32:14+00:00,2019-11-30 07:32:14+00:00,1,['cart'],560469712,1,1,1,916.37,0.0,0,1,0,True,False,False,0,916.37,0.0,0,1,1,1,0.0,High Priority
2b273c14-2aaf-4934-8415-40f1ac8d6bf9,2019-11-30 07:34:50+00:00,2019-11-30 07:34:50+00:00,1,['cart'],521487900,1,1,1,25.48,0.0,0,1,0,True,False,False,0,25.48,0.0,0,0,0,0,0.0,High Priority
05858a9a-f277-4010-bdec-e8ba0b173553,2019-11-30 07:35:19+00:00,2019-11-30 07:35:19+00:00,1,['cart'],512970582,1,1,1,4.09,0.0,0,1,0,True,False,False,0,4.09,0.0,0,0,0,0,0.0,High Priority
6abcb02b-c5a7-4fa4-8d2d-929dd1343cea,2019-11-30 07:36:51+00:00,2019-11-30 07:36:51+00:00,1,['cart'],512891327,1,1,1,40.16,0.0,0,1,0,True,False,False,0,40.16,0.0,0,0,0,0,0.0,High Priority
e1ea08fb-8259-45f7-bd40-6f6a783bf290,2019-11-30 07:39:32+00:00,2019-11-30 07:39:32+00:00,1,['cart'],528293676,1,1,1,33.44,0.0,0,1,0,True,False,False,0,33.44,0.0,0,0,0,0,0.0,High Priority
e90d5996-219c-49bc-8299-6b760ff397c2,2019-11-30 07:42:28+00:00,2019-11-30 07:42:28+00:00,1,['cart'],568831413,1,1,1,137.44,0.0,0,1,0,True,False,False,0,137.44,0.0,0,1,1,1,0.0,High Priority
6f28d643-07bb-49aa-943b-61c3b77010cf,2019-11-30 07:43:24+00:00,2019-11-30 07:43:24+00:00,1,['cart'],522084580,1,1,1,161.36,0.0,0,1,0,True,False,False,0,161.36,0.0,0,0,0,0,0.0,High Priority
afd1e184-3857-4b8f-8907-6d3079d0b978,2019-11-30 07:45:17+00:00,2019-11-30 07:46:35+00:00,2,"['cart', 'purchase']",549649567,1,1,1,1739.56,1.3,0,1,1,True,True,False,1,1739.56,0.0,0,0,0,0,0.73,Monitor Only
01354b30-28e5-4eb8-9b4b-3399a51c03ca,2019-11-30 07:49:00+00:00,2019-11-30 07:49:00+00:00,1,['cart'],514859668,1,1,1,242.47,0.0,0,1,0,True,False,False,0,242.47,0.0,0,0,0,0,0.0,High Priority
b9c741df-5df6-47fd-a314-94aae796bad3,2019-11-30 07:49:04+00:00,2019-11-30 07:49:04+00:00,1,['cart'],565482341,1,1,0,30.76,0.0,0,1,0,True,False,False,0,30.76,0.0,0,0,0,0,0.0,High Priority
c63213e2-a0dd-4e02-b6fe-407823da2b29,2019-11-30 07:50:16+00:00,2019-11-30 07:50:16+00:00,1,['cart'],577566408,1,1,1,17.68,0.0,0,1,0,True,False,False,0,17.68,0.0,0,0,0,0,0.0,High Priority
6e1addf4-0c3d-4071-8261-3534c61a4a99,2019-11-30 07:52:45+00:00,2019-11-30 07:52:45+00:00,1,['cart'],569623854,1,1,1,591.75,0.0,0,1,0,True,False,False,0,591.75,0.0,0,0,0,0,0.0,High Priority
24acd9b7-ce8d-4740-8c88-5f7b6547b211,2019-11-30 07:52:50+00:00,2019-11-30 07:52:50+00:00,1,['cart'],538330441,1,1,1,1302.48,0.0,0,1,0,True,False,False,0,1302.48,0.0,0,0,0,0,0.0,High Priority
ff6f7193-d068-4a5e-b190-dd27ca954ff9,2019-11-30 07:53:25+00:00,2019-11-30 07:53:25+00:00,1,['cart'],514584080,1,1,1,239.36,0.0,0,1,0,True,False,False,0,239.36,0.0,0,0,0,0,0.0,High Priority
85cbadb7-dd53-4b7f-a74c-a4bb2bdb690e,2019-11-30 07:58:20+00:00,2019-11-30 07:58:20+00:00,1,['cart'],514466619,1,1,0,162.42,0.0,0,1,0,True,False,False,0,162.42,0.0,0,0,0,0,0.0,High Priority
63df66b9-ae66-43dc-b70e-d7120639117b,2019-11-30 07:58:44+00:00,2019-11-30 07:58:44+00:00,1,['cart'],573406749,1,1,1,131.79,0.0,0,1,0,True,False,False,0,131.79,0.0,0,0,0,0,0.0,High Priority
eab37829-f72c-4e85-b42b-75a469aca0de,2019-11-30 08:00:18+00:00,2019-11-30 08:00:18+00:00,1,['cart'],518332613,1,1,1,316.53,0.0,0,1,0,True,False,False,0,316.53,0.0,0,0,0,0,0.0,High Priority
ab92cf22-59c3-45fe-8e60-8bc4a4c97299,2019-11-30 08:01:45+00:00,2019-11-30 08:01:45+00:00,1,['cart'],517960829,1,1,1,1302.48,0.0,0,1,0,True,False,False,0,1302.48,0.0,0,0,0,0,0.0,High Priority
6d46819f-34e7-4652-856a-f602c89b7105,2019-11-30 08:03:05+00:00,2019-11-30 08:03:05+00:00,1,['cart'],579488465,1,1,1,191.94,0.0,0,1,0,True,False,False,0,191.94,0.0,0,0,0,0,0.0,High Priority
8e97feef-c3bc-4a46-b63c-d07d061be6aa,2019-11-30 08:09:05+00:00,2019-11-30 08:09:05+00:00,1,['cart'],514657444,1,1,1,285.05,0.0,0,1,0,True,False,False,0,285.05,0.0,0,0,0,0,0.0,High Priority
48b69521-5c4f-462e-a8ff-6fffe63ad0d8,2019-11-30 08:09:19+00:00,2019-11-30 08:09:19+00:00,1,['cart'],579152211,1,1,1,33.21,0.0,0,1,0,True,False,False,0,33.21,0.0,0,0,0,0,0.0,High Priority
ac051864-8aa7-486a-b744-e0252d403b22,2019-11-30 08:14:38+00:00,2019-11-30 08:14:38+00:00,1,['cart'],546309572,1,1,0,20.34,0.0,0,1,0,True,False,False,0,20.34,0.0,0,0,0,0,0.0,High Priority
0102c2e9-f5ea-4e6d-9557-74b0a01293db,2019-11-30 08:18:01+00:00,2019-11-30 08:18:01+00:00,1,['cart'],518922220,1,1,1,32.18,0.0,0,1,0,True,False,False,0,32.18,0.0,0,0,0,0,0.0,High Priority
59de8ea8-0487-4c3c-8ec1-92431644ae0e,2019-11-30 08:21:12+00:00,2019-11-30 08:21:12+00:00,1,['cart'],545655649,1,1,1,10.27,0.0,0,1,0,True,False,False,0,10.27,0.0,0,0,0,0,0.0,High Priority
8c61bd76-7c00-4fd0-82ed-304de2920ba2,2019-11-30 08:22:24+00:00,2019-11-30 08:22:24+00:00,1,['cart'],541529414,1,1,1,64.35,0.0,0,1,0,True,False,False,0,64.35,0.0,0,0,0,0,0.0,High Priority
3b92a017-9b54-493b-84cb-1ce1e035d089,2019-11-30 08:28:42+00:00,2019-11-30 08:28:42+00:00,1,['cart'],577079633,1,1,1,308.86,0.0,0,1,0,True,False,False,0,308.86,0.0,0,0,0,0,0.0,High Priority
23e9bbd2-21f6-4ab9-a330-0750df3edf48,2019-11-30 08:30:02+00:00,2019-11-30 08:30:02+00:00,1,['cart'],515936244,1,1,1,146.72,0.0,0,1,0,True,False,False,0,146.72,0.0,0,0,0,0,0.0,High Priority
ac5fb727-7da0-46ce-b4b6-48feaa24d1f0,2019-11-30 08:33:04+00:00,2019-11-30 08:33:04+00:00,1,['cart'],579516168,1,1,1,95.21,0.0,0,1,0,True,False,False,0,95.21,0.0,0,0,0,0,0.0,High Priority
0dd0b7cb-76e9-4593-82dc-e24844de9791,2019-11-30 08:33:31+00:00,2019-11-30 08:34:45+00:00,2,"['cart', 'view']",514581567,2,1,2,807.74,1.2333333333333334,1,1,0,True,False,True,0,403.87,1.0,0,0,0,0,0.0,High Priority
e3111ea9-71bf-4169-b0eb-cf25d7b630c5,2019-11-30 08:34:22+00:00,2019-11-30 08:34:22+00:00,1,['cart'],578666180,1,1,1,251.49,0.0,0,1,0,True,False,False,0,251.49,0.0,0,0,0,0,0.0,High Priority
310a9d55-39b4-4021-b16c-d6b88898c515,2019-11-30 08:34:25+00:00,2019-11-30 08:34:25+00:00,1,['cart'],529069585,1,1,1,249.3,0.0,0,1,0,True,False,False,0,249.3,0.0,0,0,0,0,0.0,High Priority
46df3078-ba70-4319-a905-1f144ff38957,2019-11-30 08:34:34+00:00,2019-11-30 08:34:34+00:00,1,['cart'],524766170,1,1,1,41.19,0.0,0,1,0,True,False,False,0,41.19,0.0,0,0,0,0,0.0,High Priority
68cf70b3-2528-4618-a4df-99fc2e0e945b,2019-11-30 08:35:30+00:00,2019-11-30 08:35:30+00:00,1,['cart'],572087212,1,1,1,56.63,0.0,0,1,0,True,False,False,0,56.63,0.0,0,0,0,0,0.0,High Priority
a3057431-e98f-4ab1-8fa8-9da128f9251f,2019-11-30 08:35:30+00:00,2019-11-30 08:35:30+00:00,1,['cart'],521077422,1,1,1,32.69,0.0,0,1,0,True,False,False,0,32.69,0.0,0,0,0,0,0.0,High Priority
6517fc0a-e9a6-432a-b02a-3d91b624a8b1,2019-11-30 08:36:58+00:00,2019-11-30 11:22:39+00:00,4,"['cart', 'cart', 'view', 'view']",538473314,4,1,4,1347.48,165.68333333333334,2,2,0,True,False,True,0,336.87,1.0,0,2,2,2,0.0,High Priority
9ee75054-5b3f-4b6c-97a8-925bf4bf88ca,2019-11-30 08:38:04+00:00,2019-11-30 08:38:04+00:00,1,['cart'],579066788,1,1,1,191.77,0.0,0,1,0,True,False,False,0,191.77,0.0,0,0,0,0,0.0,High Priority
ad1a36d0-0e6d-4d01-9ede-d703dcae40ae,2019-11-30 08:44:26+00:00,2019-11-30 08:44:26+00:00,1,['cart'],530423716,1,1,1,74.39,0.0,0,1,0,True,False,False,0,74.39,0.0,0,0,0,0,0.0,High Priority
dcf88064-1a48-48be-9b15-4e9588adbeb3,2019-11-30 08:45:03+00:00,2019-11-30 08:45:03+00:00,1,['cart'],513443555,1,1,1,20.57,0.0,0,1,0,True,False,False,0,20.57,0.0,0,0,0,0,0.0,High Priority
eb9ff6c5-54ce-4d73-a96e-36bf43c0e3b0,2019-11-30 08:45:04+00:00,2019-11-30 08:45:04+00:00,1,['cart'],539435289,1,1,1,195.35,0.0,0,1,0,True,False,False,0,195.35,0.0,0,0,0,0,0.0,High Priority
ca8f59c4-7922-497f-922e-c61fc46fef50,2019-11-30 08:47:35+00:00,2019-11-30 08:47:35+00:00,1,['cart'],512478186,1,1,1,88.81,0.0,0,1,0,True,False,False,0,88.81,0.0,0,0,0,0,0.0,High Priority
1d65f11c-fab2-4d22-b3ab-11444fe41029,2019-11-30 08:48:41+00:00,2019-11-30 08:48:41+00:00,1,['cart'],579447183,1,1,1,256.63,0.0,0,1,0,True,False,False,0,256.63,0.0,0,0,0,0,0.0,High Priority
40f908a3-d0a9-4874-a65f-7fd470842ace,2019-11-30 08:51:01+00:00,2019-11-30 08:51:01+00:00,1,['cart'],579481156,1,1,1,137.02,0.0,0,1,0,True,False,False,0,137.02,0.0,0,0,0,0,0.0,High Priority
44b48c87-df1e-4b14-befd-cdeb37645f60,2019-11-30 08:51:43+00:00,2019-11-30 08:51:43+00:00,1,['cart'],513646270,1,1,1,124.3,0.0,0,1,0,True,False,False,0,124.3,0.0,0,0,0,0,0.0,High Priority
2726bd68-8cb5-4fe1-881f-9c72ea432def,2019-11-30 08:52:06+00:00,2019-11-30 08:52:06+00:00,1,['cart'],560203413,1,1,1,124.3,0.0,0,1,0,True,False,False,0,124.3,0.0,0,0,0,0,0.0,High Priority
f468403e-3cf1-4d38-ad8a-f8a7ec5f6879,2019-11-30 08:52:12+00:00,2019-11-30 08:52:12+00:00,1,['cart'],512599904,1,1,1,849.16,0.0,0,1,0,True,False,False,0,849.16,0.0,0,0,0,0,0.0,High Priority
9fbc088a-74e0-4568-bf4e-8d06cc7f09a8,2019-11-30 08:54:18+00:00,2019-11-30 08:54:18+00:00,1,['cart'],513421523,1,1,1,371.95,0.0,0,1,0,True,False,False,0,371.95,0.0,0,0,0,0,0.0,High Priority
c311b4c9-db6b-4454-8c4b-228c8f7b2d6d,2019-11-30 08:55:22+00:00,2019-11-30 08:55:22+00:00,1,['cart'],568313698,1,1,1,89.84,0.0,0,1,0,True,False,False,0,89.84,0.0,0,0,0,0,0.0,High Priority
3414c100-eda8-451f-b5cd-d0422d636874,2019-11-30 08:55:37+00:00,2019-11-30 08:55:37+00:00,1,['cart'],579002969,1,1,0,40.64,0.0,0,1,0,True,False,False,0,40.64,0.0,0,0,0,0,0.0,High Priority
dc6eded7-f498-4908-b138-da683e14f293,2019-11-30 08:56:27+00:00,2019-11-30 08:56:27+00:00,1,['cart'],552993133,1,1,1,169.37,0.0,0,1,0,True,False,False,0,169.37,0.0,0,0,0,0,0.0,High Priority
a1b6b803-1111-46d2-9b58-6a7c4e696750,2019-11-30 08:57:36+00:00,2019-11-30 08:57:36+00:00,1,['cart'],537754153,1,1,1,411.83,0.0,0,1,0,True,False,False,0,411.83,0.0,0,0,0,0,0.0,High Priority
0e618f53-943b-4f1c-adbd-ce10b0244d2e,2019-11-30 08:57:48+00:00,2019-11-30 08:57:48+00:00,1,['cart'],514986040,1,1,1,11.58,0.0,0,1,0,True,False,False,0,11.58,0.0,0,0,0,0,0.0,High Priority
4d1a223e-b454-4285-8226-5d6b1f2eb7ef,2019-11-30 08:58:09+00:00,2019-11-30 08:58:09+00:00,1,['cart'],512610012,1,1,1,460.5,0.0,0,1,0,True,False,False,0,460.5,0.0,0,0,0,0,0.0,High Priority
b38bfe95-e5b0-4c5a-a38f-cdff784ee119,2019-11-30 09:00:21+00:00,2019-11-30 09:00:21+00:00,1,['cart'],547407843,1,1,1,284.95,0.0,0,1,0,True,False,False,0,284.95,0.0,0,0,0,0,0.0,High Priority
0775a2b7-cdeb-4e78-98b7-c4b51e8a5091,2019-11-30 09:01:55+00:00,2019-11-30 09:01:55+00:00,1,['cart'],529177246,1,1,0,114.03,0.0,0,1,0,True,False,False,0,114.03,0.0,0,0,0,0,0.0,High Priority
6ace0228-9900-432c-8d79-9749ec4100ba,2019-11-30 09:02:45+00:00,2019-11-30 09:02:45+00:00,1,['cart'],579532967,1,1,1,532.83,0.0,0,1,0,True,False,False,0,532.83,0.0,0,0,0,0,0.0,High Priority
60009f19-d417-4c25-9bfe-9098fde25cb3,2019-11-30 09:03:54+00:00,2019-11-30 09:03:54+00:00,1,['cart'],528426245,1,1,1,372.98,0.0,0,1,0,True,False,False,0,372.98,0.0,0,0,0,0,0.0,High Priority
7b33453f-2d79-4cd8-b1c5-a75a8e143516,2019-11-30 09:03:54+00:00,2019-11-30 09:03:54+00:00,1,['cart'],547157032,1,1,1,118.13,0.0,0,1,0,True,False,False,0,118.13,0.0,0,0,0,0,0.0,High Priority
37d72853-6020-451f-95de-076df511da41,2019-11-30 09:04:26+00:00,2019-11-30 09:04:26+00:00,1,['cart'],572716642,1,1,1,19.54,0.0,0,1,0,True,False,False,0,19.54,0.0,0,0,0,0,0.0,High Priority
6fa5e1d6-fba6-4c55-bbbe-e08b2a88975a,2019-11-30 09:04:46+00:00,2019-11-30 09:04:46+00:00,1,['cart'],538422243,1,1,1,251.49,0.0,0,1,0,True,False,False,0,251.49,0.0,0,0,0,0,0.0,High Priority
34384d19-6b71-4635-99ce-5ead276daaf9,2019-11-30 09:05:41+00:00,2019-11-30 09:05:41+00:00,1,['cart'],579528959,1,1,1,509.64,0.0,0,1,0,True,False,False,0,509.64,0.0,0,0,0,0,0.0,High Priority
f393d5b0-7655-4d40-9926-7ae3b86080a5,2019-11-30 09:08:13+00:00,2019-11-30 09:08:13+00:00,1,['cart'],514947557,1,1,1,7.95,0.0,0,1,0,True,False,False,0,7.95,0.0,0,0,0,0,0.0,High Priority
ed076410-2f09-456c-ae50-fb303e79780a,2019-11-30 09:12:00+00:00,2019-11-30 09:12:00+00:00,1,['cart'],523356113,1,1,1,46.08,0.0,0,1,0,True,False,False,0,46.08,0.0,0,0,0,0,0.0,High Priority
db97168e-b522-44e3-9b60-9e0ae7547523,2019-11-30 09:13:36+00:00,2019-11-30 09:13:36+00:00,1,['cart'],515579324,1,1,1,191.77,0.0,0,1,0,True,False,False,0,191.77,0.0,0,0,0,0,0.0,High Priority
d0385a79-b647-4a23-b686-86cb7ce7cb1f,2019-11-30 09:15:35+00:00,2019-11-30 09:15:35+00:00,1,['cart'],517453476,1,1,1,315.3,0.0,0,1,0,True,False,False,0,315.3,0.0,0,0,0,0,0.0,High Priority
66d12730-a146-4cef-b0b9-b483e3dae58f,2019-11-30 09:17:33+00:00,2019-11-30 09:17:33+00:00,1,['cart'],525058834,1,1,1,411.59,0.0,0,1,0,True,False,False,0,411.59,0.0,0,0,0,0,0.0,High Priority
5cf6eb63-27fb-4203-a325-1d3ed880c235,2019-11-30 09:19:11+00:00,2019-11-30 09:19:11+00:00,1,['cart'],575887882,1,1,1,251.49,0.0,0,1,0,True,False,False,0,251.49,0.0,0,0,0,0,0.0,High Priority
33f7052d-842e-450d-91a6-ef82e80c442a,2019-11-30 09:24:19+00:00,2019-11-30 09:24:19+00:00,1,['cart'],577531313,1,1,1,111.19,0.0,0,1,0,True,False,False,0,111.19,0.0,0,0,0,0,0.0,High Priority
28db5016-00b3-4480-b7dd-a6afe26ee828,2019-11-30 09:27:15+00:00,2019-11-30 09:27:18+00:00,2,"['cart', 'cart']",555514208,1,1,1,96.28,0.05,0,2,0,True,False,False,0,96.28,0.0,0,0,0,0,0.0,High Priority
6d32d72a-e98f-4e0a-8836-40970d67a7de,2019-11-30 09:28:06+00:00,2019-11-30 09:28:06+00:00,1,['cart'],579544458,1,1,1,184.69,0.0,0,1,0,True,False,False,0,184.69,0.0,0,0,0,0,0.0,High Priority
d9c0c80b-0841-47b8-a158-9bba22574f98,2019-11-30 09:28:22+00:00,2019-11-30 09:28:22+00:00,1,['cart'],529799997,1,1,1,241.94,0.0,0,1,0,True,False,False,0,241.94,0.0,0,0,0,0,0.0,High Priority
8c4045c2-4def-49ca-9dba-d26a12e29aec,2019-11-30 09:29:37+00:00,2019-11-30 09:29:37+00:00,1,['cart'],514917219,1,1,1,35.78,0.0,0,1,0,True,False,False,0,35.78,0.0,0,1,1,1,0.0,High Priority
b70744e9-edd9-402f-8953-ecf5b18b2104,2019-11-30 09:29:51+00:00,2019-11-30 09:29:51+00:00,1,['cart'],561368381,1,1,1,1309.69,0.0,0,1,0,True,False,False,0,1309.69,0.0,0,0,0,0,0.0,High Priority
d708e784-3069-4aa5-bf01-02a01ca75b33,2019-11-30 09:31:10+00:00,2019-11-30 09:31:10+00:00,1,['cart'],544926015,1,1,1,137.39,0.0,0,1,0,True,False,False,0,137.39,0.0,0,0,0,0,0.0,High Priority
5e731c7c-6a54-48ad-b2db-8bcd86b453c0,2019-11-30 09:31:29+00:00,2019-11-30 09:31:29+00:00,1,['cart'],513438187,1,1,1,525.08,0.0,0,1,0,True,False,False,0,525.08,0.0,0,0,0,0,0.0,High Priority
d5c4c062-c21c-439e-8543-6dd868560936,2019-11-30 09:31:35+00:00,2019-11-30 09:31:35+00:00,1,['cart'],563989866,1,1,1,82.63,0.0,0,1,0,True,False,False,0,82.63,0.0,0,0,0,0,0.0,High Priority
b32fde87-1828-407c-bb32-334ce02ea5c9,2019-11-30 09:33:44+00:00,2019-11-30 09:33:44+00:00,1,['cart'],513227886,1,1,1,241.94,0.0,0,1,0,True,False,False,0,241.94,0.0,0,0,0,0,0.0,High Priority
5117037f-8639-436b-8a1b-e3dfa83b892d,2019-11-30 09:34:26+00:00,2019-11-30 09:34:26+00:00,1,['cart'],536940907,1,1,1,94.47,0.0,0,1,0,True,False,False,0,94.47,0.0,0,0,0,0,0.0,High Priority
847bea09-9424-4342-9c97-85148012ca1e,2019-11-30 09:34:28+00:00,2019-11-30 09:34:28+00:00,1,['cart'],579548419,1,1,1,59.33,0.0,0,1,0,True,False,False,0,59.33,0.0,0,0,0,0,0.0,High Priority
12261c29-581b-4260-88be-9ec1d606bae9,2019-11-30 09:35:34+00:00,2019-11-30 09:35:34+00:00,1,['cart'],518712886,1,1,1,308.63,0.0,0,1,0,True,False,False,0,308.63,0.0,0,0,0,0,0.0,High Priority
1c65170d-d658-41b0-adff-472e8cf44b1f,2019-11-30 09:35:41+00:00,2019-11-30 09:35:41+00:00,1,['cart'],562557343,1,1,1,131.77,0.0,0,1,0,True,False,False,0,131.77,0.0,0,0,0,0,0.0,High Priority
2c04eb11-20a5-4eb7-ad26-174cbb924198,2019-11-30 09:35:51+00:00,2019-11-30 09:35:51+00:00,1,['cart'],538156789,1,1,1,106.11,0.0,0,1,0,True,False,False,0,106.11,0.0,0,0,0,0,0.04,High Priority
4507d020-137a-4d12-8e45-66e0b3056bae,2019-11-30 09:37:56+00:00,2019-11-30 09:37:56+00:00,1,['cart'],564170351,1,1,1,916.37,0.0,0,1,0,True,False,False,0,916.37,0.0,0,0,0,0,0.0,High Priority
f798144c-10a4-41c6-9197-3f8cb1e68880,2019-11-30 09:39:49+00:00,2019-11-30 09:39:49+00:00,1,['cart'],517944239,1,1,1,110.66,0.0,0,1,0,True,False,False,0,110.66,0.0,0,0,0,0,0.0,High Priority
2174f08d-df36-4465-b65b-319410e30b3d,2019-11-30 09:41:17+00:00,2019-11-30 09:41:17+00:00,1,['cart'],545530062,1,1,1,66.41,0.0,0,1,0,True,False,False,0,66.41,0.0,0,0,0,0,0.0,High Priority
993c40ea-a2ca-429d-bedc-331b8ff2bde4,2019-11-30 09:42:05+00:00,2019-11-30 09:42:05+00:00,1,['cart'],548141215,1,1,1,218.28,0.0,0,1,0,True,False,False,0,218.28,0.0,0,0,0,0,0.0,High Priority
0f3c2026-d390-4454-9f8d-6218d931df06,2019-11-30 09:43:43+00:00,2019-11-30 09:43:43+00:00,1,['cart'],535716121,1,1,1,169.85,0.0,0,1,0,True,False,False,0,169.85,0.0,0,0,0,0,0.0,High Priority
9b6e14b8-a313-4948-90d5-8710dcacc0d4,2019-11-30 09:44:09+00:00,2019-11-30 09:44:09+00:00,1,['cart'],555853919,1,1,1,106.11,0.0,0,1,0,True,False,False,0,106.11,0.0,0,0,0,0,0.04,High Priority
cf2b5ba8-db40-4bb2-b10d-81af17cd3e37,2019-11-30 09:45:50+00:00,2019-11-30 09:45:50+00:00,1,['cart'],579549803,1,1,1,124.3,0.0,0,1,0,True,False,False,0,124.3,0.0,0,0,0,0,0.0,High Priority
f13065f6-cf45-4bad-970a-57d1d876827c,2019-11-30 09:46:01+00:00,2019-11-30 09:46:01+00:00,1,['cart'],552259770,1,1,1,202.61,0.0,0,1,0,True,False,False,0,202.61,0.0,0,0,0,0,0.0,High Priority
81d03d69-e20c-491d-b43b-09ced0b48191,2019-11-30 09:47:26+00:00,2019-11-30 09:47:26+00:00,1,['cart'],525697851,1,1,1,77.2,0.0,0,1,0,True,False,False,0,77.2,0.0,0,0,0,0,0.0,High Priority
d1de2cdc-cf78-4185-a557-456ac84f09bc,2019-11-30 09:47:28+00:00,2019-11-30 09:47:28+00:00,1,['cart'],575887882,1,1,1,251.49,0.0,0,1,0,True,False,False,0,251.49,0.0,0,1,1,1,0.0,High Priority
871fd589-d335-42a2-8316-588e31b8a94a,2019-11-30 09:48:26+00:00,2019-11-30 09:48:26+00:00,1,['cart'],514745460,1,1,0,15.14,0.0,0,1,0,True,False,False,0,15.14,0.0,0,0,0,0,0.0,High Priority
6849553d-4a94-49be-a8b6-6ee8a91a2bb1,2019-11-30 09:49:30+00:00,2019-11-30 09:49:30+00:00,1,['cart'],537944529,1,1,1,1634.38,0.0,0,1,0,True,False,False,0,1634.38,0.0,0,0,0,0,0.0,High Priority
f671109c-b10b-4423-b0a8-6c713b73bc2f,2019-11-30 09:49:50+00:00,2019-11-30 09:49:50+00:00,1,['cart'],548518784,1,1,1,128.67,0.0,0,1,0,True,False,False,0,128.67,0.0,0,0,0,0,0.0,High Priority
f602873a-ab30-44a5-ab3f-c60176988191,2019-11-30 09:49:58+00:00,2019-11-30 09:49:58+00:00,1,['cart'],551844980,1,1,1,51.46,0.0,0,1,0,True,False,False,0,51.46,0.0,0,0,0,0,0.0,High Priority
eb9802b3-3643-4d62-bb72-86afcb352cfd,2019-11-30 09:51:50+00:00,2019-11-30 09:52:00+00:00,2,"['cart', 'view']",536780763,1,1,1,1228.8,0.1666666666666666,1,1,0,True,False,True,0,1228.8,1.0,0,0,0,0,0.0,High Priority
03bf0475-0eb6-4bf9-94a3-1d96d12fcb53,2019-11-30 09:52:49+00:00,2019-11-30 09:52:49+00:00,1,['cart'],512910700,1,1,0,14.84,0.0,0,1,0,True,False,False,0,14.84,0.0,0,0,0,0,0.0,High Priority
ed92dfd2-fa69-485e-80de-399c363c4efc,2019-11-30 09:55:04+00:00,2019-11-30 09:55:04+00:00,1,['cart'],514754706,1,1,1,45.7,0.0,0,1,0,True,False,False,0,45.7,0.0,0,0,0,0,0.0,High Priority
2c925ddf-98f1-49b5-bd00-25f3c660fce1,2019-11-30 09:55:17+00:00,2019-11-30 09:55:17+00:00,1,['cart'],514119943,1,1,0,36.04,0.0,0,1,0,True,False,False,0,36.04,0.0,0,0,0,0,0.0,High Priority
49fef735-226c-40d9-8759-e469196ffaf5,2019-11-30 09:58:05+00:00,2019-11-30 09:58:05+00:00,1,['cart'],530861120,1,1,1,916.37,0.0,0,1,0,True,False,False,0,916.37,0.0,0,0,0,0,0.0,High Priority
345e07f2-4744-4e03-a5d1-421ef206c2d6,2019-11-30 09:58:12+00:00,2019-11-30 09:58:12+00:00,1,['cart'],513781786,1,1,1,131.77,0.0,0,1,0,True,False,False,0,131.77,0.0,0,0,0,0,0.0,High Priority
8a4cf5f0-eed6-46f1-96a3-e61a5cbb1e49,2019-11-30 10:00:41+00:00,2019-11-30 10:00:41+00:00,1,['cart'],516836540,1,1,1,191.77,0.0,0,1,0,True,False,False,0,191.77,0.0,0,0,0,0,0.0,High Priority
f5b4b44f-3193-4afd-9aa8-a821fdf9a63a,2019-11-30 10:00:45+00:00,2019-11-30 10:00:45+00:00,1,['cart'],562284489,1,1,1,617.49,0.0,0,1,0,True,False,False,0,617.49,0.0,0,0,0,0,0.0,High Priority
1a67c12e-0702-4ba9-a9d3-5d788e74c575,2019-11-30 10:02:50+00:00,2019-11-30 10:02:50+00:00,1,['cart'],577735232,1,1,1,83.4,0.0,0,1,0,True,False,False,0,83.4,0.0,0,0,0,0,0.0,High Priority
7eecca96-24a7-441e-b877-eabeabe1de57,2019-11-30 10:04:11+00:00,2019-11-30 10:04:11+00:00,1,['cart'],513399046,1,1,1,795.9,0.0,0,1,0,True,False,False,0,795.9,0.0,0,0,0,0,0.0,High Priority
1896e30d-6ed3-4ee8-a1d7-05bcbf212b8a,2019-11-30 10:09:31+00:00,2019-11-30 10:09:31+00:00,1,['cart'],520212311,1,1,1,463.04,0.0,0,1,0,True,False,False,0,463.04,0.0,0,0,0,0,0.0,High Priority
edddc7b8-1561-2d95-05aa-5d3d29c1f875,2019-11-30 10:10:07+00:00,2019-11-30 10:10:07+00:00,1,['cart'],513060901,1,1,1,106.11,0.0,0,1,0,True,False,False,0,106.11,0.0,0,0,0,0,0.04,High Priority
ff88a576-ed95-4d58-941e-bf851e68f8d8,2019-11-30 10:10:10+00:00,2019-11-30 10:10:10+00:00,1,['cart'],566746903,1,1,1,460.5,0.0,0,1,0,True,False,False,0,460.5,0.0,0,0,0,0,0.0,High Priority
67b1707e-62a7-4f03-9a7c-6582edb3eb2e,2019-11-30 10:12:49+00:00,2019-11-30 10:12:49+00:00,1,['cart'],515961313,1,1,1,111.97,0.0,0,1,0,True,False,False,0,111.97,0.0,0,0,0,0,0.0,High Priority
1c91ae39-38ab-4d42-bad1-feb964c56583,2019-11-30 10:12:53+00:00,2019-11-30 10:12:53+00:00,1,['cart'],548939331,1,1,1,167.06,0.0,0,1,0,True,False,False,0,167.06,0.0,0,0,0,0,0.0,High Priority
d818bb73-f76c-437b-b8bf-d1157978bd0a,2019-11-30 10:14:39+00:00,2019-11-30 10:14:39+00:00,1,['cart'],521470420,1,1,1,206.7,0.0,0,1,0,True,False,False,0,206.7,0.0,0,0,0,0,0.0,High Priority
e49895a6-40f4-4836-be81-92e6cfb5a306,2019-11-30 10:14:48+00:00,2019-11-30 10:14:48+00:00,1,['cart'],514015919,1,1,1,794.57,0.0,0,1,0,True,False,False,0,794.57,0.0,0,0,0,0,0.0,High Priority
0a8be4cd-244c-4d60-b95b-2c72f9e4e0e8,2019-11-30 10:16:39+00:00,2019-11-30 10:16:39+00:00,1,['cart'],513648903,1,1,1,347.24,0.0,0,1,0,True,False,False,0,347.24,0.0,0,0,0,0,0.0,High Priority
3a49060e-6c52-446c-b750-78cd759704c0,2019-11-30 10:22:59+00:00,2019-11-30 10:22:59+00:00,1,['cart'],518519542,1,1,1,315.3,0.0,0,1,0,True,False,False,0,315.3,0.0,0,0,0,0,0.0,High Priority
3fc7aab8-30e5-40a3-96fb-10d8008d65d2,2019-11-30 10:23:40+00:00,2019-11-30 10:23:40+00:00,1,['cart'],579561808,1,1,1,154.41,0.0,0,1,0,True,False,False,0,154.41,0.0,0,0,0,0,0.0,High Priority
5725273e-830a-400f-9f88-b79f51f95a34,2019-11-30 10:24:24+00:00,2019-11-30 10:24:24+00:00,1,['cart'],515149853,1,1,1,1544.18,0.0,0,1,0,True,False,False,0,1544.18,0.0,0,0,0,0,0.0,High Priority
130e71a8-88a9-4762-96a4-fbcc40e1ab96,2019-11-30 10:27:45+00:00,2019-11-30 10:27:45+00:00,1,['cart'],579565826,1,1,1,167.03,0.0,0,1,0,True,False,False,0,167.03,0.0,0,0,0,0,0.0,High Priority
916fc5f7-c7da-4ba4-a570-fd6d62d4e20c,2019-11-30 10:29:20+00:00,2019-11-30 10:29:20+00:00,1,['cart'],551812939,1,1,1,12.84,0.0,0,1,0,True,False,False,0,12.84,0.0,0,0,0,0,0.0,High Priority
a1857cdf-8be9-45b5-8962-0d0967a7c3d2,2019-11-30 10:31:29+00:00,2019-11-30 10:31:29+00:00,1,['cart'],542585601,1,1,1,67.73,0.0,0,1,0,True,False,False,0,67.73,0.0,0,0,0,0,0.0,High Priority
57875068-32f9-445e-8544-47956ac643e9,2019-11-30 10:33:00+00:00,2019-11-30 10:33:00+00:00,1,['cart'],558708703,1,1,1,33.44,0.0,0,1,0,True,False,False,0,33.44,0.0,0,0,0,0,0.0,High Priority
fc53e6eb-ac33-4cf4-907b-6ef575db3e2e,2019-11-30 10:33:40+00:00,2019-11-30 10:33:40+00:00,1,['cart'],520173009,1,1,1,241.94,0.0,0,1,0,True,False,False,0,241.94,0.0,0,0,0,0,0.0,High Priority
d9d2035d-3f56-4dc0-b3b4-8fb7e4d59c1f,2019-11-30 10:36:22+00:00,2019-11-30 10:36:22+00:00,1,['cart'],566937017,1,1,1,241.94,0.0,0,1,0,True,False,False,0,241.94,0.0,0,0,0,0,0.0,High Priority
42ee9b98-3349-4855-85bd-449187d3f589,2019-11-30 10:40:24+00:00,2019-11-30 10:40:24+00:00,1,['cart'],514762017,1,1,1,196.24,0.0,0,1,0,True,False,False,0,196.24,0.0,0,0,0,0,0.0,High Priority
ed3a1a59-371a-4c2e-90e9-e58e2ab4cab3,2019-11-30 10:41:01+00:00,2019-11-30 10:41:01+00:00,1,['cart'],520046678,1,1,0,95.24,0.0,0,1,0,True,False,False,0,95.24,0.0,0,0,0,0,0.0,High Priority
968aa1bf-3b54-4cad-9de9-fc0915d5d435,2019-11-30 10:42:48+00:00,2019-11-30 10:47:24+00:00,2,"['cart', 'view']",555557327,1,1,1,502.94,4.6,1,1,0,True,False,True,0,502.94,1.0,0,0,0,0,0.0,High Priority
ba6f8ee6-5c71-499e-9499-4c68ecac66ca,2019-11-30 10:44:50+00:00,2019-11-30 10:44:50+00:00,1,['cart'],518274324,1,1,1,191.77,0.0,0,1,0,True,False,False,0,191.77,0.0,0,0,0,0,0.0,High Priority
d7da071d-2b68-46f8-96d1-0e7691efbb9e,2019-11-30 10:47:45+00:00,2019-11-30 10:47:45+00:00,1,['cart'],539959029,1,1,1,244.51,0.0,0,1,0,True,False,False,0,244.51,0.0,0,0,0,0,0.0,High Priority
3b82b0bd-a992-4738-9a73-fe2957a7fdd8,2019-11-30 10:48:27+00:00,2019-11-30 10:48:27+00:00,1,['cart'],514771125,1,1,1,787.64,0.0,0,1,0,True,False,False,0,787.64,0.0,0,0,0,0,0.0,High Priority
d5611dbe-815c-47e6-ad0e-0cadc27bb04c,2019-11-30 10:49:00+00:00,2019-11-30 10:49:00+00:00,1,['cart'],538193786,1,1,1,2.93,0.0,0,1,0,True,False,False,0,2.93,0.0,0,0,0,0,0.0,High Priority
6a4e3b15-3143-4be0-90d7-629c69430781,2019-11-30 10:49:47+00:00,2019-11-30 10:49:47+00:00,1,['cart'],579583463,1,1,1,40.88,0.0,0,1,0,True,False,False,0,40.88,0.0,0,0,0,0,0.0,High Priority
6b258636-c52f-422f-a512-40e60da66689,2019-11-30 10:50:02+00:00,2019-11-30 10:53:43+00:00,2,"['cart', 'view']",521346355,1,1,1,1589.14,3.683333333333333,1,1,0,True,False,True,0,1589.14,1.0,0,0,0,0,0.0,High Priority
59948b97-79f0-4bf7-8304-54fad841df86,2019-11-30 10:51:04+00:00,2019-11-30 10:51:04+00:00,1,['cart'],556415404,1,1,1,102.47,0.0,0,1,0,True,False,False,0,102.47,0.0,0,0,0,0,0.0,High Priority
61db7d78-211f-47d1-bf2c-9acf7eb9ca62,2019-11-30 10:52:25+00:00,2019-11-30 10:52:25+00:00,1,['cart'],515152226,1,1,1,79.28,0.0,0,1,0,True,False,False,0,79.28,0.0,0,0,0,0,0.0,High Priority
ef03d52f-1641-4153-8a40-7aecfa19efdb,2019-11-30 10:55:23+00:00,2019-11-30 10:55:23+00:00,1,['cart'],562844867,1,1,1,478.52,0.0,0,1,0,True,False,False,0,478.52,0.0,0,0,0,0,0.0,High Priority
fae0dadb-fb24-42ad-85a3-08286904ece2,2019-11-30 10:55:40+00:00,2019-11-30 10:55:40+00:00,1,['cart'],513615072,1,1,1,591.75,0.0,0,1,0,True,False,False,0,591.75,0.0,0,0,0,0,0.0,High Priority
1bfb7fb5-0c6d-44dd-afd0-526120d9f14d,2019-11-30 10:55:55+00:00,2019-11-30 10:55:55+00:00,1,['cart'],560757607,1,1,1,916.37,0.0,0,1,0,True,False,False,0,916.37,0.0,0,0,0,0,0.0,High Priority
a771c0f8-0ecb-4fdc-bb2c-a285b204e0b1,2019-11-30 10:56:34+00:00,2019-11-30 10:56:34+00:00,1,['cart'],543760758,1,1,1,137.71,0.0,0,1,0,True,False,False,0,137.71,0.0,0,0,0,0,0.0,High Priority
e15005d7-70ba-4034-a967-402109ea1b94,2019-11-30 10:57:11+00:00,2019-11-30 10:57:11+00:00,1,['cart'],579582161,1,1,1,42.47,0.0,0,1,0,True,False,False,0,42.47,0.0,0,0,0,0,0.0,High Priority
c8ecb34a-0b5f-4715-91e4-769c487d7b64,2019-11-30 10:57:51+00:00,2019-11-30 10:57:51+00:00,1,['cart'],519593864,1,1,1,137.39,0.0,0,1,0,True,False,False,0,137.39,0.0,0,0,0,0,0.0,High Priority
93fdfc5c-6d9d-4021-ad75-75847ddaa4a4,2019-11-30 11:00:44+00:00,2019-11-30 11:00:44+00:00,1,['cart'],523805869,1,1,1,231.64,0.0,0,1,0,True,False,False,0,231.64,0.0,0,0,0,0,0.0,High Priority
acbe0516-e1c0-47c1-8676-272bdf15f46c,2019-11-30 11:02:16+00:00,2019-11-30 11:02:16+00:00,1,['cart'],517164823,1,1,1,14.65,0.0,0,1,0,True,False,False,0,14.65,0.0,0,0,0,0,0.0,High Priority
981af8a6-6532-4300-9d9b-5db7077caf64,2019-11-30 11:04:01+00:00,2019-11-30 11:04:01+00:00,1,['cart'],513314871,1,1,0,4.3,0.0,0,1,0,True,False,False,0,4.3,0.0,0,0,0,0,0.0,High Priority
c0717fbb-46ec-4f0e-b9e6-975bf74086fb,2019-11-30 11:04:26+00:00,2019-11-30 11:04:26+00:00,1,['cart'],553606274,1,1,1,370.13,0.0,0,1,0,True,False,False,0,370.13,0.0,0,0,0,0,0.0,High Priority
f24f8c16-26e2-4068-8b10-25d9e4880e55,2019-11-30 11:04:32+00:00,2019-11-30 11:04:32+00:00,1,['cart'],512417341,1,1,1,50.97,0.0,0,1,0,True,False,False,0,50.97,0.0,0,0,0,0,0.0,High Priority
3a579cad-c418-4bdf-8e99-a57994ab20e3,2019-11-30 11:05:10+00:00,2019-11-30 11:05:13+00:00,2,"['cart', 'view']",518663326,1,1,1,3268.76,0.05,1,1,0,True,False,True,0,3268.76,1.0,0,0,0,0,0.0,High Priority
d42de3b0-657a-4159-92b8-2174d1544d0b,2019-11-30 11:08:51+00:00,2019-11-30 11:08:51+00:00,1,['cart'],514669134,1,1,1,124.3,0.0,0,1,0,True,False,False,0,124.3,0.0,0,0,0,0,0.0,High Priority
01e8e480-92ce-4e0c-aa3e-02f637592d8f,2019-11-30 11:09:25+00:00,2019-11-30 11:09:25+00:00,1,['cart'],513906327,1,1,1,360.09,0.0,0,1,0,True,False,False,0,360.09,0.0,0,0,0,0,0.0,High Priority
b44884d2-7942-4d1d-bcda-5a0ab695e0d2,2019-11-30 11:11:39+00:00,2019-11-30 11:11:39+00:00,1,['cart'],579570100,1,1,0,132.82,0.0,0,1,0,True,False,False,0,132.82,0.0,0,0,0,0,0.0,High Priority
61edc09b-91a0-476e-8411-ae92080399ad,2019-11-30 11:11:43+00:00,2019-11-30 11:11:43+00:00,1,['cart'],523007692,1,1,1,370.13,0.0,0,1,0,True,False,False,0,370.13,0.0,0,0,0,0,0.0,High Priority
d50cc97a-6c54-4caf-934b-2b3d524609d8,2019-11-30 11:11:55+00:00,2019-11-30 11:11:55+00:00,1,['cart'],527629464,1,1,1,83.4,0.0,0,1,0,True,False,False,0,83.4,0.0,0,0,0,0,0.0,High Priority
719ec0ad-4849-4753-b502-80f6baa57c67,2019-11-30 11:12:24+00:00,2019-11-30 11:12:24+00:00,1,['cart'],560518644,1,1,1,266.67,0.0,0,1,0,True,False,False,0,266.67,0.0,0,0,0,0,0.0,High Priority
c55b32c8-61aa-4052-83b6-34ad976466fb,2019-11-30 11:14:55+00:00,2019-11-30 11:14:55+00:00,1,['cart'],524415915,1,1,1,1634.38,0.0,0,1,0,True,False,False,0,1634.38,0.0,0,0,0,0,0.0,High Priority
918a46a0-9d0c-4fa1-9b6f-234ce711dddf,2019-11-30 11:15:36+00:00,2019-11-30 11:15:36+00:00,1,['cart'],513410736,1,1,1,21.24,0.0,0,1,0,True,False,False,0,21.24,0.0,0,0,0,0,0.0,High Priority
73bc7a8d-244d-4c62-a904-4dfa0c89b931,2019-11-30 11:15:57+00:00,2019-11-30 11:15:57+00:00,1,['cart'],512365451,1,1,0,6.46,0.0,0,1,0,True,False,False,0,6.46,0.0,0,0,0,0,0.0,High Priority
a67e6ea4-1703-47ee-9e37-cd683fe5f774,2019-11-30 11:17:54+00:00,2019-11-30 11:17:54+00:00,1,['cart'],515111013,1,1,1,191.77,0.0,0,1,0,True,False,False,0,191.77,0.0,0,0,0,0,0.0,High Priority
2561800d-d0c5-4158-90d5-b2cdf23a3c73,2019-11-30 11:18:04+00:00,2019-11-30 11:18:04+00:00,1,['cart'],519054042,1,1,1,41.96,0.0,0,1,0,True,False,False,0,41.96,0.0,0,0,0,0,0.0,High Priority
ee3b24ea-2734-4960-a56a-16f8472d0230,2019-11-30 11:18:40+00:00,2019-11-30 11:29:59+00:00,2,"['cart', 'view']",512834409,2,1,2,291.86,11.316666666666666,1,1,0,True,False,True,0,145.93,1.0,0,0,0,0,0.0,High Priority
fa880497-b51c-4cb2-9abb-c6f0e427e52c,2019-11-30 11:19:48+00:00,2019-11-30 11:19:48+00:00,1,['cart'],533359440,1,1,1,849.16,0.0,0,1,0,True,False,False,0,849.16,0.0,0,0,0,0,0.0,High Priority
1b6b97c5-a32a-446d-aa3e-c318f1500ae5,2019-11-30 11:22:06+00:00,2019-11-30 11:22:06+00:00,1,['cart'],513236366,1,1,1,61.52,0.0,0,1,0,True,False,False,0,61.52,0.0,0,0,0,0,0.0,High Priority
316b95b0-5f4d-42b2-9b02-595fe614afe6,2019-11-30 11:23:09+00:00,2019-11-30 11:23:09+00:00,1,['cart'],559138762,1,1,1,131.77,0.0,0,1,0,True,False,False,0,131.77,0.0,0,0,0,0,0.0,High Priority
c0a4ea81-647b-4eff-905e-6971efd471d7,2019-11-30 11:23:38+00:00,2019-11-30 11:23:38+00:00,1,['cart'],545809089,1,1,1,386.08,0.0,0,1,0,True,False,False,0,386.08,0.0,0,0,0,0,0.0,High Priority
0693a7fc-9521-4a44-b8db-64302af4433b,2019-11-30 11:25:24+00:00,2019-11-30 11:25:24+00:00,1,['cart'],576906084,1,1,1,119.52,0.0,0,1,0,True,False,False,0,119.52,0.0,0,0,0,0,0.0,High Priority
58a57e4b-d6c2-44e6-95ae-4611a5fe5b91,2019-11-30 11:26:51+00:00,2019-11-30 11:26:51+00:00,1,['cart'],557328029,1,1,1,131.77,0.0,0,1,0,True,False,False,0,131.77,0.0,0,0,0,0,0.0,High Priority
ed6f66ca-9d0c-4f72-80be-3f462bfcb9d9,2019-11-30 11:27:53+00:00,2019-11-30 11:27:53+00:00,1,['cart'],579601758,1,1,1,849.16,0.0,0,1,0,True,False,False,0,849.16,0.0,0,0,0,0,0.0,High Priority
b92b330c-b57a-4a50-88c6-b4d3c87afea4,2019-11-30 11:29:15+00:00,2019-11-30 11:29:15+00:00,1,['cart'],518737402,1,1,1,124.3,0.0,0,1,0,True,False,False,0,124.3,0.0,0,0,0,0,0.0,High Priority
6458d2c6-bc56-4ef5-9798-ed24425fb7a7,2019-11-30 11:29:42+00:00,2019-11-30 11:29:42+00:00,1,['cart'],579602322,1,1,1,106.11,0.0,0,1,0,True,False,False,0,106.11,0.0,0,0,0,0,0.04,High Priority
b2f1e80e-6af0-4d2a-b671-0b5f99ce5d55,2019-11-30 11:31:04+00:00,2019-11-30 11:31:04+00:00,1,['cart'],546398733,1,1,1,591.75,0.0,0,1,0,True,False,False,0,591.75,0.0,0,0,0,0,0.0,High Priority
8acedc34-c333-4ad6-a769-02a14cb890b4,2019-11-30 11:32:50+00:00,2019-11-30 11:32:50+00:00,1,['cart'],571008482,1,1,1,152.72,0.0,0,1,0,True,False,False,0,152.72,0.0,0,0,0,0,0.0,High Priority
9d00403c-037d-4e0e-bcaa-63a72dc6b822,2019-11-30 11:33:29+00:00,2019-11-30 11:33:29+00:00,1,['cart'],530618501,1,1,1,237.33,0.0,0,1,0,True,False,False,0,237.33,0.0,0,0,0,0,0.0,High Priority
7c90343f-845e-4ccf-84e2-7fcd0bccdd29,2019-11-30 11:34:28+00:00,2019-11-30 11:36:39+00:00,2,"['cart', 'view']",553082000,2,2,2,244.74,2.183333333333333,1,1,0,True,False,True,0,122.37,1.0,0,0,0,0,0.0,High Priority
4c1f270c-8886-10d9-cc25-62d7207ada5b,2019-11-30 11:36:57+00:00,2019-11-30 11:36:57+00:00,1,['cart'],572432159,1,1,1,131.77,0.0,0,1,0,True,False,False,0,131.77,0.0,0,0,0,0,0.0,High Priority
d4f45202-ff74-480a-bfc9-f208dcca40ce,2019-11-30 11:37:52+00:00,2019-11-30 11:37:52+00:00,1,['cart'],518794411,1,1,1,161.36,0.0,0,1,0,True,False,False,0,161.36,0.0,0,0,0,0,0.0,High Priority
67a6663f-05a7-482b-8091-04e783f80cce,2019-11-30 11:39:12+00:00,2019-11-30 11:39:12+00:00,1,['cart'],539406268,1,1,0,222.91,0.0,0,1,0,True,False,False,0,222.91,0.0,0,0,0,0,0.0,High Priority
b36455b8-d377-4b22-932b-f3c7f4a8b513,2019-11-30 11:45:26+00:00,2019-11-30 11:45:26+00:00,1,['cart'],566429502,1,1,1,849.16,0.0,0,1,0,True,False,False,0,849.16,0.0,0,1,1,1,0.0,High Priority
fa72576e-0085-411e-847b-423b30adce63,2019-11-30 11:49:55+00:00,2019-11-30 11:49:55+00:00,1,['cart'],579479342,1,1,1,112.98,0.0,0,1,0,True,False,False,0,112.98,0.0,0,0,0,0,0.0,High Priority
d40813b9-9acf-4309-83af-fb905853d98a,2019-11-30 11:51:11+00:00,2019-11-30 11:58:29+00:00,2,"['cart', 'view']",513039557,1,1,1,97.3,7.3,1,1,0,True,False,True,0,97.3,1.0,0,0,0,0,0.0,High Priority
2e185394-0d29-4140-9a8b-7e4224f5ba6c,2019-11-30 11:53:08+00:00,2019-11-30 11:53:08+00:00,1,['cart'],552303705,1,1,1,113.0,0.0,0,1,0,True,False,False,0,113.0,0.0,0,0,0,0,0.0,High Priority
bdb64fb0-29d5-4b55-894a-65d9e571db51,2019-11-30 11:56:46+00:00,2019-11-30 11:56:46+00:00,1,['cart'],517075911,1,1,1,28.57,0.0,0,1,0,True,False,False,0,28.57,0.0,0,0,0,0,0.0,High Priority
250917ee-b7ca-4cb4-9afa-33f682998ad1,2019-11-30 11:56:52+00:00,2019-11-30 11:56:52+00:00,1,['cart'],513448424,1,1,1,803.08,0.0,0,1,0,True,False,False,0,803.08,0.0,0,0,0,0,0.0,High Priority
75130040-96b8-4289-b75a-2b4df21e6a06,2019-11-30 11:57:53+00:00,2019-11-30 11:57:53+00:00,1,['cart'],518518970,1,1,1,3.06,0.0,0,1,0,True,False,False,0,3.06,0.0,0,0,0,0,0.0,High Priority
631de7da-608d-46ce-9e99-919b80c5991d,2019-11-30 12:04:48+00:00,2019-11-30 12:04:48+00:00,1,['cart'],512518535,1,1,1,1069.6,0.0,0,1,0,True,False,False,0,1069.6,0.0,0,1,1,1,0.0,High Priority
ca370270-772f-4411-b921-873269f8c2a3,2019-11-30 12:05:05+00:00,2019-11-30 12:05:05+00:00,1,['cart'],517502738,1,1,1,128.68,0.0,0,1,0,True,False,False,0,128.68,0.0,0,0,0,0,0.0,High Priority
935c9ed4-db2c-4c3c-a01e-e5879bcf2d7a,2019-11-30 12:06:07+00:00,2019-11-30 12:21:04+00:00,3,"['cart', 'view', 'view']",542064359,2,1,1,637.52,14.95,2,1,0,True,False,True,0,318.76,2.0,0,0,0,0,0.0,High Priority
b9b5a999-9a89-4b6d-8f49-6361a44ce9a6,2019-11-30 12:06:39+00:00,2019-11-30 12:06:39+00:00,1,['cart'],512652798,1,1,1,131.76,0.0,0,1,0,True,False,False,0,131.76,0.0,0,0,0,0,0.0,High Priority
2c041d89-048c-4214-a0cf-f3eb45306ec5,2019-11-30 12:07:20+00:00,2019-11-30 12:07:20+00:00,1,['cart'],563701523,1,1,1,102.45,0.0,0,1,0,True,False,False,0,102.45,0.0,0,0,0,0,0.0,High Priority
567d25ac-54d2-42ce-bc6e-8ec66f6fdc5b,2019-11-30 12:07:28+00:00,2019-11-30 12:07:28+00:00,1,['cart'],566591322,1,1,1,916.36,0.0,0,1,0,True,False,False,0,916.36,0.0,0,0,0,0,0.0,High Priority
d834ce48-27ef-4bc4-be13-0b519dbd5533,2019-11-30 12:07:29+00:00,2019-11-30 12:07:29+00:00,1,['cart'],417931208,1,1,0,104.51,0.0,0,1,0,True,False,False,0,104.51,0.0,0,0,0,0,0.0,High Priority
55a53421-ed87-40d3-a303-31389ad55fb9,2019-11-30 12:09:03+00:00,2019-11-30 12:09:03+00:00,1,['cart'],519433566,1,1,1,407.35,0.0,0,1,0,True,False,False,0,407.35,0.0,0,0,0,0,0.0,High Priority
eab42031-61ff-42b2-906c-dfa353e94b94,2019-11-30 12:10:51+00:00,2019-11-30 12:10:51+00:00,1,['cart'],564122439,1,1,1,131.76,0.0,0,1,0,True,False,False,0,131.76,0.0,0,0,0,0,0.0,High Priority
b1d0f248-bf92-4717-9cc8-157dc667012d,2019-11-30 12:11:47+00:00,2019-11-30 12:11:47+00:00,1,['cart'],549034487,1,1,1,1286.65,0.0,0,1,0,True,False,False,0,1286.65,0.0,0,0,0,0,0.0,High Priority
aec884b0-e91f-4a1e-b338-7dc05305cae5,2019-11-30 12:13:38+00:00,2019-11-30 12:13:38+00:00,1,['cart'],579018695,1,1,1,51.22,0.0,0,1,0,True,False,False,0,51.22,0.0,0,0,0,0,0.0,High Priority
bcd68fa4-b573-4e80-ab58-f01bda54460f,2019-11-30 12:14:06+00:00,2019-11-30 12:14:06+00:00,1,['cart'],567322015,1,1,1,191.65,0.0,0,1,0,True,False,False,0,191.65,0.0,0,0,0,0,0.0,High Priority
6462eadd-23a3-4962-aa47-effff91ec9ed,2019-11-30 12:16:57+00:00,2019-11-30 12:16:57+00:00,1,['cart'],523584451,1,1,1,241.77,0.0,0,1,0,True,False,False,0,241.77,0.0,0,0,0,0,0.0,High Priority
131f31fc-0d48-477c-9ec8-c81cf3ab58dc,2019-11-30 12:17:00+00:00,2019-11-30 12:17:00+00:00,1,['cart'],525684135,1,1,1,25.71,0.0,0,1,0,True,False,False,0,25.71,0.0,0,0,0,0,0.0,High Priority
77c9657c-d30d-4796-af5c-f163e7e4f781,2019-11-30 12:18:37+00:00,2019-11-30 12:18:37+00:00,1,['cart'],516581887,1,1,1,11.58,0.0,0,1,0,True,False,False,0,11.58,0.0,0,0,0,0,0.0,High Priority
93960a5c-a4a6-418c-b96d-c62ed54e316c,2019-11-30 12:19:14+00:00,2019-11-30 12:19:31+00:00,2,"['cart', 'view']",579626841,1,1,1,1832.72,0.2833333333333333,1,1,0,True,False,True,0,1832.72,1.0,0,0,0,0,0.0,High Priority
5622ecac-106d-4157-b724-bd868d3cf0dc,2019-11-30 12:21:04+00:00,2019-11-30 12:21:04+00:00,1,['cart'],579541939,1,1,1,163.4,0.0,0,1,0,True,False,False,0,163.4,0.0,0,0,0,0,0.0,High Priority
81270d93-d87e-45e8-a142-dabb0a604d85,2019-11-30 12:21:12+00:00,2019-11-30 12:21:12+00:00,1,['cart'],522132410,1,1,1,42.99,0.0,0,1,0,True,False,False,0,42.99,0.0,0,0,0,0,0.0,High Priority
2e9d19ec-b4e1-4f45-ae00-25a2d8f9a8c8,2019-11-30 12:22:43+00:00,2019-11-30 12:22:43+00:00,1,['cart'],512451457,1,1,0,20.85,0.0,0,1,0,True,False,False,0,20.85,0.0,0,0,0,0,0.0,High Priority
8d37e5e0-9fb9-4d79-88ed-f7469f0abe06,2019-11-30 12:26:32+00:00,2019-11-30 12:33:05+00:00,2,"['cart', 'view']",519953192,1,1,1,874.62,6.55,1,1,0,True,False,True,0,874.62,1.0,0,0,0,0,0.01,High Priority
18a7b398-da9f-4e90-b191-1d3effbed3c8,2019-11-30 12:28:36+00:00,2019-11-30 12:28:36+00:00,1,['cart'],513755627,1,1,1,1286.65,0.0,0,1,0,True,False,False,0,1286.65,0.0,0,0,0,0,0.0,High Priority
77336ed6-9258-4cb1-a699-65e2ed95e245,2019-11-30 12:30:03+00:00,2019-11-30 12:30:03+00:00,1,['cart'],519135541,1,1,1,76.96,0.0,0,1,0,True,False,False,0,76.96,0.0,0,1,1,1,0.0,High Priority
1bf416ee-8984-44a5-af0e-5e297e56b3ec,2019-11-30 12:33:02+00:00,2019-11-30 12:33:02+00:00,1,['cart'],569641565,1,1,1,231.38,0.0,0,1,0,True,False,False,0,231.38,0.0,0,0,0,0,0.0,High Priority
3890c426-a93f-4a3b-a873-8e5742bbec57,2019-11-30 12:35:25+00:00,2019-11-30 12:35:25+00:00,1,['cart'],579631966,1,1,1,158.43,0.0,0,1,0,True,False,False,0,158.43,0.0,0,0,0,0,0.0,High Priority
fbbb647e-24d2-4239-88f7-099b35078d5a,2019-11-30 12:35:58+00:00,2019-11-30 12:35:58+00:00,1,['cart'],561953605,1,1,1,720.46,0.0,0,1,0,True,False,False,0,720.46,0.0,0,0,0,0,0.0,High Priority
0d052772-e27c-4747-8135-22ce4005067d,2019-11-30 12:36:33+00:00,2019-11-30 12:36:33+00:00,1,['cart'],579611080,1,1,1,167.03,0.0,0,1,0,True,False,False,0,167.03,0.0,0,0,0,0,0.0,High Priority
75e27852-d483-4498-9d65-893d069ab3b9,2019-11-30 12:41:03+00:00,2019-11-30 12:41:03+00:00,1,['cart'],564054504,1,1,1,372.73,0.0,0,1,0,True,False,False,0,372.73,0.0,0,0,0,0,0.0,High Priority
5d1a80b1-136b-4a8f-8bc1-c0bca0ca4527,2019-11-30 12:43:07+00:00,2019-11-30 12:43:07+00:00,1,['cart'],579639199,1,1,1,405.84,0.0,0,1,0,True,False,False,0,405.84,0.0,0,0,0,0,0.0,High Priority
640d6c58-b76f-4a23-8c14-ea8cf1027fcf,2019-11-30 12:46:43+00:00,2019-11-30 12:46:43+00:00,1,['cart'],515754605,1,1,1,27.29,0.0,0,1,0,True,False,False,0,27.29,0.0,0,0,0,0,0.0,High Priority
8307a3fb-80d7-41d8-a6dd-80afdd0134c4,2019-11-30 12:49:30+00:00,2019-11-30 12:49:30+00:00,1,['cart'],533377124,1,1,1,229.59,0.0,0,1,0,True,False,False,0,229.59,0.0,0,0,0,0,0.0,High Priority
db2bb851-4e17-415b-80b1-03a3447cd9f5,2019-11-30 12:52:11+00:00,2019-11-30 12:52:11+00:00,1,['cart'],579552481,1,1,1,351.1,0.0,0,1,0,True,False,False,0,351.1,0.0,0,0,0,0,0.0,High Priority
cac7c196-bf40-4677-ae9a-bfab3853b235,2019-11-30 12:53:53+00:00,2019-11-30 12:57:27+00:00,2,"['cart', 'view']",512784291,1,1,1,247.06,3.566666666666667,1,1,0,True,False,True,0,247.06,1.0,0,0,0,0,0.0,High Priority
67201c33-ca13-42a2-a5aa-1652ec676ab8,2019-11-30 12:55:25+00:00,2019-11-30 12:55:25+00:00,1,['cart'],573081388,1,1,1,124.18,0.0,0,1,0,True,False,False,0,124.18,0.0,0,0,0,0,0.0,High Priority
379e1601-1f2a-47ac-a0aa-efd340d04135,2019-11-30 12:57:24+00:00,2019-11-30 12:57:24+00:00,1,['cart'],527553886,1,1,1,241.67,0.0,0,1,0,True,False,False,0,241.67,0.0,0,0,0,0,0.0,High Priority
9d11509d-3c4b-4521-b6e4-eb1bf33aa755,2019-11-30 12:57:30+00:00,2019-11-30 12:57:30+00:00,1,['cart'],558663980,1,1,1,308.63,0.0,0,1,0,True,False,False,0,308.63,0.0,0,0,0,0,0.0,High Priority
78992fd4-43b2-4f69-b821-0008856a28ed,2019-11-30 13:00:37+00:00,2019-11-30 13:00:37+00:00,1,['cart'],579533443,1,1,1,79.61,0.0,0,1,0,True,False,False,0,79.61,0.0,0,0,0,0,0.0,High Priority
412a25d8-e31c-4bb3-ada5-8e89dffe454d,2019-11-30 13:02:02+00:00,2019-11-30 13:02:02+00:00,1,['cart'],579649581,1,1,1,231.38,0.0,0,1,0,True,False,False,0,231.38,0.0,0,0,0,0,0.0,High Priority
c4b54283-2d42-4200-9cdc-17dbdc40f8b3,2019-11-30 13:04:38+00:00,2019-11-30 13:04:38+00:00,1,['cart'],518689551,1,1,0,249.94,0.0,0,1,0,True,False,False,0,249.94,0.0,0,0,0,0,0.0,High Priority
aa3f709c-d14b-46e9-b2c7-91cd52a15711,2019-11-30 13:07:28+00:00,2019-11-30 13:07:28+00:00,1,['cart'],524735127,1,1,1,179.93,0.0,0,1,0,True,False,False,0,179.93,0.0,0,0,0,0,0.0,High Priority
a69d59eb-197f-4fdd-84b3-c4af0a5c05fa,2019-11-30 13:07:51+00:00,2019-11-30 13:07:51+00:00,1,['cart'],579652603,1,1,1,79.02,0.0,0,1,0,True,False,False,0,79.02,0.0,0,0,0,0,0.0,High Priority
0a217a58-a103-4543-bf70-d68a7260924c,2019-11-30 13:08:08+00:00,2019-11-30 13:08:38+00:00,2,"['cart', 'view']",513994027,2,2,2,80.05,0.5,1,1,0,True,False,True,0,40.025,1.0,0,0,0,0,0.0,High Priority
39befe38-ec5e-46bd-b408-a54b36445826,2019-11-30 13:09:29+00:00,2019-11-30 13:09:29+00:00,1,['cart'],578306819,1,1,1,131.76,0.0,0,1,0,True,False,False,0,131.76,0.0,0,0,0,0,0.0,High Priority
983594e0-8868-4bd6-a79c-86595f1e2fe5,2019-11-30 13:09:30+00:00,2019-11-30 13:09:30+00:00,1,['cart'],579649003,1,1,1,45.6,0.0,0,1,0,True,False,False,0,45.6,0.0,0,0,0,0,0.0,High Priority
31a716fc-9aeb-4e39-8e19-13cb0f375b02,2019-11-30 13:09:37+00:00,2019-11-30 13:09:37+00:00,1,['cart'],579649692,1,1,0,77.22,0.0,0,1,0,True,False,False,0,77.22,0.0,0,0,0,0,0.0,High Priority
a8eb2190-85a7-4f94-8f88-f870c2f8178d,2019-11-30 13:09:37+00:00,2019-11-30 13:09:37+00:00,1,['cart'],570933869,1,1,1,59.18,0.0,0,1,0,True,False,False,0,59.18,0.0,0,0,0,0,0.0,High Priority
6239b4d2-6696-470f-88c2-99a18e6cfb36,2019-11-30 13:10:46+00:00,2019-11-30 13:10:46+00:00,1,['cart'],579631539,1,1,1,42.47,0.0,0,1,0,True,False,False,0,42.47,0.0,0,0,0,0,0.0,High Priority
84896a0a-3799-4a9c-9e24-9c4b642bd1e9,2019-11-30 13:16:46+00:00,2019-11-30 13:16:46+00:00,1,['cart'],515039603,1,1,0,8.29,0.0,0,1,0,True,False,False,0,8.29,0.0,0,0,0,0,0.0,High Priority
e37e9b29-74cd-4e16-91f8-c7e13626f683,2019-11-30 13:16:49+00:00,2019-11-30 13:16:49+00:00,1,['cart'],518753211,1,1,1,46.31,0.0,0,1,0,True,False,False,0,46.31,0.0,0,0,0,0,0.0,High Priority
66418530-6fcc-472c-afb8-01a89a2b216f,2019-11-30 13:19:33+00:00,2019-11-30 13:19:33+00:00,1,['cart'],566825747,1,1,1,1286.65,0.0,0,1,0,True,False,False,0,1286.65,0.0,0,0,0,0,0.0,High Priority
d8ac6bbf-b398-4f64-83a1-a890931bdb49,2019-11-30 13:20:22+00:00,2019-11-30 13:20:22+00:00,1,['cart'],515134666,1,1,1,18.51,0.0,0,1,0,True,False,False,0,18.51,0.0,0,0,0,0,0.0,High Priority
05b8bd3e-502e-4e0a-8e51-af8e42ea1371,2019-11-30 13:28:29+00:00,2019-11-30 13:28:29+00:00,1,['cart'],553836066,1,1,1,11.67,0.0,0,1,0,True,False,False,0,11.67,0.0,0,0,0,0,0.0,High Priority
5faec2f2-7dca-413a-8573-ce1d6677eec5,2019-11-30 13:29:13+00:00,2019-11-30 13:29:13+00:00,1,['cart'],579648182,1,1,1,254.32,0.0,0,1,0,True,False,False,0,254.32,0.0,0,0,0,0,0.0,High Priority
f15574ca-a74e-4252-a69a-77a7959f4c64,2019-11-30 13:31:47+00:00,2019-11-30 13:31:47+00:00,1,['cart'],567517490,1,1,1,124.29,0.0,0,1,0,True,False,False,0,124.29,0.0,0,0,0,0,0.0,High Priority
5f677142-4856-4734-92c4-69f029440154,2019-11-30 13:34:39+00:00,2019-11-30 13:34:41+00:00,2,"['cart', 'view']",513730568,1,1,0,668.74,0.0333333333333333,1,1,0,True,False,True,0,668.74,1.0,0,0,0,0,0.0,High Priority
e9aa16d2-3067-4e13-98d9-b32a18c207a1,2019-11-30 13:35:15+00:00,2019-11-30 13:35:15+00:00,1,['cart'],558644343,1,1,1,22.88,0.0,0,1,0,True,False,False,0,22.88,0.0,0,0,0,0,0.0,High Priority
6cbdb2ed-b0f3-4669-9809-41a03fdbbb6e,2019-11-30 13:36:06+00:00,2019-11-30 13:36:06+00:00,1,['cart'],513240099,1,1,1,315.3,0.0,0,1,0,True,False,False,0,315.3,0.0,0,0,0,0,0.0,High Priority
a775dc8e-24d5-428b-8bea-3a2878583697,2019-11-30 13:37:13+00:00,2019-11-30 13:37:13+00:00,1,['cart'],576318905,1,1,1,33.21,0.0,0,1,0,True,False,False,0,33.21,0.0,0,0,0,0,0.0,High Priority
230da043-480a-4324-83d9-57a12158d491,2019-11-30 13:39:01+00:00,2019-11-30 13:39:01+00:00,1,['cart'],537011807,1,1,1,241.67,0.0,0,1,0,True,False,False,0,241.67,0.0,0,0,0,0,0.0,High Priority
d34dfffe-f3cf-4563-917f-9beb50f24ad9,2019-11-30 13:39:05+00:00,2019-11-30 13:39:05+00:00,1,['cart'],538529557,1,1,1,22.63,0.0,0,1,0,True,False,False,0,22.63,0.0,0,0,0,0,0.0,High Priority
256fa389-4ec2-4fbf-9f30-e7845bdfe8cf,2019-11-30 13:44:59+00:00,2019-11-30 13:44:59+00:00,1,['cart'],570187129,1,1,1,79.61,0.0,0,1,0,True,False,False,0,79.61,0.0,0,0,0,0,0.0,High Priority
5488198c-0b6e-4926-8d59-11d9f8c5e241,2019-11-30 13:45:58+00:00,2019-11-30 13:45:58+00:00,1,['cart'],575066582,1,1,1,41.7,0.0,0,1,0,True,False,False,0,41.7,0.0,0,0,0,0,0.0,High Priority
87f80d09-747d-4418-9e28-ba7366c52467,2019-11-30 13:46:09+00:00,2019-11-30 13:46:09+00:00,1,['cart'],522163533,1,1,1,37.17,0.0,0,1,0,True,False,False,0,37.17,0.0,0,0,0,0,0.0,High Priority
a8c3009d-d4a4-4612-add5-eb2722d3a3d0,2019-11-30 13:48:27+00:00,2019-11-30 13:48:27+00:00,1,['cart'],556098495,1,1,1,160.87,0.0,0,1,0,True,False,False,0,160.87,0.0,0,0,0,0,0.0,High Priority
1eefe576-2396-4257-93e4-6d0e7eb1ad27,2019-11-30 13:49:46+00:00,2019-11-30 13:49:46+00:00,1,['cart'],516673185,1,1,1,241.77,0.0,0,1,0,True,False,False,0,241.77,0.0,0,0,0,0,0.0,High Priority
5536d140-73fe-4bea-8a01-5b1805f18975,2019-11-30 13:52:42+00:00,2019-11-30 13:52:42+00:00,1,['cart'],537339721,1,1,1,407.35,0.0,0,1,0,True,False,False,0,407.35,0.0,0,0,0,0,0.0,High Priority
4f8ecfb2-e720-41b4-baca-a860bae34997,2019-11-30 13:53:09+00:00,2019-11-30 13:55:40+00:00,2,"['cart', 'view']",557238111,2,1,1,915.85,2.5166666666666666,1,1,0,True,False,True,0,457.925,1.0,0,0,0,0,0.01,High Priority
a371a64e-f254-4bcd-ba11-2f301f87941e,2019-11-30 13:56:28+00:00,2019-11-30 13:56:28+00:00,1,['cart'],575487124,1,1,1,405.84,0.0,0,1,0,True,False,False,0,405.84,0.0,0,0,0,0,0.0,High Priority
8db16ff6-eadb-4e8a-957b-f269b0253575,2019-11-30 13:58:31+00:00,2019-11-30 13:58:31+00:00,2,"['cart', 'cart']",562146682,1,1,0,87.52,0.0,0,2,0,True,False,False,0,87.52,0.0,0,0,0,0,0.0,High Priority
18c8dee1-9a58-4cb4-b6b0-b834c7b1f416,2019-11-30 13:59:39+00:00,2019-11-30 13:59:39+00:00,1,['cart'],566199454,1,1,1,28.29,0.0,0,1,0,True,False,False,0,28.29,0.0,0,0,0,0,0.0,High Priority
2141f897-aa27-4a0e-8f87-ccac3cd8fe04,2019-11-30 14:01:29+00:00,2019-11-30 14:01:29+00:00,1,['cart'],579681036,1,1,1,149.27,0.0,0,1,0,True,False,False,0,149.27,0.0,0,0,0,0,0.0,High Priority
7120a9d8-93ad-45f7-b916-1216b7b99b0b,2019-11-30 14:02:25+00:00,2019-11-30 14:02:25+00:00,1,['cart'],575487124,1,1,1,405.84,0.0,0,1,0,True,False,False,0,405.84,0.0,0,1,1,1,0.0,High Priority
47e1e8be-3e6d-4568-884b-9b65a5de9ec0,2019-11-30 14:02:55+00:00,2019-11-30 14:02:55+00:00,1,['cart'],568434267,1,1,1,261.27,0.0,0,1,0,True,False,False,0,261.27,0.0,0,0,0,0,0.0,High Priority
f110f450-791b-4937-923e-ee050fd23849,2019-11-30 14:03:12+00:00,2019-11-30 14:03:12+00:00,1,['cart'],513657527,1,1,1,29.06,0.0,0,1,0,True,False,False,0,29.06,0.0,0,0,0,0,0.0,High Priority
db2bcc9a-f1f3-4ebd-9134-3aace630780d,2019-11-30 14:03:32+00:00,2019-11-30 14:03:32+00:00,1,['cart'],561912251,1,1,1,136.4,0.0,0,1,0,True,False,False,0,136.4,0.0,0,0,0,0,0.0,High Priority
c3733d09-ff11-40a3-8028-374b13692865,2019-11-30 14:05:06+00:00,2019-11-30 14:05:06+00:00,1,['cart'],513355908,1,1,1,113.77,0.0,0,1,0,True,False,False,0,113.77,0.0,0,0,0,0,0.0,High Priority
eb1cf5c8-6d2f-46af-b566-eb80f46f96b5,2019-11-30 14:06:20+00:00,2019-11-30 14:06:20+00:00,1,['cart'],521519253,1,1,1,38.59,0.0,0,1,0,True,False,False,0,38.59,0.0,0,0,0,0,0.0,High Priority
e7a5a72d-4296-494f-9d53-be11f084225f,2019-11-30 14:07:56+00:00,2019-11-30 14:07:56+00:00,1,['cart'],514068164,1,1,1,167.01,0.0,0,1,0,True,False,False,0,167.01,0.0,0,0,0,0,0.0,High Priority
3f5f1bbd-df0d-44d4-b38a-c11beb1a3e97,2019-11-30 14:08:16+00:00,2019-11-30 14:08:16+00:00,1,['cart'],518625923,1,1,1,994.34,0.0,0,1,0,True,False,False,0,994.34,0.0,0,0,0,0,0.0,High Priority
75a70fd9-cb8c-4ce0-801d-ad89418d55d1,2019-11-30 14:10:07+00:00,2019-11-30 14:10:07+00:00,1,['cart'],579671650,1,1,1,231.64,0.0,0,1,0,True,False,False,0,231.64,0.0,0,0,0,0,0.0,High Priority
1e8a1923-ea3c-4b87-9a28-64869f25be44,2019-11-30 14:12:35+00:00,2019-11-30 14:12:35+00:00,1,['cart'],515794119,1,1,1,64.09,0.0,0,1,0,True,False,False,0,64.09,0.0,0,0,0,0,0.0,High Priority
1f1f8d84-ab64-4207-af1b-e7ac9cdbe319,2019-11-30 14:15:32+00:00,2019-11-30 14:15:32+00:00,1,['cart'],513769993,1,1,1,315.3,0.0,0,1,0,True,False,False,0,315.3,0.0,0,0,0,0,0.0,High Priority
4ed68ce0-1c60-46a0-81b1-24df7c70c857,2019-11-30 14:17:14+00:00,2019-11-30 14:17:14+00:00,1,['cart'],579688410,1,1,1,643.23,0.0,0,1,0,True,False,False,0,643.23,0.0,0,0,0,0,0.0,High Priority
3c5b9284-665d-4e5c-a5b8-fd4199e6b3c6,2019-11-30 14:18:47+00:00,2019-11-30 14:18:47+00:00,1,['cart'],513174477,1,1,1,241.77,0.0,0,1,0,True,False,False,0,241.77,0.0,0,1,1,1,0.0,High Priority
8bcbb217-6a69-4d1b-a791-301ff888594a,2019-11-30 14:21:57+00:00,2019-11-30 14:21:57+00:00,1,['cart'],512884781,1,1,0,250.46,0.0,0,1,0,True,False,False,0,250.46,0.0,0,0,0,0,0.0,High Priority
368b3cc8-1102-4cdb-ad34-b2b36094f214,2019-11-30 14:22:34+00:00,2019-11-30 14:22:34+00:00,1,['cart'],553455834,1,1,1,175.01,0.0,0,1,0,True,False,False,0,175.01,0.0,0,0,0,0,0.0,High Priority
369f8ae7-b705-4f23-a968-cc8e0c628737,2019-11-30 14:22:52+00:00,2019-11-30 14:22:52+00:00,1,['cart'],544586514,1,1,1,6.15,0.0,0,1,0,True,False,False,0,6.15,0.0,0,0,0,0,0.0,High Priority
f41585c0-5f29-4246-a688-5fdff9cdf869,2019-11-30 14:26:00+00:00,2019-11-30 14:26:00+00:00,1,['cart'],560803032,1,1,1,27.28,0.0,0,1,0,True,False,False,0,27.28,0.0,0,0,0,0,0.0,High Priority
02608fc1-4c16-4e86-a946-a598e2212dae,2019-11-30 14:26:14+00:00,2019-11-30 14:26:14+00:00,1,['cart'],559869701,1,1,1,75.42,0.0,0,1,0,True,False,False,0,75.42,0.0,0,0,0,0,0.0,High Priority
97035a3b-6973-4b14-9c68-b81eae15602f,2019-11-30 14:28:21+00:00,2019-11-30 14:28:21+00:00,1,['cart'],525562657,1,1,1,154.42,0.0,0,1,0,True,False,False,0,154.42,0.0,0,0,0,0,0.0,High Priority
438c227f-c0ce-446a-a69d-f099528f758d,2019-11-30 14:30:20+00:00,2019-11-30 14:30:20+00:00,1,['cart'],573023009,1,1,1,106.08,0.0,0,1,0,True,False,False,0,106.08,0.0,0,0,0,0,0.04,High Priority
4d68ad3f-9e3e-4748-afce-e2c3b3dafa49,2019-11-30 14:31:59+00:00,2019-11-30 14:52:28+00:00,2,"['cart', 'view']",514695857,2,1,1,61.5,20.48333333333333,1,1,0,True,False,True,0,30.75,1.0,0,0,0,0,0.0,High Priority
6a10db0d-c200-4f54-b3a2-31d3df1b082f,2019-11-30 14:34:18+00:00,2019-11-30 14:34:18+00:00,1,['cart'],552707659,1,1,1,280.05,0.0,0,1,0,True,False,False,0,280.05,0.0,0,1,1,1,0.0,High Priority
8d2afd2f-5bc9-4852-908f-ccac96d72257,2019-11-30 14:37:01+00:00,2019-11-30 14:37:01+00:00,1,['cart'],517730120,1,1,1,462.79,0.0,0,1,0,True,False,False,0,462.79,0.0,0,0,0,0,0.0,High Priority
a56e0389-9666-40ea-ac46-84335f2c9e2a,2019-11-30 14:37:22+00:00,2019-11-30 14:37:22+00:00,1,['cart'],579695878,1,1,1,229.59,0.0,0,1,0,True,False,False,0,229.59,0.0,0,0,0,0,0.0,High Priority
65dad1c2-ed75-4d2b-8410-4e0d4b106cea,2019-11-30 14:44:36+00:00,2019-11-30 14:44:36+00:00,1,['cart'],542703691,1,1,1,284.83,0.0,0,1,0,True,False,False,0,284.83,0.0,0,0,0,0,0.0,High Priority
be766dd9-9b20-4a45-932c-f529bd48d196,2019-11-30 14:45:21+00:00,2019-11-30 14:45:21+00:00,1,['cart'],579502428,1,1,1,457.92,0.0,0,1,0,True,False,False,0,457.92,0.0,0,0,0,0,0.0,High Priority
e990399c-e3af-4887-9ff7-621d897fc67c,2019-11-30 14:47:18+00:00,2019-11-30 14:47:18+00:00,1,['cart'],579591695,1,1,1,384.54,0.0,0,1,0,True,False,False,0,384.54,0.0,0,0,0,0,0.0,High Priority
637f5e6f-1368-44f5-9c0b-724a1142d58c,2019-11-30 14:47:54+00:00,2019-11-30 14:47:54+00:00,1,['cart'],523501398,1,1,1,67.78,0.0,0,1,0,True,False,False,0,67.78,0.0,0,0,0,0,0.0,High Priority
d3f26fba-b2c0-4adc-bcb0-47bb5bbf3552,2019-11-30 14:54:24+00:00,2019-11-30 14:54:24+00:00,1,['cart'],538757629,1,1,0,22.89,0.0,0,1,0,True,False,False,0,22.89,0.0,0,0,0,0,0.0,High Priority
6579056d-1357-40e8-82f4-908c06d01bc2,2019-11-30 14:55:02+00:00,2019-11-30 14:55:29+00:00,2,"['cart', 'view']",565720079,1,1,1,248.58,0.45,1,1,0,True,False,True,0,248.58,1.0,0,0,0,0,0.0,High Priority
3155b41c-3a75-4292-a2ae-a7d818cb4ded,2019-11-30 14:56:41+00:00,2019-11-30 14:56:41+00:00,1,['cart'],568074475,1,1,1,167.03,0.0,0,1,0,True,False,False,0,167.03,0.0,0,1,1,1,0.0,High Priority
6ce77b89-076b-4f35-9404-d9b838ef76e6,2019-11-30 14:58:33+00:00,2019-11-30 14:58:33+00:00,1,['cart'],573454201,1,1,1,514.79,0.0,0,1,0,True,False,False,0,514.79,0.0,0,0,0,0,0.0,High Priority
269eecb9-4077-4e71-a02a-59a273a94a2b,2019-11-30 14:59:40+00:00,2019-11-30 14:59:40+00:00,1,['cart'],512517325,1,1,1,333.16,0.0,0,1,0,True,False,False,0,333.16,0.0,0,0,0,0,0.0,High Priority
7d3a6ddb-d383-4427-8fe5-f44e79937f46,2019-11-30 15:01:03+00:00,2019-11-30 15:01:03+00:00,1,['cart'],550835653,1,1,1,154.41,0.0,0,1,0,True,False,False,0,154.41,0.0,0,0,0,0,0.0,High Priority
25ecb2b6-9012-4765-94c6-bc2c1f91d26d,2019-11-30 15:05:11+00:00,2019-11-30 15:07:44+00:00,4,"['cart', 'cart', 'view', 'view']",578234642,2,1,2,293.91,2.55,2,2,0,True,False,True,0,146.955,1.0,0,0,0,0,0.04,High Priority
b632b05a-9b5f-4754-8092-4417db6c1f85,2019-11-30 15:05:13+00:00,2019-11-30 15:05:13+00:00,1,['cart'],516270573,1,1,1,308.86,0.0,0,1,0,True,False,False,0,308.86,0.0,0,0,0,0,0.0,High Priority
a0559d87-d622-43f2-a347-8d45afa01c44,2019-11-30 15:10:01+00:00,2019-11-30 15:10:01+00:00,1,['cart'],513658199,1,1,1,501.92,0.0,0,1,0,True,False,False,0,501.92,0.0,0,0,0,0,0.0,High Priority
4fec2656-2967-40d3-b3d9-d0ac246a55e5,2019-11-30 15:12:03+00:00,2019-11-30 15:12:03+00:00,1,['cart'],579673082,1,1,1,2059.26,0.0,0,1,0,True,False,False,0,2059.26,0.0,0,0,0,0,0.0,High Priority
e1927957-4b85-4f9a-8deb-070789f4d28c,2019-11-30 15:12:11+00:00,2019-11-30 15:12:11+00:00,1,['cart'],579644203,1,1,1,12.84,0.0,0,1,0,True,False,False,0,12.84,0.0,0,0,0,0,0.0,High Priority
ba27e7b7-1841-43ab-a471-2e860bb85366,2019-11-30 15:13:56+00:00,2019-11-30 15:13:56+00:00,1,['cart'],579722915,1,1,1,485.13,0.0,0,1,0,True,False,False,0,485.13,0.0,0,0,0,0,0.0,High Priority
a5906157-ed77-4143-9cf0-6e51d977ff03,2019-11-30 15:14:17+00:00,2019-11-30 15:14:41+00:00,2,"['cart', 'cart']",514522901,1,1,1,149.24,0.4,0,2,0,True,False,False,0,149.24,0.0,0,0,0,0,0.01,High Priority
63e0dc00-91e7-4b2e-ae25-74b5e9edfd60,2019-11-30 15:17:53+00:00,2019-11-30 15:18:37+00:00,2,"['cart', 'view']",516793193,1,1,1,20.54,0.7333333333333333,1,1,0,True,False,True,0,20.54,1.0,0,0,0,0,0.0,High Priority
0b806176-be8e-46da-8056-48ad8e879b45,2019-11-30 15:19:25+00:00,2019-11-30 15:19:25+00:00,1,['cart'],539140476,1,1,1,226.0,0.0,0,1,0,True,False,False,0,226.0,0.0,0,0,0,0,0.0,High Priority
e83eff5e-cbe3-4b87-baf4-077dd5168e70,2019-11-30 15:22:41+00:00,2019-11-30 15:22:41+00:00,1,['cart'],555365758,1,1,1,452.75,0.0,0,1,0,True,False,False,0,452.75,0.0,0,0,0,0,0.0,High Priority
b2180e72-5aa9-4aea-a96c-9f9f7ccf0c2d,2019-11-30 15:26:42+00:00,2019-11-30 15:26:42+00:00,1,['cart'],528133891,1,1,1,33.21,0.0,0,1,0,True,False,False,0,33.21,0.0,0,0,0,0,0.0,High Priority
30f2f3fa-aed8-4c50-83ab-5e4d71c7e09d,2019-11-30 15:27:15+00:00,2019-11-30 15:27:15+00:00,1,['cart'],516572937,1,1,1,34.88,0.0,0,1,0,True,False,False,0,34.88,0.0,0,1,1,1,0.0,High Priority
71e48370-cf94-4536-ba6e-6acb1c012caa,2019-11-30 15:30:31+00:00,2019-11-30 15:30:31+00:00,1,['cart'],518389295,1,1,1,162.77,0.0,0,1,0,True,False,False,0,162.77,0.0,0,0,0,0,0.0,High Priority
e45592b0-3331-4cd4-9930-18636587c7dd,2019-11-30 15:31:29+00:00,2019-11-30 15:31:29+00:00,1,['cart'],573037155,1,1,0,47.23,0.0,0,1,0,True,False,False,0,47.23,0.0,0,0,0,0,0.0,High Priority
a9f4f9e3-8351-4a44-9bb7-d2c3502d09d1,2019-11-30 15:35:55+00:00,2019-11-30 15:35:55+00:00,1,['cart'],522941719,1,1,0,34.22,0.0,0,1,0,True,False,False,0,34.22,0.0,0,0,0,0,0.0,High Priority
e78eb266-1bee-47aa-a5b1-1527dc50584e,2019-11-30 15:38:15+00:00,2019-11-30 15:38:15+00:00,1,['cart'],565692224,1,1,1,346.83,0.0,0,1,0,True,False,False,0,346.83,0.0,0,0,0,0,0.0,High Priority
42a8b175-3faf-4243-bd3f-aa89f97010a8,2019-11-30 15:38:27+00:00,2019-11-30 15:41:27+00:00,2,"['cart', 'view']",514895925,2,1,1,77.93,3.0,1,1,0,True,False,True,0,38.965,1.0,0,0,0,0,0.0,High Priority
3be94260-b09e-4c07-bebc-8b497c76e474,2019-11-30 15:39:34+00:00,2019-11-30 15:39:34+00:00,1,['cart'],551722406,1,1,1,1157.82,0.0,0,1,0,True,False,False,0,1157.82,0.0,0,0,0,0,0.0,High Priority
9ed8f4dc-d5b4-4a10-8763-a63a4924f15e,2019-11-30 15:46:04+00:00,2019-11-30 15:46:41+00:00,2,"['cart', 'view']",554598326,1,1,1,643.46,0.6166666666666667,1,1,0,True,False,True,0,643.46,1.0,0,0,0,0,0.0,High Priority
63e6a0aa-cb30-4e85-9f78-b2788d4a01de,2019-11-30 15:47:44+00:00,2019-11-30 15:47:44+00:00,1,['cart'],516396961,1,1,1,221.34,0.0,0,1,0,True,False,False,0,221.34,0.0,0,0,0,0,0.0,High Priority
e0dfa43c-72a8-4aa3-a3be-16458ffc0bdf,2019-11-30 15:48:46+00:00,2019-11-30 15:48:46+00:00,1,['cart'],576048653,1,1,0,37.84,0.0,0,1,0,True,False,False,0,37.84,0.0,0,0,0,0,0.0,High Priority
eed3862f-904b-49fc-9905-6f12960dfa8e,2019-11-30 15:50:06+00:00,2019-11-30 15:50:06+00:00,1,['cart'],541372822,1,1,1,163.4,0.0,0,1,0,True,False,False,0,163.4,0.0,0,0,0,0,0.0,High Priority
3a841406-68ee-4ed0-a376-ce16fb36de2f,2019-11-30 15:50:35+00:00,2019-11-30 15:50:35+00:00,1,['cart'],563715956,1,1,1,261.01,0.0,0,1,0,True,False,False,0,261.01,0.0,0,0,0,0,0.0,High Priority
5945a6f2-3d75-4a2f-aeca-9bfc0a8096a8,2019-11-30 15:51:00+00:00,2019-11-30 15:51:00+00:00,1,['cart'],579743920,1,1,1,191.6,0.0,0,1,0,True,False,False,0,191.6,0.0,0,0,0,0,0.0,High Priority
11a39981-affd-4df9-91e9-b3bdda95dd57,2019-11-30 15:51:11+00:00,2019-11-30 15:51:11+00:00,1,['cart'],578473877,1,1,1,795.9,0.0,0,1,0,True,False,False,0,795.9,0.0,0,0,0,0,0.0,High Priority
854e8352-4ed4-422c-a99c-4520acb0adac,2019-11-30 15:54:15+00:00,2019-11-30 15:54:15+00:00,1,['cart'],514314664,1,1,1,228.81,0.0,0,1,0,True,False,False,0,228.81,0.0,0,0,0,0,0.0,High Priority
ab2da5e6-4b70-48c6-9bea-adc57cd784a8,2019-11-30 15:54:32+00:00,2019-11-30 15:54:32+00:00,1,['cart'],512961637,1,1,1,104.25,0.0,0,1,0,True,False,False,0,104.25,0.0,0,0,0,0,0.0,High Priority
d0bbfc94-b28b-46af-8809-d0c67dabe772,2019-11-30 15:58:03+00:00,2019-11-30 15:58:03+00:00,1,['cart'],512922935,1,1,0,12.84,0.0,0,1,0,True,False,False,0,12.84,0.0,0,0,0,0,0.0,High Priority
044d6ada-5606-4db4-9c28-3cd762159a75,2019-11-30 16:00:25+00:00,2019-11-30 16:00:25+00:00,1,['cart'],533447280,1,1,1,192.77,0.0,0,1,0,True,False,False,0,192.77,0.0,0,0,0,0,0.0,High Priority
dce96afb-2243-4d25-aaee-f2156b30ece8,2019-11-30 16:01:15+00:00,2019-11-30 16:01:15+00:00,1,['cart'],513050989,1,1,1,179.9,0.0,0,1,0,True,False,False,0,179.9,0.0,0,0,0,0,0.0,High Priority
7c278447-4c3a-4d66-a0b8-dd15d8c99f17,2019-11-30 16:04:22+00:00,2019-11-30 16:04:22+00:00,1,['cart'],558283851,1,1,1,315.3,0.0,0,1,0,True,False,False,0,315.3,0.0,0,0,0,0,0.0,High Priority
e15b0274-d81f-4d88-aae3-373bd840678a,2019-11-30 16:04:25+00:00,2019-11-30 16:04:25+00:00,1,['cart'],519037331,1,1,0,8.47,0.0,0,1,0,True,False,False,0,8.47,0.0,0,0,0,0,0.0,High Priority
4a474cc1-c458-440e-af00-a20a8b777802,2019-11-30 16:05:07+00:00,2019-11-30 16:05:07+00:00,1,['cart'],534931796,1,1,1,46.33,0.0,0,1,0,True,False,False,0,46.33,0.0,0,0,0,0,0.0,High Priority
eb4e5382-e169-4508-8341-bfc28e16048e,2019-11-30 16:06:42+00:00,2019-11-30 16:06:42+00:00,1,['cart'],552724774,1,1,1,150.76,0.0,0,1,0,True,False,False,0,150.76,0.0,0,0,0,0,0.0,High Priority
f2cc0a77-9d1c-4d5b-b38b-f8b4c3a8f368,2019-11-30 16:06:47+00:00,2019-11-30 16:06:47+00:00,1,['cart'],579482385,1,1,1,346.83,0.0,0,1,0,True,False,False,0,346.83,0.0,0,0,0,0,0.0,High Priority
393f1a0d-24fb-45e6-8378-df7d5eb7cc72,2019-11-30 16:07:29+00:00,2019-11-30 16:07:29+00:00,1,['cart'],560930754,1,1,0,7.84,0.0,0,1,0,True,False,False,0,7.84,0.0,0,0,0,0,0.0,High Priority
b6b93897-bb30-401a-af94-a469c2c86d3a,2019-11-30 16:08:11+00:00,2019-11-30 16:08:11+00:00,2,"['cart', 'cart']",579546663,1,1,1,2620.66,0.0,0,2,0,True,False,False,0,2620.66,0.0,0,0,0,0,0.0,High Priority
3fac7e90-de3b-4a57-9433-88d2f4d3a6e8,2019-11-30 16:09:22+00:00,2019-11-30 16:09:22+00:00,1,['cart'],513621220,1,1,1,191.55,0.0,0,1,0,True,False,False,0,191.55,0.0,0,0,0,0,0.0,High Priority
edb06dd7-ed2e-4c22-b69e-5c0f98525dd0,2019-11-30 16:09:53+00:00,2019-11-30 16:09:53+00:00,1,['cart'],530013598,1,1,1,154.19,0.0,0,1,0,True,False,False,0,154.19,0.0,0,0,0,0,0.0,High Priority
55d38573-d075-4aa8-9fce-182dd9f7e06c,2019-11-30 16:10:28+00:00,2019-11-30 16:10:28+00:00,1,['cart'],518196071,1,1,1,48.88,0.0,0,1,0,True,False,False,0,48.88,0.0,0,0,0,0,0.0,High Priority
d80a68b4-254e-4a65-8cc2-4dd8a66f3c78,2019-11-30 16:10:52+00:00,2019-11-30 16:10:52+00:00,1,['cart'],579696031,1,1,1,248.11,0.0,0,1,0,True,False,False,0,248.11,0.0,0,0,0,0,0.0,High Priority
f0f5ef50-60a0-4503-9361-35dd0aa87414,2019-11-30 16:11:21+00:00,2019-11-30 16:11:21+00:00,1,['cart'],537394770,1,1,1,231.15,0.0,0,1,0,True,False,False,0,231.15,0.0,0,0,0,0,0.0,High Priority
8383ab40-759d-4123-a9a9-569891d5ef70,2019-11-30 16:12:12+00:00,2019-11-30 16:12:12+00:00,1,['cart'],522048197,1,1,1,1286.65,0.0,0,1,0,True,False,False,0,1286.65,0.0,0,0,0,0,0.0,High Priority
9dbeac4a-c506-42ef-a8da-69402a4e546b,2019-11-30 16:15:31+00:00,2019-11-30 16:15:31+00:00,1,['cart'],513428283,1,1,1,74.62,0.0,0,1,0,True,False,False,0,74.62,0.0,0,0,0,0,0.0,High Priority
55676b23-3273-435b-9488-99b95959bd03,2019-11-30 16:16:57+00:00,2019-11-30 16:16:57+00:00,1,['cart'],574445121,1,1,1,182.76,0.0,0,1,0,True,False,False,0,182.76,0.0,0,0,0,0,0.0,High Priority
5fd7cb13-7a59-4a4e-b6f6-340f2241d540,2019-11-30 16:18:03+00:00,2019-11-30 16:18:03+00:00,1,['cart'],577141939,1,1,1,261.01,0.0,0,1,0,True,False,False,0,261.01,0.0,0,0,0,0,0.0,High Priority
a5534e56-d65e-4767-abf0-b2455b463b01,2019-11-30 16:19:32+00:00,2019-11-30 16:19:32+00:00,1,['cart'],518962293,1,1,1,79.02,0.0,0,1,0,True,False,False,0,79.02,0.0,0,0,0,0,0.0,High Priority
cba7fdc2-513a-4c91-b4a2-8d379e836845,2019-11-30 16:19:39+00:00,2019-11-30 16:23:36+00:00,2,"['cart', 'purchase']",519547635,1,1,1,411.34,3.95,0,1,1,True,True,False,1,411.34,0.0,0,0,0,0,0.91,Monitor Only
99e0d092-8dbb-4e59-adb3-340ecdeb1a75,2019-11-30 16:20:01+00:00,2019-11-30 16:20:01+00:00,1,['cart'],525776547,1,1,1,233.7,0.0,0,1,0,True,False,False,0,233.7,0.0,0,0,0,0,0.0,High Priority
f2a2976c-6bdd-4c93-a297-cfad9094a0f3,2019-11-30 16:21:21+00:00,2019-11-30 16:21:21+00:00,1,['cart'],556006132,1,1,1,9.5,0.0,0,1,0,True,False,False,0,9.5,0.0,0,0,0,0,0.0,High Priority
565ceff8-e69c-485c-8659-2039c55441aa,2019-11-30 16:23:17+00:00,2019-11-30 16:23:17+00:00,1,['cart'],523867390,1,1,1,160.87,0.0,0,1,0,True,False,False,0,160.87,0.0,0,0,0,0,0.0,High Priority
5a14a0e5-222d-4d0a-b4bd-163a0b848f77,2019-11-30 16:23:57+00:00,2019-11-30 16:23:57+00:00,1,['cart'],535197495,1,1,1,191.6,0.0,0,1,0,True,False,False,0,191.6,0.0,0,0,0,0,0.0,High Priority
f84e371b-976d-45a3-8911-61b8ba0602ea,2019-11-30 16:24:06+00:00,2019-11-30 16:24:06+00:00,1,['cart'],565053797,1,1,1,84.92,0.0,0,1,0,True,False,False,0,84.92,0.0,0,0,0,0,0.0,High Priority
c8b6ef1d-5424-4ef3-8824-4d7563206bf1,2019-11-30 16:24:26+00:00,2019-11-30 16:24:26+00:00,1,['cart'],512762927,1,1,1,50.87,0.0,0,1,0,True,False,False,0,50.87,0.0,0,0,0,0,0.0,High Priority
65e594ee-27dd-4f43-ba08-a3bb85382c38,2019-11-30 16:26:26+00:00,2019-11-30 16:26:26+00:00,1,['cart'],553896123,1,1,1,150.76,0.0,0,1,0,True,False,False,0,150.76,0.0,0,0,0,0,0.0,High Priority
31764eee-6940-4d2d-ae08-d27fd8f664a5,2019-11-30 16:28:34+00:00,2019-11-30 16:43:04+00:00,2,"['cart', 'view']",547680522,2,1,0,64.17,14.5,1,1,0,True,False,True,0,32.085,1.0,0,0,0,0,0.0,High Priority
18aabbaf-3ee8-498a-b944-fba6c02c1078,2019-11-30 16:33:15+00:00,2019-11-30 16:33:15+00:00,1,['cart'],528281616,1,1,1,69.48,0.0,0,1,0,True,False,False,0,69.48,0.0,0,0,0,0,0.0,High Priority
e8fef627-d9e1-40c3-83e1-b71752c5d323,2019-11-30 16:33:56+00:00,2019-11-30 16:33:56+00:00,1,['cart'],561974870,1,1,0,149.27,0.0,0,1,0,True,False,False,0,149.27,0.0,0,0,0,0,0.0,High Priority
fccd114b-2751-471d-9860-3938e8368a47,2019-11-30 16:34:27+00:00,2019-11-30 16:34:27+00:00,1,['cart'],529828255,1,1,1,102.71,0.0,0,1,0,True,False,False,0,102.71,0.0,0,0,0,0,0.0,High Priority
b9158183-0463-4791-9f68-01e945a36a4d,2019-11-30 16:34:48+00:00,2019-11-30 16:34:48+00:00,1,['cart'],514937865,1,1,1,794.57,0.0,0,1,0,True,False,False,0,794.57,0.0,0,0,0,0,0.0,High Priority
2b9a9ed1-74d1-4e13-88a5-b571bf34c7b7,2019-11-30 16:35:00+00:00,2019-11-30 16:35:00+00:00,1,['cart'],517054102,1,1,1,124.11,0.0,0,1,0,True,False,False,0,124.11,0.0,0,0,0,0,0.0,High Priority
5aae1323-b1f9-4643-a2e4-75d6da8f2f6f,2019-11-30 16:35:07+00:00,2019-11-30 16:35:07+00:00,1,['cart'],551177764,1,1,1,124.11,0.0,0,1,0,True,False,False,0,124.11,0.0,0,0,0,0,0.0,High Priority
4c800acd-06d8-487b-a7c3-2ad6c1a653cc,2019-11-30 16:37:48+00:00,2019-11-30 16:37:48+00:00,1,['cart'],567491362,1,1,0,99.1,0.0,0,1,0,True,False,False,0,99.1,0.0,0,0,0,0,0.0,High Priority
c95038ef-6bcb-447e-84bd-c070ea770400,2019-11-30 16:42:11+00:00,2019-11-30 16:42:11+00:00,1,['cart'],521753783,1,1,1,84.66,0.0,0,1,0,True,False,False,0,84.66,0.0,0,0,0,0,0.0,High Priority
5bb8d5b9-6619-422c-885d-ca27870fafad,2019-11-30 16:43:35+00:00,2019-11-30 16:43:35+00:00,1,['cart'],513060788,1,1,1,193.03,0.0,0,1,0,True,False,False,0,193.03,0.0,0,0,0,0,0.0,High Priority
fe72e790-373e-47a4-b6bd-7ce4f3caa027,2019-11-30 16:44:38+00:00,2019-11-30 16:44:38+00:00,1,['cart'],579758848,1,1,1,308.61,0.0,0,1,0,True,False,False,0,308.61,0.0,0,0,0,0,0.0,High Priority
71274adb-5281-488d-a051-e760d9f63c70,2019-11-30 16:47:22+00:00,2019-11-30 16:47:22+00:00,1,['cart'],548518826,1,1,1,113.31,0.0,0,1,0,True,False,False,0,113.31,0.0,0,0,0,0,0.0,High Priority
1044e5a2-da03-4b14-8c16-d62553c377f5,2019-11-30 16:49:58+00:00,2019-11-30 16:49:58+00:00,1,['cart'],513367587,1,1,1,33.44,0.0,0,1,0,True,False,False,0,33.44,0.0,0,0,0,0,0.0,High Priority
82e39bc4-b512-4657-9eb1-41a15e3e0896,2019-11-30 16:53:36+00:00,2019-11-30 16:53:36+00:00,1,['cart'],547067454,1,1,1,32.15,0.0,0,1,0,True,False,False,0,32.15,0.0,0,0,0,0,0.0,High Priority
42905b59-acfa-4c38-9aad-e7bde8470162,2019-11-30 16:55:08+00:00,2019-11-30 16:55:08+00:00,1,['cart'],579760125,1,1,0,14.84,0.0,0,1,0,True,False,False,0,14.84,0.0,0,0,0,0,0.0,High Priority
c0876692-b33f-4f59-815f-d17b708865ee,2019-11-30 17:00:06+00:00,2019-11-30 17:00:06+00:00,1,['cart'],550185492,1,1,1,167.03,0.0,0,1,0,True,False,False,0,167.03,0.0,0,0,0,0,0.0,High Priority
869c624f-a762-42c5-b855-fa9c82320758,2019-11-30 17:01:39+00:00,2019-11-30 17:01:39+00:00,1,['cart'],549796121,1,1,1,43.5,0.0,0,1,0,True,False,False,0,43.5,0.0,0,1,1,1,0.0,High Priority
13d0039f-fd36-45f4-8da0-0641ddcba25b,2019-11-30 17:04:08+00:00,2019-11-30 17:04:08+00:00,1,['cart'],515920661,1,1,1,405.84,0.0,0,1,0,True,False,False,0,405.84,0.0,0,0,0,0,0.0,High Priority
73ca57d0-939a-45bb-9efd-0102fc8fd6d1,2019-11-30 17:07:12+00:00,2019-11-30 17:07:12+00:00,1,['cart'],555335474,1,1,1,696.88,0.0,0,1,0,True,False,False,0,696.88,0.0,0,0,0,0,0.0,High Priority
67de1bf2-9422-4ed8-b2cc-1f543fc3c5cb,2019-11-30 17:08:42+00:00,2019-11-30 17:08:42+00:00,1,['cart'],579510628,1,1,1,180.16,0.0,0,1,0,True,False,False,0,180.16,0.0,0,0,0,0,0.0,High Priority
c0281780-838b-4146-8ef2-4d7e5e70ccfc,2019-11-30 17:11:26+00:00,2019-11-30 17:11:34+00:00,2,"['cart', 'cart']",558144514,1,1,1,191.32,0.1333333333333333,0,2,0,True,False,False,0,191.32,0.0,0,0,0,0,0.0,High Priority
a92cbdcd-dcfa-48d0-a0de-37bea6f1bd3f,2019-11-30 17:14:29+00:00,2019-11-30 17:14:29+00:00,1,['cart'],515127070,1,1,1,33.21,0.0,0,1,0,True,False,False,0,33.21,0.0,0,0,0,0,0.0,High Priority
1d5877c9-155a-4ffb-9366-bafd0813aaf1,2019-11-30 17:23:54+00:00,2019-11-30 17:23:54+00:00,1,['cart'],542135273,1,1,1,1286.65,0.0,0,1,0,True,False,False,0,1286.65,0.0,0,0,0,0,0.0,High Priority
b4737d03-58d4-46b8-ae51-0bde0ead7a5a,2019-11-30 17:31:21+00:00,2019-11-30 17:31:21+00:00,1,['cart'],513206085,1,1,1,160.87,0.0,0,1,0,True,False,False,0,160.87,0.0,0,0,0,0,0.0,High Priority
9397715e-4003-46fa-a35c-4146b6d974ba,2019-11-30 17:31:24+00:00,2019-11-30 17:31:24+00:00,1,['cart'],546883564,1,1,1,14.27,0.0,0,1,0,True,False,False,0,14.27,0.0,0,0,0,0,0.0,High Priority
e13b8bb6-68a7-4ec8-a1e9-713c70ac7700,2019-11-30 17:38:54+00:00,2019-11-30 17:38:54+00:00,1,['cart'],579809193,1,1,1,71.3,0.0,0,1,0,True,False,False,0,71.3,0.0,0,0,0,0,0.0,High Priority
0e486873-6137-4246-aa59-5fdf7cfd71c7,2019-11-30 17:39:04+00:00,2019-11-30 17:39:04+00:00,1,['cart'],513790448,1,1,0,59.18,0.0,0,1,0,True,False,False,0,59.18,0.0,0,0,0,0,0.0,High Priority
b1ed3dea-01b0-4b8f-9aac-ab7b25595e1b,2019-11-30 17:40:42+00:00,2019-11-30 17:40:42+00:00,1,['cart'],560352805,1,1,1,33.21,0.0,0,1,0,True,False,False,0,33.21,0.0,0,0,0,0,0.0,High Priority
7ece423b-f354-4c1d-ace8-ba0372ab96e2,2019-11-30 17:41:28+00:00,2019-11-30 17:41:28+00:00,1,['cart'],513190540,1,1,1,642.99,0.0,0,1,0,True,False,False,0,642.99,0.0,0,0,0,0,0.0,High Priority
0cf68c86-d795-46f9-b022-8914e2769457,2019-11-30 17:41:49+00:00,2019-11-30 17:41:49+00:00,1,['cart'],569564327,1,1,1,124.11,0.0,0,1,0,True,False,False,0,124.11,0.0,0,0,0,0,0.0,High Priority
0e8964d5-902e-4b3a-9bae-4dbefe2c61ee,2019-11-30 17:42:16+00:00,2019-11-30 17:42:16+00:00,1,['cart'],575398700,1,1,1,469.51,0.0,0,1,0,True,False,False,0,469.51,0.0,0,0,0,0,0.0,High Priority
e5f8fafd-580a-40e0-aab6-8a7a0d6b4cf7,2019-11-30 17:43:45+00:00,2019-11-30 17:45:01+00:00,2,"['cart', 'view']",573343906,1,1,1,81.86,1.2666666666666666,1,1,0,True,False,True,0,81.86,1.0,0,0,0,0,0.02,High Priority
c33ad725-4edd-4ccc-9770-2e65bd4696ea,2019-11-30 17:47:56+00:00,2019-11-30 17:47:56+00:00,1,['cart'],566921422,1,1,1,47.89,0.0,0,1,0,True,False,False,0,47.89,0.0,0,0,0,0,0.0,High Priority
1b8c5e04-bc66-40be-b028-6f032d3b562d,2019-11-30 17:55:25+00:00,2019-11-30 17:55:25+00:00,1,['cart'],515070506,1,1,0,132.02,0.0,0,1,0,True,False,False,0,132.02,0.0,0,0,0,0,0.0,High Priority
0cc81fb6-7a24-4574-8f39-6b577505be0d,2019-11-30 17:56:48+00:00,2019-11-30 17:56:48+00:00,1,['cart'],536462605,1,1,1,591.75,0.0,0,1,0,True,False,False,0,591.75,0.0,0,1,1,1,0.0,High Priority
f5b42338-75e6-4ee7-aad4-0738a31119aa,2019-11-30 17:57:34+00:00,2019-11-30 17:57:34+00:00,1,['cart'],579813101,1,1,1,131.74,0.0,0,1,0,True,False,False,0,131.74,0.0,0,0,0,0,0.0,High Priority
6bdc1bea-a2a0-4eb3-81be-9650e6d4f254,2019-11-30 17:58:35+00:00,2019-11-30 17:58:35+00:00,1,['cart'],520756509,1,1,1,32.15,0.0,0,1,0,True,False,False,0,32.15,0.0,0,0,0,0,0.0,High Priority
8c5eb92f-fa32-48d9-a18c-a057a06eebb7,2019-11-30 17:58:59+00:00,2019-11-30 17:58:59+00:00,1,['cart'],552050770,1,1,1,257.28,0.0,0,1,0,True,False,False,0,257.28,0.0,0,0,0,0,0.0,High Priority
bf651611-cff4-4a1a-8798-04dc07eef429,2019-11-30 18:01:40+00:00,2019-11-30 18:01:40+00:00,1,['cart'],515689756,1,1,0,87.26,0.0,0,1,0,True,False,False,0,87.26,0.0,0,0,0,0,0.0,High Priority
edf21d5d-2df0-4398-8d0f-5a678547abcd,2019-11-30 18:04:52+00:00,2019-11-30 18:04:52+00:00,1,['cart'],512801708,1,1,1,216.99,0.0,0,1,0,True,False,False,0,216.99,0.0,0,0,0,0,0.0,High Priority
07ddae3e-6ec6-4a8b-b86d-1a6c439c045c,2019-11-30 18:10:53+00:00,2019-11-30 18:10:53+00:00,1,['cart'],568286722,1,1,1,160.87,0.0,0,1,0,True,False,False,0,160.87,0.0,0,0,0,0,0.0,High Priority
5ed4a18e-e32e-4ca4-b58b-a7be6b25c4f7,2019-11-30 18:13:55+00:00,2019-11-30 18:13:55+00:00,1,['cart'],565234970,1,1,1,915.49,0.0,0,1,0,True,False,False,0,915.49,0.0,0,0,0,0,0.0,High Priority
007c7c92-6b20-4cf6-8439-93c335ce0d94,2019-11-30 18:17:05+00:00,2019-11-30 18:17:05+00:00,1,['cart'],556550736,1,1,1,110.66,0.0,0,1,0,True,False,False,0,110.66,0.0,0,0,0,0,0.0,High Priority
b6ee2eae-b2f1-4fd9-bb39-675b8acfb858,2019-11-30 18:18:53+00:00,2019-11-30 18:18:53+00:00,2,"['cart', 'view']",555736743,1,1,1,16.42,0.0,1,1,0,True,False,True,0,16.42,1.0,0,0,0,0,0.0,High Priority
19d8b45a-0bfd-49e3-a561-a1ea1d009233,2019-11-30 18:20:24+00:00,2019-11-30 18:20:24+00:00,1,['cart'],565234970,1,1,1,351.1,0.0,0,1,0,True,False,False,0,351.1,0.0,0,1,1,1,0.0,High Priority
0e2ee35b-1bc4-40f6-8a27-277d9eff2ed3,2019-11-30 18:23:10+00:00,2019-11-30 18:23:10+00:00,1,['cart'],512976247,1,1,1,169.55,0.0,0,1,0,True,False,False,0,169.55,0.0,0,0,0,0,0.0,High Priority
f9fa34be-bf94-4ba2-a684-59d5083d86b8,2019-11-30 18:23:21+00:00,2019-11-30 18:23:21+00:00,1,['cart'],569766955,1,1,1,457.9,0.0,0,1,0,True,False,False,0,457.9,0.0,0,0,0,0,0.0,High Priority
adb96363-dded-40f7-9907-38e96a378ef3,2019-11-30 18:25:26+00:00,2019-11-30 18:25:26+00:00,1,['cart'],529994669,1,1,0,68.99,0.0,0,1,0,True,False,False,0,68.99,0.0,0,0,0,0,0.0,High Priority
5d1a7186-d437-4d4b-8de2-6a64b76e829e,2019-11-30 18:27:02+00:00,2019-11-30 18:27:02+00:00,1,['cart'],515767803,1,1,1,457.92,0.0,0,1,0,True,False,False,0,457.92,0.0,0,0,0,0,0.0,High Priority
717bb94c-0dcb-437d-bb16-14e5082a54e3,2019-11-30 18:31:20+00:00,2019-11-30 18:31:20+00:00,1,['cart'],540081646,1,1,1,38.35,0.0,0,1,0,True,False,False,0,38.35,0.0,0,0,0,0,0.0,High Priority
73b8381a-e832-4816-8d79-d1a7b47f2126,2019-11-30 18:32:19+00:00,2019-11-30 18:32:19+00:00,1,['cart'],519137557,1,1,1,82.37,0.0,0,1,0,True,False,False,0,82.37,0.0,0,0,0,0,0.0,High Priority
58294790-87fb-4634-9ef9-2bb6ff875199,2019-11-30 18:35:46+00:00,2019-11-30 18:35:46+00:00,1,['cart'],579077551,1,1,1,339.3,0.0,0,1,0,True,False,False,0,339.3,0.0,0,0,0,0,0.0,High Priority
c0be79a7-1a87-4c31-8b28-095655a5481a,2019-11-30 18:38:45+00:00,2019-11-30 18:44:17+00:00,2,"['cart', 'cart']",526552304,2,2,2,910.69,5.533333333333333,0,2,0,True,False,False,0,455.345,0.0,0,0,0,0,0.0,High Priority
e1101322-4302-4d0b-b678-798a599b1d12,2019-11-30 18:39:00+00:00,2019-11-30 18:39:00+00:00,1,['cart'],515536967,1,1,1,385.83,0.0,0,1,0,True,False,False,0,385.83,0.0,0,0,0,0,0.0,High Priority
fbd1358d-82c7-41bc-8729-6121d8655081,2019-11-30 18:43:17+00:00,2019-11-30 18:43:17+00:00,1,['cart'],514413228,1,1,1,101.67,0.0,0,1,0,True,False,False,0,101.67,0.0,0,0,0,0,0.0,High Priority
252ea64a-d480-4191-827a-1f0fb39ba24b,2019-11-30 18:55:18+00:00,2019-11-30 18:55:18+00:00,1,['cart'],513928989,1,1,1,128.95,0.0,0,1,0,True,False,False,0,128.95,0.0,0,0,0,0,0.0,High Priority
cafb8531-eff5-4f2a-8819-28d3e4b81298,2019-11-30 18:55:42+00:00,2019-11-30 18:55:42+00:00,1,['cart'],517914824,1,1,1,457.91,0.0,0,1,0,True,False,False,0,457.91,0.0,0,0,0,0,0.0,High Priority
b94eb780-67d5-4aaa-92c6-862d8edbf8c3,2019-11-30 18:56:48+00:00,2019-11-30 18:56:48+00:00,1,['cart'],516105747,1,1,1,282.09,0.0,0,1,0,True,False,False,0,282.09,0.0,0,0,0,0,0.0,High Priority
f81e071f-d5db-4260-b465-d1c39f49145f,2019-11-30 19:14:38+00:00,2019-11-30 19:14:38+00:00,1,['cart'],561773665,1,1,1,229.59,0.0,0,1,0,True,False,False,0,229.59,0.0,0,0,0,0,0.0,High Priority
e777a95b-fd66-43a0-f969-f4944790970d,2019-11-30 19:17:55+00:00,2019-11-30 19:17:55+00:00,1,['cart'],548576975,1,1,0,801.09,0.0,0,1,0,True,False,False,0,801.09,0.0,0,0,0,0,0.0,High Priority
224af9f6-0dff-4cc3-84a7-1feb410d10af,2019-11-30 19:23:05+00:00,2019-11-30 19:23:05+00:00,1,['cart'],513901005,1,1,1,137.02,0.0,0,1,0,True,False,False,0,137.02,0.0,0,0,0,0,0.0,High Priority
1f6ed761-1876-40d3-bd97-a47e57e26947,2019-11-30 19:24:19+00:00,2019-11-30 19:24:19+00:00,1,['cart'],569495636,1,1,1,15.42,0.0,0,1,0,True,False,False,0,15.42,0.0,0,0,0,0,0.0,High Priority
5bff6ab8-b6b4-4517-b249-95fe6cb1c3ea,2019-11-30 19:35:55+00:00,2019-11-30 19:35:55+00:00,1,['cart'],550861591,1,1,1,235.6,0.0,0,1,0,True,False,False,0,235.6,0.0,0,1,1,1,0.0,High Priority
43e22b10-4e11-452f-8e39-ab9a91f8c680,2019-11-30 19:36:34+00:00,2019-11-30 19:36:34+00:00,1,['cart'],560015136,1,1,1,1634.38,0.0,0,1,0,True,False,False,0,1634.38,0.0,0,0,0,0,0.0,High Priority
b5cd98dc-ea10-4b1a-8c20-b80aab58b6cd,2019-11-30 19:39:51+00:00,2019-11-30 19:39:51+00:00,1,['cart'],566756676,1,1,1,192.26,0.0,0,1,0,True,False,False,0,192.26,0.0,0,0,0,0,0.0,High Priority
0c8335ba-fd28-4160-a538-fc4b26a00bcb,2019-11-30 19:40:28+00:00,2019-11-30 19:40:28+00:00,1,['cart'],524206573,1,1,1,910.55,0.0,0,1,0,True,False,False,0,910.55,0.0,0,0,0,0,0.0,High Priority
a3670239-c0e8-49da-a804-760a2414fb52,2019-11-30 19:41:06+00:00,2019-11-30 19:41:06+00:00,1,['cart'],560342447,1,1,1,32.15,0.0,0,1,0,True,False,False,0,32.15,0.0,0,0,0,0,0.0,High Priority
59f852e7-f062-40fc-81a8-9d6a1997476f,2019-11-30 19:41:09+00:00,2019-11-30 19:41:09+00:00,1,['cart'],513524962,1,1,0,345.2,0.0,0,1,0,True,False,False,0,345.2,0.0,0,0,0,0,0.0,High Priority
f62be6a9-be63-4840-8fb8-6ab6adc733fc,2019-11-30 19:42:22+00:00,2019-11-30 19:47:03+00:00,2,"['cart', 'view']",516611602,2,2,1,66.9,4.683333333333334,1,1,0,True,False,True,0,33.45,1.0,0,0,0,0,0.0,High Priority
57515f30-767f-400e-bf43-71e113677c8a,2019-11-30 19:45:59+00:00,2019-11-30 19:45:59+00:00,1,['cart'],572647282,1,1,1,643.49,0.0,0,1,0,True,False,False,0,643.49,0.0,0,0,0,0,0.0,High Priority
5d8c5f97-d280-46ae-b032-cf237389d4d5,2019-11-30 19:48:46+00:00,2019-11-30 19:48:46+00:00,1,['cart'],577531313,1,1,1,12.84,0.0,0,1,0,True,False,False,0,12.84,0.0,0,1,1,1,0.0,High Priority
23500683-8c2b-432f-85fc-9c84637b1e6d,2019-11-30 19:59:49+00:00,2019-11-30 19:59:49+00:00,1,['cart'],552113449,1,1,1,282.09,0.0,0,1,0,True,False,False,0,282.09,0.0,0,0,0,0,0.0,High Priority
e4119547-b8f7-4f52-a1ee-eecf9ac108b2,2019-11-30 20:02:14+00:00,2019-11-30 20:02:14+00:00,1,['cart'],579883035,1,1,1,89.84,0.0,0,1,0,True,False,False,0,89.84,0.0,0,0,0,0,0.0,High Priority
4a8f4126-05ae-4133-848b-4c14de7c89c3,2019-11-30 20:10:15+00:00,2019-11-30 20:10:15+00:00,1,['cart'],533306923,1,1,1,141.29,0.0,0,1,0,True,False,False,0,141.29,0.0,0,0,0,0,0.0,High Priority
44bb3b38-5303-473b-8c9f-a352108d1e5c,2019-11-30 20:22:04+00:00,2019-11-30 20:22:04+00:00,1,['cart'],526088764,1,1,1,139.0,0.0,0,1,0,True,False,False,0,139.0,0.0,0,0,0,0,0.0,High Priority
2ca0fe43-0d1a-411c-ba64-ceef8d4bd0bc,2019-11-30 20:30:19+00:00,2019-11-30 20:30:19+00:00,1,['cart'],523416968,1,1,0,591.78,0.0,0,1,0,True,False,False,0,591.78,0.0,0,0,0,0,0.0,High Priority
5f6582b8-601b-4a19-b296-4763ea789b00,2019-11-30 20:30:44+00:00,2019-11-30 20:30:44+00:00,1,['cart'],579816886,1,1,1,874.93,0.0,0,1,0,True,False,False,0,874.93,0.0,0,0,0,0,0.0,High Priority
6008b396-a000-477a-bcbe-0384c89118bb,2019-11-30 20:36:28+00:00,2019-11-30 20:36:28+00:00,1,['cart'],513253765,1,1,1,256.38,0.0,0,1,0,True,False,False,0,256.38,0.0,0,0,0,0,0.0,High Priority
db612c3c-5bce-4a60-a804-0208bfe5a27c,2019-11-30 20:51:08+00:00,2019-11-30 20:51:08+00:00,1,['cart'],518372846,1,1,1,994.34,0.0,0,1,0,True,False,False,0,994.34,0.0,0,0,0,0,0.0,High Priority
8e8952dd-ac6b-4013-a3cb-5d706a2b1b52,2019-11-30 20:53:22+00:00,2019-11-30 20:53:22+00:00,1,['cart'],561335611,1,1,1,59.18,0.0,0,1,0,True,False,False,0,59.18,0.0,0,0,0,0,0.0,High Priority
9bbd65ff-6374-458b-a090-005d7fced31b,2019-11-30 20:54:16+00:00,2019-11-30 20:54:16+00:00,1,['cart'],562508096,1,1,1,38.61,0.0,0,1,0,True,False,False,0,38.61,0.0,0,0,0,0,0.0,High Priority
355b25e8-88bc-4c17-a5fe-327eeb64c7f5,2019-11-30 21:04:07+00:00,2019-11-30 21:04:07+00:00,1,['cart'],525532202,1,1,1,485.13,0.0,0,1,0,True,False,False,0,485.13,0.0,0,0,0,0,0.0,High Priority
2b749150-bf73-4ef3-8ae9-78b80d49cac2,2019-11-30 21:12:36+00:00,2019-11-30 21:12:36+00:00,1,['cart'],567013398,1,1,1,167.03,0.0,0,1,0,True,False,False,0,167.03,0.0,0,0,0,0,0.0,High Priority
861fcf7e-efbd-4862-8a03-71670ad6bf4e,2019-11-30 21:15:06+00:00,2019-11-30 21:15:06+00:00,1,['cart'],572365997,1,1,1,563.66,0.0,0,1,0,True,False,False,0,563.66,0.0,0,0,0,0,0.0,High Priority
4cf99a8a-bb11-4f04-a34c-7fc3d7cd5aa3,2019-11-30 21:45:13+00:00,2019-11-30 21:45:13+00:00,1,['cart'],561504041,1,1,1,191.54,0.0,0,1,0,True,False,False,0,191.54,0.0,0,0,0,0,0.0,High Priority
8c5d31f8-2843-4da2-bc6d-f4855fa3c792,2019-11-30 21:57:48+00:00,2019-11-30 21:57:48+00:00,1,['cart'],579930869,1,1,1,141.57,0.0,0,1,0,True,False,False,0,141.57,0.0,0,0,0,0,0.0,High Priority
42bf37c5-edbd-451d-9dca-2ad50e083dc6,2019-11-30 22:26:02+00:00,2019-11-30 22:26:02+00:00,1,['cart'],560576945,1,1,0,33.42,0.0,0,1,0,True,False,False,0,33.42,0.0,0,0,0,0,0.0,High Priority
37a28493-981c-436f-890b-1d7606393591,2019-11-30 23:01:56+00:00,2019-11-30 23:01:56+00:00,1,['cart'],522961455,1,1,1,33.21,0.0,0,1,0,True,False,False,0,33.21,0.0,0,0,0,0,0.0,High Priority
a362db6e-323d-4a57-bd25-5fff6bf20906,2019-11-30 23:10:57+00:00,2019-11-30 23:10:57+00:00,1,['cart'],514765241,1,1,1,56.29,0.0,0,1,0,True,False,False,0,56.29,0.0,0,0,0,0,0.0,High Priority
68cc738d-6edb-49bf-b635-22d0e3c6e468,2019-11-30 23:14:27+00:00,2019-11-30 23:14:27+00:00,1,['cart'],516623932,1,1,1,384.54,0.0,0,1,0,True,False,False,0,384.54,0.0,0,0,0,0,0.0,High Priority
b6b2dd8f-84e8-4ebd-ad7b-f53d1010c78a,2019-11-30 23:27:49+00:00,2019-11-30 23:27:49+00:00,1,['cart'],525804068,1,1,1,124.11,0.0,0,1,0,True,False,False,0,124.11,0.0,0,0,0,0,0.0,High Priority
b7da229f-5ea5-4d55-bcbf-7040a3e78bc6,2019-11-30 23:43:11+00:00,2019-11-30 23:43:11+00:00,1,['cart'],551735015,1,1,1,912.5,0.0,0,1,0,True,False,False,0,912.5,0.0,0,0,0,0,0.0,High Priority
